time,ang,vel,acc,x,y,yaw,carv,alHori,roll
1.39,-0.021091643,-0.602542626,24.62223672,19.89945771,-9.967963869,0.000865984,10.50438928,-0.151029561,-0.000966932
1.49,-0.039713213,0.004241395,1.775803104,20.94903421,-9.967662574,0.001443869,10.48723181,-0.0368355,-0.000830109
1.59,-0.049184998,0.075139543,0.770644701,22.00113045,-9.967850949,0.000872406,10.60004814,-0.057541493,-8.04E-05
1.69,-0.046005931,0.050938258,-0.649701539,23.07451317,-9.968605984,-0.000412238,10.86603306,-0.083913049,-0.000216759
1.79,-0.036125657,0.046553603,0.534691612,24.17465059,-9.970228178,-0.001719374,11.13428896,-0.114063266,-0.000705431
1.89,-0.023318847,0.086295966,0.028369089,25.30162825,-9.973001027,-0.002681786,11.40261922,-0.097604869,-0.000887501
1.99,-0.010438569,0.058592152,-0.519935407,26.45540039,-9.976812063,-0.003316189,11.67007617,-0.057202035,-0.000555644
2.09,0.001136021,-0.00516789,-0.84703889,27.63584807,-9.981274188,-0.003664841,11.93585583,-0.002948188,-0.000112822
2.19,0.010568398,-0.099352269,-0.1178338,28.83787431,-9.985870682,-0.003704928,12.08904093,0.034040369,0.000199024
2.29,0.016742466,-0.091774939,-0.023165939,30.05375001,-9.990174404,-0.003397323,12.22774108,0.070516581,0.000380816
2.39,0.019463822,-0.089932899,0.0267602,31.28359084,-9.993841026,-0.00285996,12.36804579,0.086232182,0.000563232
2.49,0.019111513,-0.082290151,0.074264094,32.52754463,-9.996692678,-0.002226373,12.50993063,0.090787373,0.00064299
2.59,0.016544674,-0.069791762,0.147373458,33.78574972,-9.998678048,-0.001593788,12.65290726,0.081658038,0.000611283
2.69,0.012672612,-0.052130264,0.187517105,35.05827974,-9.999872506,-0.001023213,12.79629585,0.064438399,0.000501742
2.79,0.008266452,-0.033541843,0.183449649,36.34513947,-10.00043415,-0.000546341,12.93935738,0.045580126,0.000362267
2.89,0.003909737,-0.017546675,0.161255354,37.64625639,-10.00054195,-0.00017451,13.08131356,0.028654287,0.000235707
2.99,-1.31E-05,-0.003561722,0.126145163,38.96148105,-10.00035964,9.50E-05,13.22143184,0.015458291,0.000145508
3.09,-0.003287155,0.005383604,0.071572551,40.29060643,-10.00001615,0.000272099,13.35930388,0.006352295,7.81E-05
3.19,-0.005801533,0.00976236,0.036400252,41.63339406,-9.999603221,0.000371677,13.4946583,-0.000607076,2.85E-05
3.29,-0.007553481,0.01105639,0.002687415,42.98957979,-9.999189999,0.000412078,13.62724848,-0.005389211,-8.87E-06
3.39,-0.008619648,0.009107739,-0.033142665,44.35887245,-9.998824873,0.000412115,13.75676783,-0.008066239,-3.47E-05
3.49,-0.009128294,0.003594952,-0.072549818,45.74094628,-9.998535784,0.000389066,13.88284373,-0.008985431,-4.63E-05
3.59,-0.009236375,-0.072364166,0.07630211,47.13196236,-9.998348301,0.000373996,13.90621388,-0.017334008,-7.31E-05
3.69,-0.009244261,-0.042890183,-0.020366525,48.52127407,-9.998302378,0.000453045,13.8809509,-0.000829094,-0.000125451
3.79,-0.009728848,-0.0632732,-0.201498004,49.90811514,-9.998275429,0.000594754,13.85598535,0.008447441,-3.39E-06
3.89,-0.010873159,-0.0571509,0.254867707,51.29244296,-9.998161408,0.000755367,13.83094416,0.01788966,0.000111945
3.99,-0.012433128,-0.029227077,0.120542261,52.67431822,-9.997877071,0.000900836,13.807025,0.01923469,0.000133488
4.09,-0.014078799,-0.030458097,-0.040095635,54.05386991,-9.997409349,0.001002476,13.78446772,0.011381761,9.00E-05
4.19,-0.015559697,-0.033161613,-0.002387383,55.43122874,-9.996830306,0.00105273,13.76309969,0.001548862,1.33E-05
4.29,-0.016730312,-0.035751159,-0.082522737,56.80649496,-9.996234654,0.001060454,13.74253571,-0.006032657,-5.08E-05
4.39,-0.017550449,-0.075735521,-0.690489696,58.17973005,-9.995696198,0.00103806,13.72241996,-0.009684861,-7.82E-05
4.49,-0.018028404,-0.170069544,-0.894421722,59.55096967,-9.995252303,0.000993558,13.70264334,-0.010198963,-8.36E-05
4.59,-0.011443168,-0.319491654,-1.999542012,60.92025671,-9.994894914,0.000939099,13.68340105,0.006479024,-6.27E-05
4.69,0.002437735,-0.56283685,-2.618977914,62.28765594,-9.994456804,0.000963732,13.6649074,0.043530033,0.000100289
4.79,0.013306511,-0.748330272,-1.274637427,63.65324817,-9.993584484,0.001223818,13.6472668,0.080609544,0.000424922
4.89,0.010987121,-0.755856054,0.718367143,65.0171205,-9.991928534,0.001754553,13.63051769,0.091209902,0.000664442
4.99,-0.010571838,-0.533393958,3.39470645,66.37936113,-9.989415917,0.002346366,13.61464114,0.042618594,0.000536653
5.09,-0.055407844,0.02219839,7.386583102,67.74005419,-9.986555945,0.002602094,13.5995529,-0.088614925,-9.75E-05
5.19,-0.118628883,0.98740839,11.53160977,69.0992754,-9.984650884,0.00202981,13.58515104,-0.292270959,-0.001273536
5.29,-0.181871536,3.059962592,33.11910126,70.4570888,-9.985685198,0.000166613,13.57137628,-0.511709853,-0.002795243
5.39,-0.221024025,5.278283064,21.69218557,71.81354406,-9.991782697,-0.003144767,13.55828327,-0.670122761,-0.00412456
5.49,-0.222003024,8.726646,2.22E-11,73.16868621,-10.00445185,-0.007533112,13.54605389,-0.693998562,-0.004649814
5.59,-0.178299669,8.726646,0,74.52257538,-10.02391825,-0.012169873,13.53483122,-0.566871645,-0.004055556
5.69,-0.096374275,8.726646,-4.97E-11,75.87530354,-10.04889189,-0.016099284,13.52461449,-0.287662865,-0.002514251
5.79,0.015843827,8.726646,0,77.22700287,-10.07662611,-0.018395155,13.51528658,0.092398108,-0.000159883
5.89,0.149141293,8.726646,0,78.57783245,-10.10335308,-0.018274364,13.50689528,0.535424969,0.002678454
5.99,0.294826779,8.726646,-6.13E-11,79.92798083,-10.12468384,-0.015206266,13.49972494,1.005846073,0.005716387
6.09,0.442532589,8.726646,0,81.27758062,-10.13595437,-0.00889547,13.49349651,1.468966788,0.008809283
6.19,0.579422804,5.899212696,-52.359876,82.62663647,-10.1325734,0.000757291,13.48802815,1.88409124,0.01179575
6.29,0.69061924,6.211353617,52.359876,83.97500098,-10.11042259,0.0135653,13.48330793,2.237591256,0.014272163
6.39,0.761769374,8.726646,2.83E-10,85.32238556,-10.06599298,0.029074937,13.47955988,2.49607864,0.016354845
6.49,0.781200498,8.726646,-2.83E-10,86.66842138,-9.996778723,0.046679953,13.47739164,2.594383259,0.017692237
6.59,0.740914348,8.726646,0,88.01277916,-9.901836828,0.065277968,13.47747702,2.522002329,0.017630869
6.69,0.637961859,8.726646,2.83E-10,89.35529082,-9.781954523,0.083485108,13.48031527,2.227157514,0.016158909
6.79,0.459461151,-1.675516032,-52.359876,90.69610754,-9.640167361,0.099766377,13.48611872,1.649083902,0.012941504
6.89,0.215358436,-4.367983249,34.28542224,92.03582734,-9.482115011,0.112295959,13.49440292,0.862189986,0.007752603
6.99,-0.068508405,0.534454904,29.40829794,93.37543164,-9.315526201,0.119563413,13.50404186,-0.085177273,0.001520975
7.09,-0.371715284,1.98918404,7.088425189,94.71610979,-9.149762827,0.120656205,13.51345524,-1.132669688,-0.005015252
7.19,-0.664682365,2.548599893,5.298943223,96.05898032,-8.995093072,0.114856482,13.52125344,-2.114525591,-0.011756679
7.29,-0.911029958,0,0,97.40475024,-8.861232866,0.101954447,13.52693626,-2.928836155,-0.017829465
7.39,-1.069881096,0,0,98.75356071,-8.756259949,0.082727753,13.53132527,-3.483090081,-0.0224137
7.49,-1.042751619,0,0,100.1050773,-8.685582681,0.058974954,13.53715864,-3.566572124,-0.024563001
7.59,-0.781129808,0,0,101.4587953,-8.649909215,0.033942086,13.54812027,-2.980677277,-0.022726082
7.69,-0.402827971,-4.411537577,-52.359876,102.8143817,-8.643464374,0.01245254,13.56466966,-1.81119039,-0.015975701
7.79,-0.589616782,-8.130478607,33.64600243,104.1717062,-8.656149964,-0.001696211,13.5826667,-1.771946463,-0.007898072
7.89,-0.871042679,-6.656428084,26.24499446,105.5304257,-8.686759159,-0.013746066,13.59797504,-2.218381279,-0.010489888
7.99,-0.987416356,-5.055935733,7.121259634,106.889775,-8.740008447,-0.03155882,13.60982533,-2.863430804,-0.018306395
8.09,-0.955676962,-6.336722032,-18.75068298,108.2488658,-8.821725151,-0.05449097,13.62176574,-3.315989568,-0.022582724
8.19,-0.813466033,-8.726646,1.22E-10,109.6069464,-8.935947707,-0.078034104,13.6367581,-3.107628326,-0.022532865
8.29,-0.609601197,-8.726646,0,110.9638062,-9.080833766,-0.099053671,13.65541606,-2.413281607,-0.01861812
8.39,-0.390517014,-8.726646,-1.22E-10,112.3199201,-9.24972086,-0.115798804,13.67658131,-1.504709969,-0.012365437
8.49,-0.190410053,-8.726646,-1.22E-10,113.6762507,-9.433835494,-0.127400616,13.69864886,-0.641132177,-0.005838466
8.59,-0.044618136,-8.726646,1.22E-10,115.0338557,-9.624807846,-0.133964482,13.72045458,-0.015800115,-0.000703596
8.69,0.044014399,-8.726646,1.07E-11,116.393538,-9.816491865,-0.136521892,13.74181371,0.319697327,0.002019676
8.79,0.094001724,-8.726646,0,117.75573,-10.0055134,-0.136452406,13.76281613,0.429825535,0.002769819
8.89,0.138204594,-7.49817914,52.359876,119.12056,-10.19062445,-0.13481717,13.78344286,0.478562377,0.002718188
8.99,0.196145668,-2.83723499,32.8581774,120.4880576,-10.37118556,-0.132033587,13.80360728,0.61055617,0.003129345
9.09,0.260170361,-1.567390203,-14.42635387,121.8583183,-10.54588847,-0.127904432,13.82317522,0.808093928,0.004575606
9.19,0.338485758,-3.774873601,-10.32550293,123.231492,-10.71274907,-0.122263678,13.84203795,1.070415676,0.00628544
9.29,0.441886152,-3.49376298,11.59722078,124.6077475,-10.86914985,-0.115089308,13.85994302,1.391962103,0.008059752
9.39,0.579628093,-2.018566407,15.76102052,125.9872225,-11.01183245,-0.105953471,13.87641935,1.787627413,0.010407634
9.49,0.750939455,-0.648101183,10.8425901,127.369971,-11.13676949,-0.094067082,13.8908609,2.293095073,0.013584773
9.59,0.920833362,0.062639682,3.935136355,128.7558991,-11.23891743,-0.078661176,13.90265087,2.841090438,0.017520892
9.69,1.01329777,0.444952869,5.421683199,130.1446684,-11.31292104,-0.05948606,13.91233113,3.223759407,0.021245125
9.79,0.900398363,1.915406452,33.89925597,131.5357308,-11.35522095,-0.037563254,13.92269261,3.08325472,0.022669345
9.89,0.757174681,6.911926525,52.359876,132.9285749,-11.36689238,-0.015849885,13.93568399,2.705785812,0.019810685
9.99,0.919141596,7.410241776,-21.33261925,134.3227017,-11.35107073,0.003400288,13.94824064,2.867661719,0.016592066
10.09,1.063671989,6.24774287,-12.66389507,135.7172724,-11.30658221,0.022809242,13.95716151,3.127233341,0.019208258
10.19,1.053208877,5.888869138,6.475697832,137.1112565,-11.23075348,0.0454785,13.96421234,3.304912477,0.022982738
10.29,0.923332441,7.371781344,22.68209284,138.5038312,-11.12215863,0.069865383,13.97265733,3.199722115,0.02308497
10.39,0.716269845,8.726646,1.07E-11,139.894575,-10.98207023,0.092560429,13.9836545,2.626790791,0.019963283
10.49,0.471218778,8.726646,1.22E-10,141.283681,-10.81599942,0.111162357,13.99654509,1.770181152,0.014477425
10.59,0.239080123,8.726646,-1.22E-10,142.6718956,-10.63222501,0.124541867,14.00982734,0.892147413,0.007890808
10.69,0.056913042,8.726646,-1.22E-10,144.060179,-10.43929974,0.1327157,14.02232064,0.173753941,0.002096827
10.79,-0.071203963,8.726646,0,145.4493651,-10.24428138,0.136493607,14.03351438,-0.3029871,-0.001582582
10.89,-0.14344239,8.726646,1.22E-10,146.8399845,-10.05188102,0.136927315,14.04353928,-0.517601084,-0.003260858
10.99,-0.177692975,8.05210952,-23.10898403,148.2322253,-9.86433496,0.135111371,14.05256044,-0.570276446,-0.003617444
11.09,-0.225706458,3.161999391,-29.59057669,149.6260697,-9.682379262,0.131982162,14.06062174,-0.673385137,-0.003659031
11.19,-0.276356349,0.390705927,10.39129098,151.0215201,-9.507032767,0.127714294,14.06763431,-0.821703222,-0.004687077
11.29,-0.329888849,0.914852246,32.86315555,152.4186202,-9.339825064,0.122107143,14.07357488,-1.021516884,-0.006201952
11.39,-0.398117345,3.200460642,5.353129599,153.8174331,-9.182723855,0.115224377,14.0783846,-1.259884392,-0.007527127
11.49,-0.492862001,2.569016197,-13.71393129,155.2180112,-9.038146023,0.107007988,14.08182863,-1.552605695,-0.009048791
11.59,-0.622231465,1.004216314,-15.16817335,156.6203621,-8.909090937,0.09685654,14.08348997,-1.947335841,-0.011376436
11.69,-0.774597468,-0.266012215,-9.387990388,158.0244197,-8.799528426,0.083932588,14.08285592,-2.442497956,-0.014567081
11.79,-0.908065991,-0.972812412,-5.563099552,159.429971,-8.714319337,0.06766914,14.07980976,-2.907509124,-0.01812333
11.89,-0.940046977,-1.743853265,-11.96156461,160.8365812,-8.657940404,0.048220572,14.07546902,-3.116577577,-0.020806546
11.99,-0.839323848,-5.045140746,-51.38920504,162.2436855,-8.632393226,0.026990832,14.07207577,-2.941687064,-0.020926589
12.09,-0.809154699,-7.051914702,-10.5841463,163.6507567,-8.636307671,0.006297773,14.06980343,-2.791808498,-0.018527163
12.19,-0.961993264,-7.978569055,11.3569239,165.0571981,-8.668419378,-0.013250001,14.06622929,-3.023895383,-0.017677968
12.29,-1.02545242,-6.830394937,3.679196262,166.4621209,-8.730641639,-0.034011769,14.06010034,-3.194101123,-0.020609714
12.39,-0.954713346,-7.504815104,-15.90088604,167.8646371,-8.824674349,-0.057063339,14.05398398,-3.194163302,-0.022362853
12.49,-0.785423295,-8.726646,-1.22E-10,169.2641726,-8.950181761,-0.080184807,14.04991995,-2.855492102,-0.020647799
12.59,-0.559741699,-8.726646,1.22E-10,170.660638,-9.103685138,-0.100531555,14.04822889,-2.118619206,-0.016443029
12.69,-0.326121804,-8.726646,1.22E-10,172.0545707,-9.278064465,-0.116130847,14.0479129,-1.222700108,-0.010440691
12.79,-0.134783361,-8.726646,0,173.4469076,-9.464635247,-0.126194757,14.04763832,-0.420161745,-0.004139618
12.89,0.000659491,-8.726646,-1.07E-11,174.8385946,-9.655552395,-0.13125307,14.0466499,0.152861657,0.000524433
12.99,0.075582922,-8.726646,-1.07E-11,176.2303143,-9.84521507,-0.132654752,14.044953,0.424036908,0.002783141
13.09,0.107645682,-8.726646,1.07E-11,177.6223771,-10.03085634,-0.131785822,14.04272998,0.4680198,0.003144279
13.19,0.123454127,-4.856830729,52.359876,179.0147969,-10.21189338,-0.129710958,14.04001656,0.448338958,0.002707206
13.29,0.163524586,-0.264827447,47.95946326,180.4075054,-10.38836311,-0.126936554,14.03683004,0.525621892,0.002730192
13.39,0.225223388,-0.675751608,-40.27147389,181.8005329,-10.55948576,-0.123293081,14.03310382,0.704682786,0.003859586
13.49,0.307013276,-3.432588815,-9.052890472,183.1940107,-10.72349026,-0.118427606,14.02877647,0.967419645,0.005508307
13.59,0.41622109,-3.081279168,11.69392493,184.588125,-10.87776423,-0.112068557,14.02367107,1.30911472,0.007418828
13.69,0.561273741,-1.633295517,15.18739577,185.9830614,-11.01888471,-0.103646235,14.01739975,1.732851526,0.009985611
13.79,0.739936548,-0.342928977,9.741650862,187.3789356,-11.14257975,-0.092331047,14.0094132,2.269457604,0.013374712
13.89,0.919195244,0.257633773,2.721770058,188.7757191,-11.24354177,-0.077364355,13.99918108,2.845566116,0.017443488
13.99,1.014149498,0.528959674,4.693127279,190.1731285,-11.31620401,-0.058467343,13.98725794,3.228651371,0.021275523
14.09,0.894281168,2.114135584,40.17746165,191.5706632,-11.35704191,-0.036663655,13.97658986,3.064964379,0.022641977
14.19,0.687143849,7.220141646,52.359876,192.9678784,-11.36752401,-0.015096772,13.96941013,2.528054292,0.019348596
14.29,0.855397755,8.444979748,-35.96218352,194.3644114,-11.35213864,0.003333911,13.96278441,2.677142375,0.014937567
14.39,1.028327978,7.048252006,-12.92934995,195.7595739,-11.31005439,0.02134216,13.95317379,2.970903162,0.01754307
14.49,1.033664968,6.68455111,6.883806669,197.1524479,-11.23821378,0.042941749,13.94201475,3.200248302,0.022209782
14.59,0.922708389,8.095561661,20.66611781,198.5422771,-11.1347089,0.066848774,13.93258872,3.192877177,0.022855207
14.69,0.731416034,8.726646,-1.07E-11,199.9286363,-10.99996806,0.089493262,13.92623027,2.683597214,0.020165031
14.79,0.496625121,8.726646,0,201.3116979,-10.83887309,0.108401131,13.92259418,1.864079412,0.015035091
14.89,0.268369766,8.726646,1.22E-10,202.6922134,-10.6593522,0.122351374,13.92038744,1.006480764,0.008636623
14.99,0.084844685,8.726646,1.22E-10,204.0711858,-10.46976596,0.131199941,13.91849062,0.288071719,0.002892043
15.09,-0.047130276,8.726646,-1.22E-10,205.4495363,-10.2771666,0.135623767,13.91629815,-0.206494421,-0.000914942
15.19,-0.122779918,8.726646,-1.22E-10,206.8279081,-10.08641276,0.136627345,13.91388539,-0.443005437,-0.002766874
15.29,-0.158485978,8.726646,0,208.2066169,-9.899928657,0.13529823,13.91143029,-0.508532177,-0.003235746
15.39,-0.183991402,3.798838971,-52.359876,209.5857536,-9.718493547,0.132635619,13.90901704,-0.550914097,-0.003194412
15.49,-0.229872526,-0.366367767,-46.92794932,210.9653676,-9.542616174,0.129090768,13.90660172,-0.6701042,-0.003689436
15.59,-0.289080994,0.832713154,40.51152665,212.3455759,-9.373487855,0.124480612,13.90406601,-0.862970199,-0.005016022
15.69,-0.369499108,3.306139893,6.414325078,213.7265522,-9.213026281,0.118534701,13.901301,-1.131533289,-0.006562979
15.79,-0.487625756,2.873778722,-10.70675561,215.1084988,-9.06393607,0.110973759,13.89798943,-1.509013485,-0.008480298
15.89,-0.633637626,1.633797698,-12.0347638,216.4916076,-8.929968676,0.101024618,13.89361857,-1.96762415,-0.011415151
15.99,-0.793773814,0.651773777,-7.125110551,217.8759675,-8.815724641,0.087806873,13.88773101,-2.501158298,-0.014995279
16.09,-0.930580962,0.117441172,-4.333970865,219.2614808,-8.726422418,0.070922206,13.88027934,-2.980516106,-0.018603201
16.19,-0.955625247,-0.58362223,-11.79738913,220.6477959,-8.666664762,0.05070111,13.87249439,-3.173285247,-0.021215512
16.29,-0.753912848,-3.401737067,-52.359876,222.0344322,-8.638108247,0.028824919,13.86736702,-2.760228135,-0.020876699
16.39,-0.73769285,-7.93978576,52.359876,223.4210247,-8.637419028,0.008661023,13.86478715,-2.586220046,-0.016690173
16.49,-0.930537746,-6.945507999,26.24195856,224.8070957,-8.66280002,-0.00937442,13.86118311,-2.832487576,-0.015764368
16.59,-1.01795349,-5.916926155,4.204451872,226.1918565,-8.716514225,-0.029190175,13.85517693,-3.080091255,-0.019724224
16.69,-0.96460618,-6.360470614,-12.38808714,227.5744699,-8.800966398,-0.052223504,13.8494817,-3.215578646,-0.022231995
16.79,-0.804579236,-8.410376956,-28.43627762,228.9543443,-8.91704579,-0.075765945,13.8465064,-2.948430147,-0.02115461
16.89,-0.583313524,-8.726646,2.04E-11,230.3313537,-9.062050239,-0.096684491,13.84672506,-2.24425325,-0.017303864
16.99,-0.351164431,-8.726646,-2.04E-11,231.7060085,-9.229189401,-0.11293423,13.84916614,-1.348527185,-0.011343658
17.09,-0.156477418,-8.726646,0,233.0792626,-9.409787001,-0.123646538,13.85241235,-0.519457829,-0.004900882
17.19,-0.018250722,-8.726646,-2.04E-11,234.4521266,-9.595767634,-0.129261515,13.85557317,0.081813231,1.78E-05
17.29,0.056044682,-8.726646,0,235.8253623,-9.781268612,-0.131106752,13.85855144,0.367471488,0.002468107
17.39,0.08363096,-7.520992557,52.359876,237.1993486,-9.963393151,-0.130650637,13.86151482,0.406184142,0.002829327
17.49,0.098349966,-2.772702051,52.359876,238.574149,-10.14157953,-0.129027502,13.86445069,0.384045042,0.002344995
17.59,0.12562197,0.824181956,52.359876,239.9497344,-10.31594254,-0.126720047,13.8673697,0.421398101,0.002308559
17.69,0.171703634,1.70968978,-43.60632512,241.326142,-10.48606857,-0.123687366,13.87022774,0.558990442,0.003096532
17.79,0.235454043,-2.654532197,-25.92104486,242.7035053,-10.65064175,-0.11972468,13.87294502,0.753598066,0.004351671
17.89,0.328516296,-3.349645432,6.277600706,244.0820075,-10.8076798,-0.114638244,13.87535648,1.03619551,0.005768103
17.99,0.463714008,-2.128095578,15.17925962,245.4618615,-10.9543509,-0.107882243,13.87708792,1.423118604,0.007908056
18.09,0.644828078,-0.70667673,11.67537089,246.8432698,-11.08673961,-0.098500621,13.87751695,1.953272381,0.011114312
18.19,0.851846159,0.055431832,3.077456029,248.2263508,-11.19956252,-0.085471183,13.87584435,2.596339441,0.015388691
18.29,1.021517504,0.079768206,-1.335606964,249.610996,-11.28651659,-0.068094771,13.87174365,3.182602505,0.020090903
18.39,1.015551585,0.443862203,12.08072724,250.9967873,-11.34203854,-0.046659992,13.86724597,3.347152477,0.023395543
18.49,0.774123056,3.92035488,52.359876,252.3832143,-11.36467173,-0.023568732,13.86635034,2.847382481,0.022363292
18.59,0.784452213,7.792370273,-7.913052086,253.7699153,-11.35851808,-0.002904103,13.86809829,2.673922049,0.017119427
18.69,0.963374534,6.779131646,-12.30470132,255.1563502,-11.32550746,0.015382217,13.86834315,2.840540883,0.016254265
18.79,1.024621702,5.934852407,-0.654331214,256.5416989,-11.26398177,0.035557997,13.86624287,3.046635102,0.020086687
18.89,0.9535417,6.695235784,15.23414711,257.9251509,-11.17206329,0.058628955,13.86459483,3.144552508,0.022175902
18.99,0.784809069,8.726646,2.04E-11,259.3061605,-11.04922123,0.081663696,13.86555881,2.826622589,0.020827197
19.09,0.564321897,8.726646,0,260.6846708,-10.89859899,0.101683772,13.86934794,2.118871926,0.016672774
19.19,0.337705692,8.726646,2.04E-11,262.0612159,-10.72699599,0.117039202,13.87486436,1.281046135,0.010696749
19.29,0.144570669,8.726646,0,263.4366936,-10.54255251,0.127351978,13.88086437,0.520496477,0.004719275
19.39,-0.001184172,8.726646,-2.04E-11,264.8120311,-10.35270876,0.133142917,13.88654353,-0.043510408,0.000300249
19.49,-0.089216363,8.726646,2.42E-10,266.1879333,-10.16298639,0.13530384,13.89176629,-0.345172168,-0.002099241
19.59,-0.132693788,8.726646,0,267.5647792,-9.976437701,0.134877902,13.89667702,-0.445673351,-0.002854388
19.69,-0.162824766,6.171363889,-37.97177926,268.9426827,-9.794176082,0.132917871,13.90136529,-0.485329687,-0.002817539
19.79,-0.210422886,1.491112255,-24.94428399,270.321676,-9.616732117,0.129995822,13.90580869,-0.601757424,-0.003163521
19.89,-0.266118813,-0.335058474,23.12512708,271.7018548,-9.44526329,0.125951689,13.90989916,-0.785984354,-0.004481059
19.99,-0.333986957,2.752232651,23.06230603,273.0833713,-9.281600812,0.120520693,13.91356446,-1.025798541,-0.006093268
20.09,-0.424895884,0,0,274.4663979,-9.128144074,0.113642694,13.91662288,-1.340778334,-0.007681333
20.19,-0.547289768,0,0,275.851098,-8.988036716,0.104871351,13.91867276,-1.718261436,-0.010023669
20.29,-0.698472392,0,0,277.2375619,-8.865133949,0.093403834,13.91922209,-2.200366605,-0.013049059
20.39,-0.852433829,0,0,278.6257519,-8.764190264,0.078625592,13.91787629,-2.711429743,-0.016506917
20.49,-0.953224232,-0.380997767,-8.324793411,280.0154127,-8.690199227,0.060357851,13.91501535,-3.086637434,-0.019776534
20.59,-0.884293128,-1.78925731,-26.28640245,281.4060709,-8.646682475,0.039346499,13.91267425,-3.038742221,-0.02135179
20.69,-0.700718023,-6.554822021,-52.359876,282.7972549,-8.633223775,0.018016522,13.91315258,-2.594978942,-0.019298132
20.79,-0.836856607,-8.23535285,18.34724074,284.1885759,-8.646229234,-0.000920252,13.91432225,-2.726773925,-0.015646326
20.89,-0.99894272,-6.161549629,12.85583026,285.5793532,-8.686445327,-0.019395789,13.91281687,-2.99279247,-0.017655098
20.99,-1.011170221,-5.817341478,-5.639820655,286.9686786,-8.756638725,-0.040948053,13.90968222,-3.189868103,-0.021608774
21.09,-0.902355558,-7.102189,-19.94613457,288.3557832,-8.85846469,-0.064654686,13.90798223,-3.16033198,-0.022176655
21.19,-0.709988225,-8.726646,-2.04E-11,289.7402343,-8.991318972,-0.087248273,13.90910101,-2.664137849,-0.019652659
21.29,-0.480910211,-8.726646,0,291.1221768,-9.150397769,-0.106174577,13.9127507,-1.845278803,-0.014758563
21.39,-0.256507062,-8.726646,2.04E-11,292.502341,-9.327763497,-0.119971629,13.91761936,-0.949111459,-0.008395067
21.49,-0.084005769,-8.726646,-2.04E-11,293.8817398,-9.514727719,-0.12829427,13.92248667,-0.206571123,-0.002381774
21.59,0.021569319,-8.726646,0,295.2612811,-9.704047359,-0.131999552,13.92681433,0.247784422,0.001489882
21.69,0.082194642,-8.726646,-2.04E-11,296.6415316,-9.891211725,-0.132621011,13.93075258,0.433025599,0.002848147
21.79,0.108074764,-8.726646,0,298.0227071,-10.07431281,-0.131441184,13.93435755,0.433989245,0.002823551
21.89,0.129908367,-4.106244647,40.28244743,299.4047887,-10.25314985,-0.129257694,13.93764471,0.439777023,0.002474286
21.99,0.172956673,0.353627805,39.1747939,300.787748,-10.42758252,-0.126347539,13.94060361,0.546743032,0.002843055
22.09,0.231506267,-0.527386129,-42.3794054,302.1716627,-10.59654665,-0.122480628,13.94314352,0.733964549,0.004178538
22.19,0.31488125,-3.13544714,-7.276654091,303.556684,-10.75817991,-0.117400284,13.9451845,1.000842616,0.005740264
22.29,0.434372905,-2.658760724,12.29096511,304.9430026,-10.9098179,-0.110833241,13.94644771,1.35713251,0.007621912
22.39,0.603306274,-1.254740717,13.27929215,306.3308046,-11.04784682,-0.102031491,13.9463763,1.838269747,0.010426285
22.49,0.79907924,-0.254369776,6.179798542,307.7202039,-11.16745748,-0.089934718,13.94423481,2.433622876,0.014350203
22.59,0.97214113,0.04004752,0.735779991,309.1111324,-11.2627803,-0.073742511,13.93962549,3.018865211,0.018833348
22.69,1.021514824,0.346802428,7.976945123,310.503236,-11.32819873,-0.053528243,13.9338179,3.306355514,0.022417437
22.79,0.819547815,2.83786422,52.359876,311.8959933,-11.36114682,-0.031030294,13.9304659,2.924900731,0.022582087
22.89,0.784780058,8.033731725,43.23486509,313.2889896,-11.36463742,-0.009967686,13.92985654,2.714684131,0.018137358
22.99,0.973148454,7.038135252,0.740378259,314.6816857,-11.34076924,0.008792465,13.92799932,2.922547415,0.016599758
23.09,1.063038298,5.55515048,-5.461895334,316.0732268,-11.28765499,0.029052856,13.92333125,3.150770872,0.020380528
23.19,1.007367107,5.911830572,12.29264151,317.4627113,-11.20307984,0.052495018,13.91861535,3.272762667,0.023046364
23.29,0.84299111,7.978651692,28.5257487,318.8495046,-11.08628619,0.076473827,13.91644867,3.00118211,0.021959816
23.39,0.616660031,8.726646,-2.04E-11,320.2334497,-10.94003184,0.09774687,13.91732047,2.299800732,0.017930293
23.49,0.37563693,8.726646,2.04E-11,321.6150146,-10.77106128,0.114344761,13.92015689,1.426026184,0.011883884
23.59,0.163882154,8.726646,0,322.9950975,-10.58787088,0.125626932,13.92358491,0.604087163,0.005514453
23.69,0.002522802,8.726646,2.04E-11,324.3746807,-10.39849097,0.132003469,13.92668697,-0.026496394,0.000530413
23.79,-0.093232934,8.726646,0,325.7545422,-10.20908262,0.134400192,13.92923117,-0.372955546,-0.002305046
23.89,-0.136130833,8.726646,-2.42E-10,327.1351104,-10.02312511,0.13398516,13.93143457,-0.478152791,-0.003179169
23.99,-0.159285175,7.37177624,-28.80775711,328.5165027,-9.841781807,0.131972913,13.93341364,-0.484836235,-0.002972547
24.09,-0.190071932,2.417255334,-52.359876,329.8987085,-9.665264712,0.129123362,13.93517354,-0.540097095,-0.002921323
24.19,-0.234566931,-0.311189927,6.190413608,331.2817587,-9.494159609,0.125451043,13.93665777,-0.676142696,-0.003787403
24.29,-0.292090343,2.732698747,28.73488936,332.6657582,-9.329805317,0.12069749,13.9377762,-0.875926069,-0.005154651
24.39,-0.373413819,3.609245886,-5.666269431,334.0508574,-9.174204384,0.114738169,13.9383964,-1.150107913,-0.006572311
24.49,-0.489607433,2.417330159,-15.15408232,335.4372229,-9.030114433,0.107187436,13.93817654,-1.514290989,-0.008554332
24.59,-0.642104685,0.962552955,-12.41459889,336.8249938,-8.901214359,0.097193437,13.93659398,-1.994960181,-0.011511592
24.69,-0.814806208,-0.285516073,-1.693444211,338.214217,-8.792299039,0.083848218,13.93306214,-2.56580318,-0.01527939
24.79,-0.954313058,-0.429039954,-1.627632012,339.6047408,-8.708932846,0.066650117,13.92755134,-3.057304269,-0.019190776
24.89,-0.952865057,-1.048112124,-13.15101096,340.9961508,-8.655815475,0.046008109,13.92170846,-3.198185324,-0.021766692
24.99,-0.769463349,-4.563848052,-52.359876,342.3879367,-8.63422249,0.023941964,13.91847194,-2.813423247,-0.020948731
25.09,-0.782273122,-8.266843758,22.12128791,343.7796912,-8.64102369,0.003618612,13.91716369,-2.694978708,-0.01705024
25.19,-0.947574024,-6.657791156,17.91157961,345.1708647,-8.674908621,-0.015043507,13.91450194,-2.897997248,-0.016696595
25.29,-0.99828746,-5.934555263,-1.227643429,346.5606377,-8.737780282,-0.035467424,13.90977338,-3.080195465,-0.020125027
25.39,-0.91900488,-6.909259913,-17.3932397,347.9482195,-8.831327893,-0.058371511,13.90569263,-3.111979732,-0.021714674
25.49,-0.750879231,-8.726646,-2.04E-11,349.3331112,-8.955500627,-0.081052054,13.90412964,-2.765275012,-0.020009891
25.59,-0.532338899,-8.726646,0,350.71529,-9.106817487,-0.100730713,13.90522165,-2.034007228,-0.015872903
25.69,-0.308155979,-8.726646,-2.04E-11,352.0953343,-9.278226372,-0.115672894,13.90795487,-1.161319544,-0.009940522
25.79,-0.127026193,-8.726646,0,353.4741913,-9.461269311,-0.125241957,13.91106285,-0.390605795,-0.003823257
25.89,-0.007797236,-8.726646,2.04E-11,354.8527935,-9.648434651,-0.130033185,13.91382196,0.130615211,0.00054113
25.99,0.060618198,-8.726646,-2.04E-11,356.2317913,-9.834599492,-0.131453435,13.91626017,0.36979837,0.002431389
26.09,0.089475075,-4.278960678,33.91396824,357.6114845,-10.01731082,-0.130827588,13.91846572,0.412950017,0.002710695
26.19,0.100417874,-0.138692346,38.6203039,358.9919135,-10.19601786,-0.128998768,13.92046087,0.392647112,0.002524375
26.29,0.115596169,2.507903848,52.359876,360.3730359,-10.370812,-0.126481143,13.92229344,0.419592939,0.002520428
26.39,0.155146651,1.13044367,-52.359876,361.7548613,-10.54139056,-0.123468306,13.92394366,0.525213801,0.003009583
26.49,0.243747254,-2.340690846,-12.16830272,363.1374818,-10.70667099,-0.11979819,13.92527245,0.760776839,0.00400046
26.59,0.377794483,-2.110920284,11.4285642,364.5210994,-10.86428003,-0.11479607,13.92591738,1.145856444,0.006004814
26.69,0.561656566,-0.782077456,12.31105821,365.9059884,-11.0103357,-0.107317925,13.92530541,1.695303999,0.009315254
26.79,0.782785331,0.002192827,2.267543623,367.2924007,-11.13938391,-0.096203197,13.9226027,2.377789479,0.013763463
26.89,0.996298341,-0.385774584,-9.49316609,368.6803968,-11.24468525,-0.080556479,13.91704219,3.074902613,0.018871322
26.99,1.10079315,-1.482486467,-9.864570429,370.0696825,-11.31949397,-0.060183701,13.90949342,3.508874517,0.02330825
27.09,1.007350955,-1.747235529,10.90502229,371.4596793,-11.35967016,-0.03644648,13.90334915,3.421177437,0.024730409
27.19,0.690455397,0.796466528,43.65566786,372.8498576,-11.36627808,-0.01272105,13.90187861,2.619750386,0.021336744
27.29,0.845879233,1.884366962,-33.42883144,374.2399214,-11.34587797,0.006871608,13.90211766,2.671827303,0.014773044
27.39,1.027004007,-3.161381165,-52.359876,375.6291999,-11.29893254,0.024621056,13.89925395,2.872400965,0.016272804
27.49,1.018081053,-6.151586575,-25.1877637,377.0168006,-11.22311063,0.045659842,13.89474582,3.025831274,0.020937006
27.59,0.835649397,-7.974715141,-7.62711488,378.4020792,-11.1173938,0.068866314,13.89244324,2.871109006,0.021079025
27.69,0.545437913,-7.784557832,10.07118749,379.7849028,-10.98370588,0.089632255,13.89377159,2.084645073,0.016725448
27.79,0.204433998,-6.195621695,21.84448534,381.1658786,-10.82961935,0.104497155,13.89734612,0.904015356,0.00913541
27.89,-0.136984532,-3.487909082,32.25242281,382.5462067,-10.66660117,0.112062628,13.90081326,-0.380913762,2.80E-05
27.99,-0.427004362,-0.191305301,33.88576628,383.9272069,-10.5071952,0.112152162,13.90222926,-1.493350883,-0.008309475
28.09,-0.62812941,2.777272144,24.48993259,385.3098242,-10.3622839,0.105326676,13.90153828,-2.208536485,-0.014034565
28.19,-0.730553702,3.989344698,-2.136342595,386.6944032,-10.23902326,0.093001625,13.89987502,-2.532930175,-0.016740207
28.29,-0.745757729,4.164112765,2.542168266,388.0808233,-10.14074265,0.077203254,13.89861887,-2.554056549,-0.017145321
28.39,-0.694235557,4.143093107,-2.350295548,389.4687352,-10.06774586,0.060047337,13.89848524,-2.357352352,-0.016098548
28.49,-0.597481213,3.742453034,-5.441758937,390.8577365,-10.01815638,0.043383975,13.89965596,-2.018696359,-0.014056831
28.59,-0.476523662,3.077707506,-7.801398481,392.2474914,-9.988646305,0.028581657,13.90197517,-1.587612529,-0.01132199
28.69,-0.350143661,2.2663895,-8.405198429,393.6377691,-9.974970897,0.016473902,13.90504382,-1.125682266,-0.008209022
28.79,-0.232535351,1.449310908,-8.186728159,395.0284404,-9.972569948,0.00738188,13.90841685,-0.689843096,-0.005129637
28.89,-0.133121099,0.698070148,-7.274819923,396.4194434,-9.977131178,0.001193267,13.91173779,-0.325428947,-0.002514156
28.99,-0.056309328,0.072885258,-5.514037705,397.8107554,-9.98504239,-0.002484452,13.91488147,-0.062426135,-0.000617919
29.09,-0.002520767,-0.348026256,-3.540005645,399.2023665,-9.993671168,-0.004166555,13.91780799,0.10216516,0.000567777
29.19,0.030239876,-0.633164683,-2.301216499,400.5942645,-10.0013522,-0.004391824,13.92051522,0.190568765,0.001196775
29.29,0.045418478,-0.737845713,-0.199102081,401.9864316,-10.00718248,-0.003667126,13.92301479,0.223361326,0.001458422
29.39,0.04721172,-0.684085883,0.967375656,403.3788464,-10.01081709,-0.002434572,13.92532593,0.218211063,0.001466759
29.49,0.039916606,-0.54992039,1.537840275,404.7714871,-10.01229566,-0.001041629,13.92745408,0.187239862,0.001297802
29.59,0.027407554,-0.382738035,1.732762168,406.1643323,-10.01191644,0.000267363,13.92940327,0.141626547,0.001008037
29.69,0.012850361,-0.215631912,1.585700642,407.5573624,-10.01012743,0.001343198,13.93117373,0.089848172,0.000665119
29.79,-0.001357217,-0.076052575,1.283317475,408.9505588,-10.00743825,0.00211306,13.93275944,0.040356291,0.000330129
29.89,-0.013597419,0.02749866,0.868539274,410.3439033,-10.0043381,0.002561855,13.93415301,-0.000887742,4.45E-05
29.99,-0.022946591,0.089156909,0.510898464,411.7373772,-10.0012368,0.002717164,13.93534774,-0.031291738,-0.000172664
30.09,-0.029083378,0.120886773,0.213996403,413.1309611,-9.998438009,0.002634235,13.93634579,-0.050567712,-0.000316416
30.19,-0.032155743,0.124270244,-0.041394568,414.5246362,-9.996135136,0.002381406,13.93715457,-0.059503698,-0.000390591
30.29,-0.032642238,0.109140917,-0.18335267,415.9183838,-9.994419028,0.002029379,13.93778205,-0.059776986,-0.000404876
30.39,-0.031191797,0.085516538,-0.241164209,417.3121858,-9.993294478,0.001641642,13.93823441,-0.053645288,-0.000373563
30.49,-0.028494846,0.059703147,-0.252823334,418.7060248,-9.992702549,0.001268678,13.93851746,-0.043608122,-0.000310522
30.59,-0.025190851,0.035262643,-0.234069966,420.0998839,-9.992544731,0.000945638,13.93863747,-0.031709332,-0.000232185
30.69,-0.021795864,0.013710799,-0.205838401,421.493747,-9.992703859,0.000692158,13.93859962,-0.019830903,-0.00015304
30.79,-0.018700953,-0.003843371,-0.162804664,422.8875985,-9.993062438,0.000514909,13.93840839,-0.009301036,-8.16E-05
30.89,-0.016164035,-0.01612909,-0.106360777,424.2814234,-9.99351586,0.000411012,13.93806882,-0.000855752,-2.30E-05
30.99,-0.014308454,-0.022984297,-0.055900113,425.675207,-9.993980004,0.000370592,13.93758714,0.005183998,2.03E-05
31.09,-0.013145144,-0.025545453,-0.017241524,427.0689356,-9.994394499,0.000379362,13.93697087,0.008836961,4.79E-05
31.19,-0.012603815,-0.024972631,0.010900673,428.4625962,-9.99472258,0.000421548,13.93622807,0.010380222,6.12E-05
31.29,-0.012564358,-0.02228639,0.030164668,429.8561764,-9.994948448,0.000482224,13.93536665,0.010234633,6.27E-05
31.39,-0.012885,-0.018364446,0.040564304,431.2496649,-9.995073086,0.000548791,13.93439442,0.008920498,5.57E-05
31.49,-0.013424354,-0.014076613,0.041991754,432.6430508,-9.995109177,0.00061167,13.93331894,0.006940162,4.32E-05
31.59,-0.014057065,-0.010042203,0.038694708,434.0363243,-9.995076162,0.000664504,13.93214795,0.004692625,2.83E-05
31.69,-0.014683562,-0.00662627,0.032056274,435.4294763,-9.994996185,0.000703967,13.93088926,0.002525094,1.36E-05
31.79,-0.015233561,-0.004047551,0.023073433,436.8224982,-9.994890698,0.000729226,13.92955069,0.000675476,7.25E-07
31.89,-0.015665565,-0.002397133,0.014421693,438.2153826,-9.994778078,0.000741312,13.92814012,-0.000737142,-9.28E-06
31.99,-0.015963433,-0.001547668,0.006973753,439.6081227,-9.994672406,0.000742483,13.92666549,-0.001673769,-1.62E-05
32.09,-0.01613107,-0.001361119,0.000790602,441.0007123,-9.994583067,0.000735624,13.92513473,-0.002161874,-2.01E-05
32.19,-0.016186246,-0.00163778,-0.00331444,442.3931464,-9.994515002,0.000723731,13.92355568,-0.002274456,-2.14E-05
32.29,-0.016154584,-0.002194996,-0.006099687,443.7854205,-9.994469421,0.000709525,13.9219361,-0.002106978,-2.07E-05
32.39,-0.016064278,-0.002912714,-0.006938588,445.1775309,-9.994444734,0.00069522,13.92028349,-0.001755385,-1.87E-05
32.49,-0.015942059,-0.003629078,-0.006945567,446.5694747,-9.994437507,0.000682411,13.91860516,-0.001311144,-1.58E-05
32.59,-0.015810625,-0.00425804,-0.005950225,447.9612497,-9.994443366,0.000672072,13.91690823,-0.000848587,-1.27E-05
32.69,-0.015687205,-0.004767609,-0.004780002,449.3528543,-9.99445774,0.000664616,13.91519966,-0.00042479,-9.83E-06
32.79,-0.015583171,-0.005101455,-0.003210134,450.7442877,-9.994476429,0.00066001,13.91348618,-7.89E-05,-7.39E-06
32.89,-0.015504435,-0.005299357,-0.001614134,452.1355498,-9.994495989,0.00065791,13.91177428,0.000172328,-5.58E-06
32.99,-0.015452307,-0.005351424,-0.000252183,453.5266411,-9.994513911,0.000657783,13.91007021,0.000327975,-4.40E-06
33.09,-0.015424647,-0.005299151,0.000711189,454.9175626,-9.994528632,0.000659022,13.90837993,0.000398181,-3.80E-06
33.19,-0.015417077,-0.005177792,0.001272905,456.3083161,-9.994539433,0.000661034,13.90670915,0.000400516,-3.71E-06
33.29,-0.015424098,-0.005019775,0.0016208,457.6989036,-9.994546278,0.000663305,13.90506327,0.000351749,-3.99E-06
33.39,-0.015440112,-0.004840928,0.001770345,459.0893281,-9.994549634,0.00066544,13.90344745,0.000273309,-4.49E-06
33.49,-0.015460025,-0.004671312,0.001612425,460.4795927,-9.994550269,0.000667169,13.90186651,0.00018323,-5.08E-06
33.59,-0.015479692,-0.004525838,0.001372548,461.8697012,-9.994549072,0.000668339,13.90032492,9.49E-05,-5.66E-06
33.69,-0.015496146,-0.004411088,0.001068158,463.2596576,-9.994546917,0.000668908,13.89882687,1.81E-05,-6.18E-06
33.79,-0.015507592,-0.004326791,0.000781905,464.6494666,-9.994544566,0.000668916,13.89737622,-4.16E-05,-6.58E-06
33.89,-0.015513307,-0.00427139,0.000493514,466.0391331,-9.994542613,0.000668455,13.89597651,-8.18E-05,-6.86E-06
33.99,-0.015513384,-0.004240915,0.000259168,467.4286624,-9.994541461,0.000667646,13.89463097,-0.000103113,-7.02E-06
34.09,-0.01550853,-0.004229664,8.14E-05,468.8180599,-9.994541324,0.000666613,13.89334252,-0.000108345,-7.06E-06
34.19,-0.015499803,-0.004231044,-2.98E-05,470.2073316,-9.99454226,0.000665472,13.89211375,-0.000101354,-7.01E-06
34.29,-0.015488392,-0.004239176,-8.63E-05,471.5964835,-9.994544201,0.000664321,13.89094692,-8.63E-05,-6.91E-06
34.39,-0.015475438,-0.004249285,-9.83E-05,472.985522,-9.994547,0.000663229,13.88984399,-6.69E-05,-6.77E-06
34.49,-0.015461925,-0.004258048,-8.16E-05,474.3744534,-9.994550467,0.000662243,13.88880659,-4.66E-05,-6.62E-06
34.59,-0.015448641,-0.004263003,-3.86E-05,475.7632845,-9.994554401,0.000661384,13.88783606,-2.76E-05,-6.49E-06
34.69,-0.015436121,-0.004263017,7.68E-06,477.152022,-9.994558613,0.000660654,13.88693346,-1.17E-05,-6.36E-06
34.79,-0.015424662,-0.004258108,5.45E-05,478.5406726,-9.994562945,0.000660042,13.88609952,3.70E-07,-6.27E-06
34.89,-0.015414359,-0.004249039,9.34E-05,479.9292434,-9.994567276,0.000659528,13.88533474,8.42E-06,-6.20E-06
34.99,-0.015405145,-0.004236807,0.000123002,481.3177412,-9.994571526,0.000659088,13.88463932,1.33E-05,-6.16E-06
35.09,-0.015396893,-0.004222895,0.000138202,482.7061729,-9.994575646,0.000658699,13.88401318,1.50E-05,-6.15E-06
35.19,-0.015389419,-0.004207334,0.000156392,484.0945455,-9.994579618,0.000658342,13.88345603,1.42E-05,-6.16E-06
35.29,-0.015382521,-0.004191173,0.000154972,485.4828659,-9.994583449,0.000658001,13.88296729,1.21E-05,-6.17E-06
35.39,-0.015375987,-0.004176185,0.000140114,486.8711408,-9.994587159,0.000657663,13.8825462,9.59E-06,-6.19E-06
35.49,-0.015369671,-0.004162777,0.000126124,488.2593769,-9.994590772,0.000657325,13.88219173,7.01E-06,-6.21E-06
35.59,-0.015363462,-0.004150951,0.000109847,489.647581,-9.994594315,0.000656982,13.88190269,4.81E-06,-6.23E-06
35.69,-0.015357293,-0.004140555,9.39E-05,491.0357594,-9.99459781,0.000656638,13.88167765,3.13E-06,-6.24E-06
35.79,-0.015351142,-0.004131819,8.43E-05,492.4239184,-9.994601272,0.000656297,13.88151505,1.88E-06,-6.24E-06
35.89,-0.015345016,-0.004124253,6.36E-05,493.8120643,-9.994604715,0.000655962,13.8814131,1.96E-06,-6.23E-06
35.99,-0.01533894,-0.004118921,4.36E-05,495.2002029,-9.994608137,0.000655641,13.88136992,2.78E-06,-6.21E-06
36.09,-0.015332981,-0.004114658,3.83E-05,496.5883401,-9.99461153,0.000655337,13.88138342,3.88E-06,-6.19E-06
36.19,-0.015327209,-0.004110682,3.51E-05,497.9764814,-9.994614885,0.000655055,13.88145143,5.22E-06,-6.18E-06
