0,1,2,3,4,5,6,7,8,9,10,11,12,13,14,15,16,17,18,19,20,21
0.0016824863008593205,-5.648333434304523e-08,5.648333434304523e-08,13.88888888888889,0.0,0.0,0.00017486455797018703,-0.0014950710010810963,0.0017942015114353884,-0.0012790418056234643,0.0,0.0,-0.001682486300859318,9.503243625056e-11,2.008317513699138,-1.134364695932703e-07,4.008317513699135,-2.264031382793607e-07,5.998317513699132,-3.3880497362202063e-07,7.998317513699129,-4.5177164230811104e-07
0.000558031844898829,-4.2451398503894596e-06,4.2451398503894596e-06,13.886591913904189,0.12398155331611635,-0.4222806479253497,0.0007010026543296853,-0.0011057865000717133,0.009377894412746291,0.006268973837701355,0.00045371551241514026,0.00045371551241514026,-0.000558031773443634,2.8239784614690776e-07,1.9994419682085358,-8.207881854606512e-06,3.9994419681905145,-1.669816155535993e-05,6.009441968172402,-2.523089265461711e-05,8.00944196815438,-3.372117235537053e-05
0.0005858232523498658,-1.7450845158338205e-05,1.7450845158338205e-05,13.884817052800216,0.06563314050436023,-0.5997324111625951,0.0006308594291767127,-0.001347314561582194,0.006801980589539644,0.003692190489227843,0.00028966506138468015,0.00028966506138468015,0.0005858056621465241,-4.539734667017292e-06,2.0005858053576144,-3.944142498192226e-05,4.000585805053083,-7.434311529682722e-05,6.0005858047485505,-0.00010924480561173219,8.000585804444018,-0.00014414649592663716
0.001748974567268739,-4.10009516046857e-05,4.10009516046857e-05,13.882737233792263,-0.05575367063283916,-0.5934951397559924,0.00015829566845784976,-0.0018050741114382077,-0.0034769130492852567,-0.006597674656623816,-0.00017611774360832443,-0.00017611774360832443,0.0017488396822284377,-2.1721022443954817e-05,2.0117488379927453,-0.00010413293514628295,4.001748836320073,-0.00018572482881674713,6.0017488346389944,-0.0002677267320031433,8.001748832957917,-0.0003497286351895394
0.0029327577206463133,-7.357664218494277e-05,7.357664218494277e-05,13.880804061553006,-0.00586137771606441,-0.4332511214720707,0.0003097825841687447,-0.0016869110488199326,0.0010475314700857715,-0.002035438581073449,-4.3658177049799945e-05,-4.3658177049799945e-05,0.0029323878282506185,-4.6577599102793896e-05,2.0029323824147287,-0.00019373088333990988,4.002932377001207,-0.0003408841675770258,6.012932371560615,-0.0004887732182353272,8.012932366147092,-0.0006359265024724432
0.004135414743313262,-0.00011208641887748608,0.00011208641887748608,13.878878248809869,-0.13867697417736052,-0.22169279867215155,-0.00014596360723312304,-0.0021479442931832543,-0.005407526419728271,-0.008518090709560935,-0.0005027813075582623,-0.0005027813075582623,0.004134756219748176,-7.379771315199461e-05,2.0041347436563828,-0.0002979705504375725,4.004134731093017,-0.0005221433877231504,6.004134718529651,-0.0007463162250087284,8.004134705966287,-0.0009704890622943063
0.004643935394090824,-0.00015173044012021874,0.00015173044012021874,13.876885767511206,-0.2856427252292632,0.11834667218241295,-0.0007296181872589151,-0.002724620291976646,-0.018822053453169757,-0.02208119618142156,-0.0010823913363200298,-0.0010823913363200298,-0.004642963170266989,-9.502075580533186e-05,1.9953570138076067,-0.00039848163488138353,3.99535699078548,-0.0007019425139574352,5.995356967763355,-0.001005403393033487,7.9953569447412285,-0.0013088642721095385
0.003402503929058497,-0.0001839676120144417,0.0001839676120144417,13.874943168255456,-0.23349447548389418,0.6277896506826636,-0.0005979061586347107,-0.0025972321972014068,-0.012571814962576828,-0.015761867234117755,-0.0009502235532354697,-0.0009502235532354697,-0.003401260853103223,-9.196519127391426e-05,1.996598705302815,-0.00045990041322739274,3.996598671458733,-0.0008278356351808711,6.006598637445428,-0.0011976105332441166,8.006598603601347,-0.001565545755197595
0.0021395601127964067,-0.00019998154471731857,0.00019998154471731857,13.87283671899123,-0.34102523624896963,1.090956428551059,-0.0009606796733103678,-0.002958171712791852,-0.016299531377701404,-0.019602017458502482,-0.001309599840970603,-0.001309599840970603,-0.0021390792016911524,-4.536127381055255e-05,1.9978608808056908,-0.0004453243605792612,3.9978608408130727,-0.0008452874473479698,5.997860800820455,-0.0012452505341166784,7.9978607608278365,-0.001645213620885387
0.0008584629103649824,-0.00019249567619664357,0.00019249567619664357,13.870869076552179,-0.198520669341087,1.4629871720637497,-0.0004900538620247198,-0.0024915209219649286,-0.014042411943617609,-0.017312203375440496,-0.000840592643803879,-0.000840592643803879,-0.0008564850428056564,5.824036334458268e-05,1.9991434779026092,-0.0003267509866710887,3.999143440848025,-0.0007117423366867602,5.99914340379344,-0.0010967336867024316,7.9991433667388545,-0.0014817250367181029
0.0005025567582151504,-0.0001573964616416542,0.0001573964616416542,13.868777603449052,-0.15908905416727034,1.5327272509024756,-0.00028564670100415264,-0.0022929329851424747,-0.002913191095212973,-0.006107260492191168,-0.0006415994526342607,-0.0006415994526342607,0.0004463634687127877,0.00023091762389737463,2.000446338695067,-8.387529808617238e-05,4.010446313797553,-0.00040024218467963723,6.010446289023905,-0.000715035106663184,8.01044626425026,-0.001029828028646731
0.0018307266446342086,-9.325907614869352e-05,9.325907614869352e-05,13.866850060793764,-0.015689907968044037,1.4837354035480443,0.00024827621669275046,-0.0017667508326588022,0.0006172499788160886,-0.0025463847806777994,-0.00011774954593743864,-0.00011774954593743864,0.001769597688535577,0.00046913118432179564,2.00176958899128,0.00028261303229477463,4.001769580294025,9.609488026775356e-05,6.001769571596769,-9.04232717592675e-05,8.001769562899515,-0.00027694142378628856
0.0032040631364755284,-5.3900197564232845e-06,5.3900197564232845e-06,13.864899794930377,-0.0071058852598068776,1.0599333029504474,0.00034888576758182135,-0.0016753168560551149,0.004575702040586608,0.001423214719302339,-3.111512626431064e-05,-3.111512626431064e-05,0.0031120191559016797,0.0007624679375700964,2.00311201912685,0.000751687898057302,4.003112019097798,0.0007409078585445077,6.0031120190687455,0.0007301278190317133,8.003112019039694,0.0007193477795189189
0.004606049490873656,0.0001028585623790613,-0.0001028585623790613,13.862965273084823,-0.04421038683503846,0.855456890350089,0.00023626472853776183,-0.0017996111024984347,-0.0008986027736712467,-0.004063440091390701,-0.00015765026345674515,-0.00015765026345674515,0.004473956619937506,0.001095173080063071,2.004473946040054,0.0013008902044584498,4.014473935407271,0.0015076359144758054,6.014473924827385,0.001713353038871184,8.014473914247501,0.0019190701632665627
0.004392288455888515,0.000226242277188926,-0.000226242277188926,13.86099311189804,0.07155665103346137,0.5540946665548852,0.0006361090411570062,-0.0014105967754294354,0.007182087771032298,0.004039649243295694,0.00023260968056538106,0.00023260968056538106,-0.004144588903634298,0.001454159791633287,1.995855359910798,0.001906644342151026,3.99585530872523,0.0023591288926687647,5.995855257539662,0.0028116134431865037,7.995855206354094,0.0032640979937042427
0.0032977598150242043,0.00035991784088219104,-0.00035991784088219104,13.859093208542445,0.024457556940615535,0.335450044436993,0.0005219927434400844,-0.0015341932254474377,0.00534437085278959,0.002244467548600095,0.00011270631459735776,0.00011270631459735776,-0.002743809175090311,0.0018294072833239465,1.9972560612840589,0.0025492429495469738,3.9972559317432093,0.0032690786157700017,5.997255802202359,0.003988914281993029,7.997255672661508,0.004708749948216057
0.002572147306430221,0.0004986595084320683,-0.0004986595084320683,13.857091847833967,0.004613879509270542,0.0761332107552664,0.00043600705001035277,-0.0016282995910879652,0.0006943258030048583,-0.0023798864208913304,2.540006379455835e-05,2.540006379455835e-05,-0.0013237913528856716,0.002205338572646242,1.9986759599858142,0.0032026575481779373,4.008675710081206,0.004204963118587291,6.008675461419906,0.005202282094118987,8.008675212758606,0.006199601069650682
0.0025793087180144454,0.0006386217682991936,-0.0006386217682991936,13.85453519789493,-0.05322277229279248,-0.03017869392008679,9.584270306035823e-05,-0.001724507739813124,-0.0004824294757050897,-0.003532532512473976,-0.0001817994674584801,-0.0001817994674584801,0.0001174840460406012,0.002576631708597729,2.0001170762082916,0.0038538751583780933,4.000116668370542,0.005131118608158458,6.000116260532794,0.006408362057938823,8.000115852695044,0.007685605507719188
0.003354781689894998,0.0007793651787652455,-0.0007793651787652455,13.845652574231032,-0.08117613550275532,-0.04930073872509706,-0.0009683780242036699,-0.0009256728834076801,-0.004279477460265038,-0.007337029144022224,-0.0002957678683610186,-0.0002957678683610186,0.00161329743106194,0.0029413995964138713,2.0016126900210107,0.0045001297961462785,4.0016120826109605,0.006058859995878686,6.001611475200909,0.007617590195611092,8.001610867790859,0.0091763203953435
0.004628276969633458,0.0009191315418011359,-0.0009191315418011359,13.829376043625759,0.017129846848547837,-0.09306710298977511,-0.0017243685987927007,0.00048200311857083387,0.0030543135545887936,5.351048386200276e-05,2.6697715439303072e-05,2.6697715439303072e-05,0.0032420802000630794,0.003303008277918541,2.0032412353973315,0.005141271102692527,4.013240386370584,0.006988725241590381,6.013239541567852,0.008826988066364366,8.01323869676512,0.010665250891138352
0.006153258148763425,0.00105687697502132,-0.00105687697502132,13.81159191459503,-0.037527126632630484,-0.1223460277825979,-0.0023716016869164626,0.0008455879811447307,0.0002928555477735331,-0.0027184432071622544,-0.00011305969088915309,-0.00011305969088915309,-0.004953341212188233,0.0036506159317245494,1.9950455417989754,0.0057643694882605805,3.9950444248101395,0.007878123044796612,5.9950433078213035,0.009991876601332644,7.995042190832467,0.012105630157868674
0.004988758368774094,0.0011901979394508579,-0.0011901979394508579,13.795119363705318,0.07576157692819846,-0.2095772320884202,-0.0021394824579506286,0.0012381844720345651,0.004320100602998978,0.00130676151090937,0.00021936778553704726,0.00021936778553704726,-0.0029783756807492483,0.004002122982410087,1.997020207748283,0.006382518299311827,3.997018791177316,0.008762913616213567,5.997017374606348,0.011143308933115308,7.99701595803538,0.013523704250017048
0.004427622964972715,0.0013145053184283697,-0.0013145053184283697,13.778767270803074,0.15117037240415834,-0.3748063796090991,-0.0019445877640720762,0.0015049924332379556,0.013070933612733104,0.009992233773736061,0.00047178089427212487,0.00047178089427212487,-0.0008404713602334337,0.004347120082604245,2.009157792076162,0.006989275011737859,4.009156064152179,0.0096182848914728,6.009154336228195,0.012247294771207739,8.00915260830421,0.014876304650942678
0.004897974363991776,0.0014241885882514426,-0.0014241885882514426,13.762189877460154,0.19101840946823387,-0.6014634260629864,-0.0018765337184315388,0.0016470536080775105,0.012392165128959404,0.009275263087684529,0.0005915809233913077,0.0005915809233913077,0.0014624330861586808,0.004674552635154409,2.001460404773366,0.007522928848757252,4.001458376460574,0.010371305062360095,6.001456348147782,0.013219681275962939,8.00145431983499,0.01606805748956578
0.006339564574915498,0.0015115612409673466,-0.0015115612409673466,13.745724459357339,0.11727468017488754,-0.8622880294639432,-0.0021137839864537205,0.0014376869375184315,0.008899408833000643,0.005763541143120996,0.000379161188429827,0.000379161188429827,0.0039307738388270775,0.004973841174335601,2.003928489021878,0.007996962505056627,4.0039262042049275,0.011020083835777652,6.003923919387978,0.014043205166498676,8.003921634571029,0.0170663264972197
0.0062526282020814875,0.0015734421466818823,-0.0015734421466818823,13.72932642003116,0.16788291726261423,-0.9085151907622927,-0.0020412092368508284,0.0015390076362745942,0.010475142857917334,0.007295409241436675,0.00047567579574646417,0.00047567579574646417,-0.0034368619866113914,0.005223345586733696,1.9965606622937104,0.008370228581630126,3.9965581865740325,0.011517111576526556,5.996555710854354,0.014663994571422983,7.996553235134676,0.01781087756631941
0.005488129588429851,0.001604672913291025,-0.001604672913291025,13.712810370059762,0.30666164550930325,-1.0914426954917724,-0.0017230406791225623,0.0018953824381111903,0.020697933228953632,0.017352605869958595,0.0008198329736164963,0.0008198329736164963,-0.0006396296106922498,0.005450728422928892,1.9993577954147015,0.008660072872180156,3.9993552204400955,0.01186941732143142,5.99935264546549,0.015078761770682684,7.999350070490883,0.018288106219933948
0.006086897859260136,0.0015991704075801504,-0.0015991704075801504,13.698488985305152,0.34829567167908,-1.3134081008305254,-0.0013848694076822716,0.0017445168145754546,0.022132745788290477,0.018710967069257244,0.0009259066334294484,0.0009259066334294484,0.002316356282508283,0.00562892699557829,2.002313798937062,0.00882726644752809,4.002311241591614,0.012025605899477886,6.002308684246167,0.015223945351427685,8.00230612690072,0.018422284803377483
0.007369810619644699,0.0015483575308433866,-0.0015483575308433866,13.694785639402854,0.3359860958531505,-1.6270340172514481,4.2509924012243384e-05,0.00022797008907316776,0.020763997480838636,0.017275154245266187,0.0008951100294720407,0.0008951100294720407,-0.004637822884337956,0.005727539389907237,1.9953597797050977,0.008824253214244343,3.995357382294533,0.011920967038581452,5.995354984883969,0.015017680862918558,7.995352587473405,0.018114394687255665
0.0059892967965745085,0.0014463139064876105,-0.0014463139064876105,13.700849080548188,0.32179247830063185,-1.7376221911902785,0.001979595067342072,-0.0016374460384938215,0.019807574728620207,0.016230250952602044,0.0008705471546356233,0.0008705471546356233,-0.0016125134660356336,0.00576814324018669,1.9983853947104129,0.00866077004468401,3.9983833028868614,0.01155339684918133,5.99838121106331,0.014446023653678652,7.998379119239758,0.01733865045817597
0.005878026924376968,0.0012898115645443833,-0.0012898115645443833,13.712823166622018,0.2143610039725906,-1.804159648561869,0.0033104109181853977,-0.003168477152019521,0.012915917778458436,0.00937390301304273,0.0006253343412841048,0.0006253343412841048,0.0013179455852266896,0.0057283697469770615,2.011316273653518,0.008320890272885614,4.011314610039877,0.01090051268672497,6.011312946426235,0.013480135100564325,8.011311282812596,0.01605975751440368
0.006956643715824514,0.001079115992934058,-0.001079115992934058,13.726267297951402,0.3398019561544068,-1.6469869197626148,0.004382400886013594,-0.0034313408119732514,0.018618693548831035,0.01496383502279648,0.0009417509239904771,0.0009417509239904771,0.0041157545928376515,0.005608516374270157,2.0041145901016244,0.00776674794126456,4.004113425610411,0.009924979508258963,6.0041122611191975,0.012083211075253364,8.004111096627984,0.014241442642247765
0.006282233607284612,0.0008145021354452773,-0.0008145021354452773,13.737897995216557,0.32948268000036574,-1.5831244890809324,0.004531862381421743,-0.003458654697727701,0.022010412415089362,0.018274665042711462,0.0009795909411055132,0.0009795909411055132,-0.0032096729884730484,0.005400412799366612,1.996789663597835,0.007029416890139873,3.996789000184143,0.008658420980913134,5.996788336770451,0.010287425071686396,7.996787673356759,0.011916429162459656
0.005158469217979997,0.000496398226970732,-0.000496398226970732,13.749911124777949,0.2564593607559811,-1.5051262390803886,0.004503348030152025,-0.003714304646930012,0.014109163431830331,0.010483616781265314,0.0008048680540515569,0.0008048680540515569,-0.0006518684758454296,0.005117115609701047,2.0093478838809027,0.0061148760049356595,4.009347637469708,0.00710767241810443,6.009347391058514,0.008100468831273201,8.009347144647318,0.00909326524444197
0.005072933289521667,0.00012667216477189175,-0.00012667216477189175,13.762425101065318,0.2249230088666092,-1.3798807384974285,0.00456621516985032,-0.003869179281408121,0.01393343620182261,0.010319947467976397,0.000716913607939797,0.000716913607939797,0.0017827774779751323,0.00474935328481276,2.0017827614321377,0.005002697613679023,4.001782745386301,0.005256041942545286,6.001782729340463,0.005509386271411549,8.001782713294626,0.0057627306002778125
0.005937668380342062,-0.00028940796606156927,0.00028940796606156927,13.774747484304106,0.3526084156706942,-1.1942235663564549,0.005010312140047411,-0.003482803969359658,0.021395428462533107,0.017684158341397485,0.0010990860496330399,0.0010990860496330399,0.004092992777296202,0.004301548084110538,2.004092909020327,0.003722732160067377,4.004092825263356,0.0031439162360242167,6.004092741506386,0.0025651003119810563,8.004092657749416,0.0019862843879378963
0.005302132597316733,-0.0007511794128296011,0.0007511794128296011,13.787006251636997,0.42524188030511223,-1.177258108968181,0.0053660678035943946,-0.0031893603578360035,0.026852352040422592,0.023000263769905268,0.0013893380606230636,0.0013893380606230636,-0.003718907183402492,0.0037791982536995897,2.0062805257247605,0.002269327775907999,4.006279961454276,0.0007669690915382567,6.006279397183793,-0.0007353895928314856,8.006278832913308,-0.0022377482772012285
0.0035690309773818464,-0.0012588116588051186,0.0012588116588051186,13.79943368977012,0.4131650386378177,-1.1719782372647802,0.0054589897195337165,-0.003144286112614395,0.024823666958456832,0.021006034930968934,0.0014152876977916633,0.0014152876977916633,-0.00165507321274853,0.0031620744421903602,1.9983433421806684,0.0006444517894872385,3.998341757574085,-0.0018731708632158833,5.998340172967502,-0.004390793515919006,7.998338588360921,-0.006908416168622129
0.002460694921190572,-0.0018130466877041265,0.0018130466877041265,13.810715746505188,0.5493214694783102,-1.2058680982394143,0.005848960843541219,-0.0025438824701548447,0.033329250532693706,0.02926416831892467,0.0018747175446096455,0.0018747175446096455,0.0002895620905751469,0.002443598430772705,2.000286274953184,-0.0011824929580574774,4.000282987815792,-0.004808584346887659,6.0002797006784006,-0.008434675735717842,8.010276397105322,-0.012078897581492174
0.0026688432008309137,-0.0024155650129719032,0.0024155650129719032,13.820840666842251,0.44866234045475795,-1.2566309266506803,0.005438357908759596,-0.0025590283753677764,0.028183600493985786,0.02425030985813802,0.0016397103543137534,0.0016397103543137534,0.002128182516375124,0.0016104543481939018,2.0021223475648804,-0.0032206709795140967,4.002116512613386,-0.008051796307222095,6.002110677661892,-0.012882921634930093,8.002104842710397,-0.01771404696263809
0.003923748535997019,-0.003065414923305763,0.003065414923305763,13.83011187847758,0.300235876254738,-1.256634650441678,0.004792670189961588,-0.002862765679439931,0.015934700212889334,0.012246964952829113,0.0011479041810826523,0.0011479041810826523,0.003869484346822568,0.0006503025937468415,2.003860087585529,-0.005480517651204244,4.003850690824235,-0.011611337896155328,6.0038412940629415,-0.017742158141106412,8.003831897301646,-0.023872978386057498
0.004498001745865539,-0.003757596460963622,0.003757596460963622,13.839175931657003,0.24353749137371822,-1.203264168964434,0.004472314697249341,-0.0029395864825704754,0.014669480382793306,0.011086109328915562,0.0009244686180919083,0.0009244686180919083,-0.00448053119515919,-0.00039605544436959676,1.9955053492902908,-0.00791123068114255,3.995491229775741,-0.015426405917915503,5.995477110261191,-0.022941581154688456,8.005462920149068,-0.030494332267645273
0.003326874305256889,-0.00448309649937322,0.00448309649937322,13.848281254250736,0.2897229490801693,-1.131067338876356,0.004592069605200836,-0.002683223317368838,0.017079790038414797,0.013537524298554409,0.0010767509260233296,0.0010767509260233296,-0.002923085799609307,-0.0015886038055792663,1.9970568160798294,-0.010554766770367608,3.9970367179592676,-0.01952092973515595,5.997016619838707,-0.02848709269994429,7.996996521718145,-0.03745325566473263
0.003238506107604477,-0.005236319472733231,0.005236319472733231,13.857341621914667,0.43696799855679297,-1.1320904565154655,0.005166226450737993,-0.0020648095534005033,0.026989928543481242,0.023277788386296988,0.0016227246251355805,0.0016227246251355805,-0.0014574219731876299,-0.0028920309474591336,1.9985151590478423,-0.01336462203470402,3.998487740068872,-0.02383721312194891,5.998460321089901,-0.034309804209193794,7.998432902110931,-0.04478239529643868
0.004312191679466264,-0.006014004115096873,0.006014004115096873,13.866750422901886,0.37077189367264546,-1.15942440092348,0.005083497355940731,-0.0021555596322560657,0.022981649617658136,0.019399154378814443,0.0014763481147530455,0.0014763481147530455,-8.583165725015933e-05,-0.004311337380334758,1.999878000206265,-0.01633927310533387,3.9998418320697806,-0.028367208830332984,5.999805663933296,-0.0403951445553321,7.999769495796811,-0.052423080280331213
0.005973007788317965,-0.006813026515600073,0.006813026515600073,13.87615561426203,0.40161776896566176,-1.1970267215453678,0.005262861625744017,-0.001996058272336918,0.023014870454334684,0.019436526878138283,0.0015866460562977615,0.0015866460562977615,0.001189329131786223,-0.005853402280348729,2.001142911981031,-0.019479349897626147,4.001096494830276,-0.03310529751490357,6.001050077679521,-0.04673124513218099,8.001003660528767,-0.06035719274945842
0.007885361146884531,-0.007631366890296878,0.007631366890296878,13.885711230911156,0.5458263343200089,-1.2497664163918498,0.005884894061905803,-0.0013902422300003563,0.034287654146887926,0.030470406353261113,0.0021528094912057856,0.0021528094912057856,0.0023679820758247994,-0.007521408199623832,2.0023097445978464,-0.022783993836076263,4.002251507119867,-0.038046579472528694,6.002193269641889,-0.05330916510898112,8.002135032163913,-0.06857175074543358
0.009945651477765887,-0.008469136967273364,0.008469136967273364,13.895296727888297,0.6502771055325864,-1.338139775891144,0.006409155262764097,-0.0008671002912521131,0.039477499877085695,0.035530656860959284,0.0026372565569784405,0.0026372565569784405,0.0034479664953312164,-0.00932885364684537,2.0033762406430813,-0.026266925095552382,4.003304514790831,-0.0432049965442594,6.003232788938582,-0.060143067992966405,8.01316070445707,-0.07716582979891695
0.012134511000730753,-0.009331454558595948,0.009331454558595948,13.904554721828124,0.7728878175839777,-1.4800724006460406,0.00698463001368185,-0.00027189175331190484,0.04683457818135388,0.042624857022670465,0.0031869984158261104,0.0031869984158261104,0.004431385908415613,-0.011296423157688064,2.0043443104960876,-0.029959061427342712,4.00425723508376,-0.04862169969699737,6.004170159671432,-0.06728433796665201,8.004083084259104,-0.08594697623630665
0.014143250444492063,-0.010224687157908887,0.010224687157908887,13.91375363229448,0.8183336874470111,-1.644757583782573,0.007276302109528763,6.864419178041932e-05,0.049747626871925126,0.04538550051738119,0.003464797190090085,0.003464797190090085,-0.004679821638558295,-0.013346565197342217,1.9952156350447527,-0.033795583204349125,3.9951110917280634,-0.05424460121135603,5.995006548411375,-0.07469361921836294,7.994902005094687,-0.09514263722536986
0.016174271491854915,-0.011156289983633556,0.011156289983633556,13.922545261789963,0.9679585626348848,-1.8400680464077928,0.007934124371375011,0.0007957899496166638,0.05747796993863253,0.05274287517630415,0.0041194449378912,0.0041194449378912,-0.00388503904993604,-0.01570074934112072,1.9959904994347757,-0.03801286646354882,3.995866037919487,-0.060324983585976905,5.995741576404199,-0.08263710070840499,8.005616492581332,-0.10506077841644523
0.01856656403714843,-0.012135418801424692,0.012135418801424692,13.93118651373628,0.8848979702219357,-2.0657327475745983,0.007730785296610223,0.0006624286273032918,0.054302311880947945,0.049571031026092005,0.003917552845971285,0.003917552845971285,-0.0031805006960167453,-0.01829212167760127,1.99667223272182,-0.04256236356364298,3.9965249661396562,-0.06683260544968468,5.996377699557493,-0.09110284733572638,7.99623043297533,-0.11537308922176809
0.021298685610031363,-0.01316733561678235,0.01316733561678235,13.93965184894621,0.8537821395322671,-2.2714763042876984,0.007616211679382421,0.0006181810892525439,0.047261681350484704,0.04264738836350949,0.0038119235637721844,0.0038119235637721844,-0.002566727842910348,-0.021143460381294873,1.9972598959348453,-0.04747737064282627,3.9970865197126013,-0.07381128090435767,5.996913143490357,-0.10014519116588906,7.996739767268113,-0.12647910142742047
0.024349401278020835,-0.014256543720583307,0.014256543720583307,13.948000920106349,0.9553285343572488,-2.5046028041426616,0.008052364597899764,0.00112537736299939,0.05665734506119793,0.05166001811306784,0.0042624758540978965,0.0042624758540978965,-0.002041608395396061,-0.02426365961181312,1.9977551460082381,-0.052775781186525816,3.9975519004118722,-0.08128790276123851,5.997348654815506,-0.10980002433595121,7.997145409219141,-0.13831214591066388
0.027710009375192902,-0.015406266575125997,0.015406266575125997,13.956261500510113,1.0530380560085169,-2.747193628317654,0.008542117363200522,0.001689435934104398,0.06345163506977582,0.05815044131235625,0.004768466143893248,0.004768466143893248,-0.001606321176948346,-0.027663411789758792,1.9981563304679364,-0.05847472604635715,3.997918982112821,-0.08928604030295552,5.997681633757708,-0.1200973545595539,7.997444285402592,-0.15090866881615225
0.0313834940600534,-0.01662282306450847,0.01662282306450847,13.964082476755836,1.1112058756872996,-3.0484774832042456,0.0088758857127075,0.002100696117653694,0.06585725466005685,0.060287099345274126,0.005116195542220727,0.005116195542220727,-0.0012584515418949376,-0.0313582524885254,1.9984652365740603,-0.06460236757558746,3.9981889246900155,-0.09784648266264954,5.9979126128059725,-0.13109059774971166,8.007634919362506,-0.16450093341220898
0.03537676485872691,-0.01791287996200646,0.01791287996200646,13.971708446603255,1.2243497846648084,-3.3819855780146093,0.009431258110632454,0.002733245333584583,0.0736099186284795,0.06749879948227207,0.005682550085829698,0.005682550085829698,-0.000996230609144287,-0.03536273485525489,1.998682906702095,-0.07118657890050009,3.9983620440133345,-0.10701042294574528,6.008039577011129,-0.14301338621121673,8.007718714322369,-0.17883723025646192
0.039701158342594745,-0.01928292641706812,0.01928292641706812,13.9791373895339,1.2372889967635254,-3.7631027535054393,0.00959816561323652,0.0029749253520328575,0.07517816558817002,0.06876359971947826,0.005857728801375801,0.005857728801375801,-0.0008192421994618159,-0.03969270482043774,1.9988089380707292,-0.07825616770078853,3.9984371183409206,-0.11681963058113931,5.998065298611112,-0.1553830934614901,7.997693478881303,-0.19394655634184088
0.04436933340031691,-0.020738746492463538,0.020738746492463538,13.986325568058787,1.2328156820498388,-4.179649102302948,0.00964422811392065,0.0030880958376910805,0.07282939445325452,0.06625151792701292,0.00591013941340222,0.00591013941340222,-0.0007270843903850986,-0.044363375600575475,1.998842835418501,-0.08583789543485956,3.998412755227387,-0.12731241526914364,5.9979826750362735,-0.16878693510342774,7.99755259484516,-0.2102614549377118
0.049388958581419985,-0.02228477103294165,0.02228477103294165,13.99340968171006,1.3371309033594998,-4.63206615965039,0.010154640566633722,0.0036633543835215714,0.0801218386194036,0.0729417277652347,0.0064270338718254655,0.0064270338718254655,-0.0007198290540308702,-0.049383712658023105,1.9987835804775136,-0.09394956586121311,3.998286990009058,-0.13851541906440312,5.997790399540603,-0.18308127226759313,7.997293809072147,-0.22764712547078314
0.054769072289376976,-0.023924725552602312,0.023924725552602312,14.000321987180389,1.3639379530213742,-5.119340880524121,0.010381210130145343,0.003959257656031461,0.08384965903716066,0.07619372474051543,0.006663761561657281,0.006663761561657281,-0.000798460467425273,-0.05476325173253466,1.9986291743420501,-0.10260813819061379,3.998056809151526,-0.15045302464869292,5.997484443961003,-0.19829791110677208,7.996912078770479,-0.2461427975648512
0.06052110471865295,-0.02566195280728756,0.02566195280728756,14.006973633648728,1.427612249460068,-5.336990982600205,0.0107412503285313,0.0043860827717041315,0.08541667497152451,0.07735313754593895,0.007027249893806453,0.007027249893806453,-0.0009632804621285752,-0.0605134382357955,1.9983782198543139,-0.11183171093078675,3.997719720170756,-0.16314998362577804,5.9970612204872,-0.21446825632076935,7.996402720803642,-0.2657865290157606
0.06665451833379714,-0.027500368781320186,0.027500368781320186,14.013345170284785,1.5522279932163614,-5.279987079037425,0.01140189506529085,0.005111035331683394,0.09576439139968757,0.08678115109176283,0.007685572436132069,0.007685572436132069,-0.0012139590198357597,-0.06664346267871034,1.998029818357916,-0.12163726793292956,3.9972735957356673,-0.1766310731871488,6.006513592000308,-0.23189984746763911,8.005757369378058,-0.28689365272185835
0.07318260545726049,-0.029442687570238754,0.029442687570238754,14.0195993579082,1.4574567957781221,-5.3928915097580745,0.01111225402973785,0.004883997535783604,0.09030928377402078,0.08133917314145146,0.00738944790292428,0.00738944790292428,-0.0015514794059930826,-0.07316615784066997,1.9975817113630725,-0.13204302567086557,3.9967149021321386,-0.1909198935010612,5.995848092901205,-0.24979676133125678,7.99498128367027,-0.3086736291614524
0.08011557821180601,-0.031488797877965366,0.031488797877965366,14.025877573084562,1.30986750265583,-5.505967084965974,0.010460597652377867,0.004297486281568384,0.07616339480133894,0.06771086996542744,0.006733618311607536,0.006733618311607536,-0.001978653188462274,-0.0800911406072594,1.9970298843470538,-0.14305832936550675,3.99603842188257,-0.20602551812375408,5.995046959418087,-0.26899270688200144,7.994055496953602,-0.33195989564024875
0.08745000282789629,-0.03363521745584262,0.03363521745584262,14.032518682702742,1.1884179725311657,-5.583667873370496,0.009889542230806903,0.003792133007087969,0.07048592036142395,0.062280555507349816,0.006161093420809811,0.006161093420809811,-0.0025005111801169647,-0.08741424619841538,1.9963682676211183,-0.1546719976747915,3.995237046422354,-0.22192974915116764,5.994105825223589,-0.2891875006275438,7.992974604024825,-0.3564452521039199
0.09517551608630788,-0.035872959575716026,0.035872959575716026,14.039480816125565,1.1350972711108582,-5.589339420578371,0.009640196999583305,0.003607678561385382,0.06661295207812502,0.05871977686406626,0.005910715092150711,0.005910715092150711,-0.0031241305936445477,-0.09512422756758082,1.9955891381744157,-0.16685475977315523,3.994302406942478,-0.2385852919787297,5.993015675710539,-0.31031582418430415,7.9917289444785995,-0.3820463563898785
0.10327879884605921,-0.03819189916688334,0.03819189916688334,14.046534596306477,1.009859102871264,-5.560210485708867,0.009086969242129418,0.003115390248128391,0.05920051352346622,0.05181352468028273,0.005351756232739937,0.005351756232739937,-0.0038539368108512777,-0.1032068673206523,1.9946876193165295,-0.179572097837861,3.9932291754439126,-0.2559373283550697,5.991770731571293,-0.3323025588722784,7.990312287698674,-0.408667789389487
0.11174327838061722,-0.0405792634462964,0.0405792634462964,14.05377327159668,0.9582361056469332,-5.535853823515175,0.008842166440990677,0.002923651475830803,0.054717001818120684,0.04778428088601686,0.005094149622880404,0.005094149622880404,-0.004693989430252495,-0.11164464486251365,1.9936595598974924,-0.1927808999474259,4.002004876971876,-0.27432283630776266,6.000358426299621,-0.35545909139267495,7.998711975627367,-0.4365953464775872
0.12054977787243476,-0.04302119072711947,0.04302119072711947,14.061020421167463,1.0086803837679277,-5.504820659146143,0.009128660969521704,0.0032520469241443936,0.05981582495551174,0.052984121450528436,0.005360405101385741,0.005360405101385741,-0.005647336057471723,-0.12041742623286442,1.9925021265354406,-0.20643326860887906,3.990651589128353,-0.2924491109848937,5.988801051721266,-0.37846495336090835,7.986950514314178,-0.46448079573692297
0.12968581042344454,-0.04550519012769487,0.04550519012769487,14.068177209385624,1.0799478574655903,-5.46027127344772,0.009587045449214729,0.0037410367723802727,0.06462683413581137,0.05779416428472688,0.005786388443934293,0.005786388443934293,-0.006715054765247087,-0.12951184295146653,1.991214580205779,-0.22049081692096328,3.9891442151768053,-0.31146979089046,5.987073850147831,-0.40244876485995673,7.985003485118857,-0.49342773882945345
0.13914826329890884,-0.048021737905981944,0.048021737905981944,14.075158427511102,1.1879356934688918,-5.4295149234975195,0.010256753919767225,0.004436163627871787,0.07168937777281438,0.06464200933463206,0.0064096585452308435,0.0064096585452308435,-0.007897555130835284,-0.1389239641028785,1.9897968006934796,-0.2349305300641458,3.9874911565177946,-0.3309370960254131,5.98518551234211,-0.42694366198668043,7.982879868166425,-0.5229502279479478
0.1489431008098688,-0.050564981293956826,0.050564981293956826,14.081871038646925,1.3058899833820699,-5.429360099792552,0.011007439518044056,0.005198379818796673,0.08028506947512407,0.07282879451620822,0.007110510468877002,0.007110510468877002,-0.00919383771860064,-0.1486590751581039,1.988249889677953,-0.2497459481147928,3.985693617074507,-0.3508328210714817,5.983137344471061,-0.45191969402817067,7.980581071867614,-0.5530065669848596
0.15908623953432502,-0.053132144652945044,0.053132144652945044,14.088348351808397,1.3979892983101256,-5.471692106494114,0.011646847555246077,0.005841715625603443,0.08601414364215901,0.07818437451072455,0.007697191576799237,0.007697191576799237,-0.010603417716473,-0.15873247664514853,1.9865742215480304,-0.2649467752205509,3.9837518608125357,-0.3711610737959533,5.98092950007704,-0.4773753723713557,7.978107139341543,-0.5835896709467581
0.16959946929513126,-0.055723370571889336,0.055723370571889336,14.094423381458956,1.5118224813602816,-5.5655762012660706,0.01238077654005523,0.006596908824220341,0.09333733669367669,0.08490343290981174,0.008383472289601939,0.008383472289601939,-0.012125039814389374,-0.16916549114606572,1.984770669541972,-0.28055456580850596,3.981666378898335,-0.39194364047094626,5.988546566801476,-0.5038896605066986,7.985442276157837,-0.6152787351691388
0.18050817001108746,-0.05834039763198645,0.05834039763198645,14.100317550770587,1.3756990238092788,-5.702228315430874,0.011861613426087478,0.006115747939561565,0.0854887178348321,0.07727426333231355,0.007822660397467863,0.007822660397467863,-0.013757844874468392,-0.17998311350002177,1.9828395183957004,-0.29659773086255403,3.9894198684822197,-0.413795421311899,5.986017231752388,-0.5304100386744313,7.982614595022557,-0.6470246560369636
0.19183254629170024,-0.060982169947077954,0.060982169947077954,14.106169633528712,1.4440762697718996,-5.840725921194107,0.01221912659079494,0.006511402910007734,0.07988297271961835,0.07181985583796457,0.008154547793643217,0.008154547793643217,-0.015503792331668879,-0.1912050162524347,1.980778534945672,-0.31309377619429335,3.977060862223013,-0.43498253613615206,5.973343189500354,-0.5568712960780108,7.969625516777694,-0.6787600560198694
0.20358165169345216,-0.06364765336616209,0.06364765336616209,14.11199943587304,1.3718586950562857,-5.997122330930077,0.011966254283901193,0.006286211600889468,0.08442832292142698,0.07606698727364816,0.007883484886913367,0.007883484886913367,-0.01736429553360585,-0.20283976470814513,1.9785860480688586,-0.3300491427948437,3.974536391671323,-0.4572585208815423,5.970486735273787,-0.5844678989682408,7.966437078876251,-0.7116772770549393
0.21576257930568282,-0.0663335054767634,0.0663335054767634,14.117905885595313,1.3119908913038631,-6.133463371491338,0.011686833288237938,0.006029434943120197,0.07910123721203292,0.07099925725542143,0.007591394368256787,0.007591394368256787,-0.00936421661342145,-0.21555927740614178,1.9862372626326814,-0.34812901765920934,3.991816749275015,-0.4813616066135422,5.9874182285211175,-0.6139313468666097,7.9830197077672205,-0.7465010871196772
0.22835750566449434,-0.06903774410660707,0.06903774410660707,14.123669026089702,1.3200241503305683,-6.283389292291325,0.011753491351096282,0.006118639904465931,0.0778705431857315,0.06981055813481445,0.007654617758611558,0.007654617758611558,-0.011463279501532269,-0.22806960256987188,1.9837724031496413,-0.36603543412067496,3.979008085800815,-0.504001265671478,5.974243768451989,-0.6419670972222811,7.969479451103162,-0.7799329287730841
0.24139499726101937,-0.07175849767308423,0.07175849767308423,14.129352613649298,1.4435473856516141,-6.419085666503837,0.012453949959245347,0.006846848476402564,0.08768068315977139,0.079098363696757,0.008364113769903495,0.008364113769903495,-0.013682648981961178,-0.2410069082401664,1.9811702782425982,-0.38440076704732384,3.9760232054671576,-0.5277946258544812,5.970876132691717,-0.6711884846616386,7.965729059916277,-0.814582343468796
0.2548804498133642,-0.07449480447315784,0.07449480447315784,14.134984611308724,1.312933274824169,-6.560590820976036,0.011876656465875553,0.006302967024006468,0.08141635143258043,0.07311310140498983,0.007804167302191452,0.007804167302191452,-0.016024272921522073,-0.2543762299712759,1.978428817100518,-0.40322807477521594,3.972881907122558,-0.5520799195791559,5.967334997144598,-0.7009317643830959,7.961788087166638,-0.849783609187036
0.26881750625859463,-0.07724511003646561,0.07724511003646561,14.140581315743479,1.3317401018924986,-6.683078685018933,0.011930423382716774,0.0063956344277772215,0.07308814740923421,0.06519591738982727,0.007881703776927474,0.007881703776927474,-0.01849028950755813,-0.26818083612558197,1.9755458697767025,-0.42251746647262844,3.969582029060962,-0.5768540968196749,5.963618188345221,-0.7311907271667213,7.95765434762948,-0.8855273575137677
0.2831992035368646,-0.08000750940871833,0.08000750940871833,14.146230546959794,1.425466489512471,-6.795088602696835,0.01247425197603312,0.006979610603687119,0.08165043583854398,0.07338327005537999,0.008451452029929677,0.008451452029929677,-0.021082850840245405,-0.28241335358718866,1.972519361484585,-0.44225771230387506,3.966121573809414,-0.6021020710205613,5.9597237861342425,-0.7619464297372476,7.9533259984590705,-0.9217907884539338
0.29802294457657114,-0.08277979136448678,0.08277979136448678,14.15172473553359,1.4666718226857458,-6.894683972046949,0.012783164864069,0.0073324686982377315,0.0922986867662067,0.08342303231803107,0.008788110308665721,0.008788110308665721,-0.023804092423682987,-0.2970707671211941,1.9793130829717982,-0.46326818477751136,3.97246450127576,-0.6286387496096679,5.965615919579721,-0.7940093144418243,7.958767337883683,-0.9593798792739809
0.3132948465819745,-0.08556423895891682,0.08556423895891682,14.156900490262327,1.472356811072675,-7.031916061724924,0.012867067976065972,0.0074615913558591165,0.08945849653736622,0.08061401995400251,0.00889988448034956,0.00889988448034956,-0.026654351930797116,-0.3121589441582159,1.9660288747023587,-0.4830786864201181,3.9587121013355144,-0.6539984286820202,5.95139532796867,-0.8249181709439224,7.944078554601826,-0.9958379132058246
0.32902050933519117,-0.08836369659495079,0.08836369659495079,14.161861883441755,1.5477105407975582,-7.17703384507628,0.013308027221492862,0.007948145932871346,0.0928202663945322,0.08362017389226521,0.009369688241081794,0.009369688241081794,-0.029634546864215232,-0.3276832146988021,1.9625623895289759,-0.5041807122039588,3.954759325922167,-0.6806782097091155,5.946956262315359,-0.857175707214272,7.93915319870855,-1.0336732047194288
0.34520452372096505,-0.09118123509823417,0.09118123509823417,14.166805042962324,1.4900009184144407,-7.334498913557745,0.013062012746405186,0.00774856261564448,0.09324126270420718,0.08387073737187441,0.009153859795819796,0.009153859795819796,-0.032747595936264404,-0.34364772392351656,1.9589441450743432,-0.5257576050122001,3.950635886084951,-0.7078674861008837,5.942327627095558,-0.8899773671895672,7.934019368106166,-1.0720872482782509
0.3618516646098481,-0.0940177306767047,0.0940177306767047,14.171814248930213,1.3458985685370832,-7.476577923269716,0.012250627526665314,0.006984627977590434,0.0797768791827841,0.07106710944007572,0.00837477157288763,0.00837477157288763,-0.0359971752083931,-0.36005670464238576,1.9551700003434989,-0.5478152703716258,3.9463371758953905,-0.7355738361008657,5.9375043514472825,-0.9233324018301058,7.9286715269991745,-1.1110909675593459
0.37895635851985465,-0.09687261769973567,0.09687261769973567,14.176969032406568,1.4014604433439652,-7.607589846588818,0.012487615649391869,0.007269655504734743,0.07840307898022275,0.0698208297371654,0.008646713255829823,0.008646713255829823,-0.039387820649820535,-0.3769038620750472,1.9512352117584846,-0.5703462122612735,3.9418582441667884,-0.7637885624474996,5.932481276575092,-0.9572309126337256,7.923104308983395,-1.1506732628199516
0.39650770453158085,-0.09974273866263976,0.09974273866263976,14.182245262387726,1.2728359951637662,-7.699752926416441,0.011820099722270128,0.006649263782728398,0.07916464809024899,0.07065524937059255,0.008013658558232257,0.008013658558232257,-0.04292286636428709,-0.3941776088211721,1.947136764895005,-0.5933324833086844,3.94714669431059,-0.7934831321686338,5.937206325569881,-0.9926380066561458,7.927265956829172,-1.1917928811436578
0.4144967266539339,-0.10262361794234347,0.10262361794234347,14.187742713407387,1.1722497775219347,-7.76565877831991,0.011189817163518445,0.006063955016042066,0.06794102968697395,0.06014086788613723,0.007416954756229698,0.007416954756229698,-0.04660606188646238,-0.41186819663851354,1.952818958968708,-0.6177797941222422,3.9422965916604196,-0.822666955797594,5.931774224352131,-1.027554117472946,7.921251857043843,-1.2324412791482977
0.432907522794428,-0.10551031549539353,0.10551031549539353,14.193158714106348,1.1854219014756344,-7.804821713805358,0.01121725393169349,0.006130060517385816,0.06819314341617455,0.06056363548567865,0.007475336273416501,0.007475336273416501,-0.0504388934840443,-0.42995911586581514,1.9384390035853882,-0.6405884361150914,3.9273169006548208,-0.8512177563643677,5.916194797724254,-1.0618470766136439,7.905072694793686,-1.2724763968629202
0.45170977297543397,-0.10839624130007577,0.10839624130007577,14.198823759433134,1.058097224961963,-7.802084115699818,0.010521251576592826,0.005466505953140036,0.06451835782954096,0.05730645775998009,0.006804492626748328,0.006804492626748328,-0.044480863603596606,-0.4495143732680817,1.9437808914726673,-0.6658825624758814,3.932042646548929,-0.8822507516836808,5.920304401625191,-1.0986189408914804,7.908566156701453,-1.31498713009928
0.4708996310092716,-0.11127377068752865,0.11127377068752865,14.204479770106031,1.2016770358197353,-7.768620222935667,0.011291365082395578,0.006266411239310446,0.06529462116701627,0.05826817987278105,0.007594461771783977,0.007594461771783977,-0.048619010383593717,-0.4683830209497225,1.9390119081565944,-0.6904715881095118,3.9266428266967828,-0.9125601552693012,5.9142737452369705,-1.1346487224290907,7.901904663777159,-1.35673728958888
0.4904648580497448,-0.1141384188648936,0.1141384188648936,14.209833201569657,1.2179369176737924,-7.747805764117148,0.01151350424825305,0.006513393795547252,0.0759889677660376,0.06859452024591253,0.007827668229226106,0.007827668229226106,-0.052905669723582134,-0.4876030835555243,1.934080888625649,-0.7153845949638855,3.9210674469748805,-0.9431661063722468,5.908054005324111,-1.1709476177806082,7.8950405636733425,-1.3987291291889694
0.5104034211613948,-0.1169870592020583,0.1169870592020583,14.215289392263264,1.2650225470773835,-7.7309431583600565,0.011839269312703394,0.006865951622123813,0.07630181053735922,0.06897232205371807,0.008161537462938335,0.008161537462938335,-0.057340844662925605,-0.5071722388563854,1.9289887850165193,-0.740613028474481,3.9153184146959643,-0.9740538180925766,5.901648044375409,-1.207494607710672,7.887977674054853,-1.4409353973287677
0.5307185747121294,-0.11982033251401582,0.11982033251401582,14.22021507440967,1.4014183293096671,-7.788202939215109,0.012710523633634205,0.007761686369752904,0.08466619587556994,0.07685433411267985,0.009037743870517758,0.009037743870517758,-0.061923429414259365,-0.5270936296655949,1.9237368270276267,-0.7661612895176599,3.909397083469513,-1.0052289493697248,5.895057339911399,-1.2442966092217898,7.880717596353286,-1.4833642690738549
0.551419752388058,-0.1226420755573159,0.1226420755573159,14.22496116360201,1.5324806015007142,-7.890569293409914,0.013620698575465122,0.008690285253821225,0.09659865298162734,0.088011966254189,0.00994777065652952,0.00994777065652952,-0.0666524169453035,-0.54737665152896,1.9183253477453588,-0.7920463752049007,3.903303112436021,-1.0367160988808415,5.888280877126683,-1.2813858225567822,7.873258641817346,-1.526055546232723
0.5725276468091044,-0.12545781045785603,0.12545781045785603,14.229420418641867,1.4874117563478584,-8.042186206992145,0.013493835968588304,0.00857825891258986,0.09192252657555128,0.0833980741990327,0.009817366879831417,0.009817366879831417,-0.07153024933639872,-0.5680416620201754,1.912750722377581,-0.8182995795649033,3.897031694091561,-1.0685574971096312,5.881312665805541,-1.3188154146543591,7.86559363751952,-1.5690733321990873
0.5940600748687098,-0.12827333075864,0.12827333075864,14.233580118077642,1.4341245780698886,-8.261079665267783,0.013194872194043354,0.008290420331779028,0.08611762478181369,0.07771326677118699,0.009516195280963374,0.009516195280963374,-0.07655809825163096,-0.5891062978318181,1.9070104033002047,-0.8449499994377118,3.89057890485204,-1.1007937010436053,5.874147406403876,-1.3566374026494992,7.857715907955711,-1.6124811042553926
0.6160258449158187,-0.13109202512439772,0.13109202512439772,14.23786398971042,1.4937698657624354,-8.487819197516224,0.013556999581234578,0.008664600741635874,0.0910826646294743,0.08229566637891328,0.00988260446336543,0.00988260446336543,-0.08173962236874059,-0.6105788038732297,1.9010998551795133,-0.872012555091713,3.8839393327277674,-1.1334463063101965,5.866778810276021,-1.3948800575286797,7.849618287824275,-1.6563138087471632
0.6384335125363454,-0.1339166903762949,0.1339166903762949,14.241960999624576,1.5284189480356802,-8.726646000000022,0.013840064966770881,0.008964082630824847,0.09478553862246636,0.08564476588461972,0.010175567976154248,0.010175567976154248,-0.08707867585594323,-0.6324671170429902,1.8950144295726643,-0.8995006756313799,3.877107535001272,-1.1665342342197698,5.859200640429879,-1.4335677928081594,7.841293745858486,-1.7006013513965492
0.6612935217513393,-0.13675185623513486,0.13675185623513486,14.24574499934157,1.640484081488096,-8.726646000000082,0.014567183811776517,0.009713220569291726,0.09985056159780742,0.09019220426076213,0.010917447565240351,0.010917447565240351,-0.0925779300184918,-0.6547812220763362,1.8887501258050823,-0.9274332626085433,3.870078181628656,-1.2000853031407506,5.85140623745223,-1.4727373436729578,7.832734293275804,-1.745389384205165
0.6846168851803051,-0.13960314511936425,0.13960314511936425,14.249324499377801,1.587973577063524,-8.726646000000082,0.014346380446954951,0.009521895298351868,0.0998123843803194,0.08994612111954654,0.010717697237149,0.010717697237149,-0.09824080085721222,-0.677531567176701,1.8823017923444918,-0.9558318304066684,3.862844385546196,-1.234132093636636,5.8433869787479,-1.5124323568666034,7.823929571949604,-1.7907326200965707
0.7084140825680255,-0.14247411079962993,0.14247411079962993,14.252921733291737,1.5341980624012586,-8.726646000000082,0.013998239647720751,0.009210955504281953,0.09189878536834144,0.0823471361531656,0.01039763283203634,0.01039763283203634,-0.10407283929909594,-0.7007277335034785,1.8756626022456329,-0.9847129117992794,3.8553980437903617,-1.2686980900950804,5.83513348533509,-1.5526832683908816,7.814868926879819,-1.8366684466866825
0.7326862370365435,-0.14536719385264274,0.14536719385264274,14.256605941206208,1.4026811826042773,-8.726646000000082,0.013165857717007805,0.0084205926312826,0.08565862370580422,0.07638338358123183,0.009599847394362152,0.009599847394362152,-0.11007934712991616,-0.7243698359803653,1.8787207455613129,-1.0155299144790333,3.8576263104282096,-1.3052414353732307,5.836531875295106,-1.594952956267428,7.815437440162002,-1.8846644771616257
0.7574277462180944,-0.1482806489608554,0.1482806489608554,14.260649345218871,1.3587536978535297,-8.726646000000082,0.012808312768264388,0.008110465820035231,0.08008612585128305,0.07116593339699592,0.009282971373648917,0.009282971373648917,-0.11626636641509212,-0.7484510156193613,1.8617867394478267,-1.0439267513169987,3.839839845310746,-1.339402487014636,5.817892951173665,-1.6348782227122736,7.795946057036583,-1.9303539584099108
0.7826264348268825,-0.15121208314154555,0.15121208314154555,14.26463757381118,1.4373404639773013,-8.726646000000082,0.013259874635971792,0.008613508504422407,0.08574626387857807,0.07660340270776515,0.00977673421924392,0.00977673421924392,-0.1226374767559467,-0.7729580750498511,1.8545409636742467,-1.0742310653726281,3.83171940410444,-1.3755040556954055,5.808897844534633,-1.6767770460181826,7.786076284964826,-1.9780500363409597
0.8082708803915262,-0.15415953734148857,0.15415953734148857,14.268615008597193,1.347205035667861,-8.726646000000082,0.012759795380571051,0.008161738093239244,0.08347281923858649,0.07454331032838779,0.009315085385933031,0.009315085385933031,-0.11931288160321166,-0.7994161947148875,1.8569689834230054,-1.1065155108464884,3.8332508484492225,-1.4136148269780895,5.8095327134754395,-1.7207141431096904,7.785814578501657,-2.0278134592412913
0.8343536790449458,-0.15711957973363797,0.15711957973363797,14.272805567791913,1.2143741327337865,-8.726646000000082,0.011879412785633602,0.007326079391915715,0.07039611216164122,0.062283421579419344,0.008469824535705226,0.008469824535705226,-0.12606268693399553,-0.8247752789086358,1.8493014944880715,-1.1377231192186903,3.8246656759101385,-1.450670959528745,5.8000298573322056,-1.7636187998387993,7.775394038754273,-2.076566640148854
0.8608601442360664,-0.16008737763138955,0.16008737763138955,14.277027098376987,1.2110731347463966,-8.726646000000082,0.011773018269516423,0.00725942430321836,0.06973268146447496,0.06185817118982514,0.008395134257778524,0.008395134257778524,-0.13300152510035063,-0.850523828152464,1.8414251924185436,-1.1693327633276946,3.8158519099374377,-1.4881416985029254,5.790278627456333,-1.8069506336781562,7.764705344975227,-2.125759568853387
0.8877711271289915,-0.1630556832356783,0.1630556832356783,14.281491180679811,1.1185318096540808,-8.726646000000082,0.011204943660939716,0.0067264448898049275,0.0682455384458399,0.06071102404053527,0.007852429575449911,0.007852429575449911,-0.14012804250976546,-0.8766422907128435,1.8333436558790517,-1.2013105146867293,3.8068153542678687,-1.5259787386606152,5.780287052656686,-1.8506469626345012,7.7537587510455035,-2.175315186608387
0.9150700162035308,-0.1660165152635964,0.1660165152635964,14.286068153007283,0.984883566107595,-8.726645999999972,0.010316678895258242,0.00587019943773243,0.05649856183523134,0.04977230158824026,0.006984089118888954,0.006984089118888954,-0.14743991410741736,-0.9031138390495007,1.8250618473704852,-1.2336237495916396,3.7975636088483875,-1.5641336601337783,5.770065370326289,-1.8946435706759173,7.742567131804192,-2.2251534812180562
0.9427336204148179,-0.1689606970840593,0.1689606970840593,14.290619500379435,0.9856953539885521,-8.726645999999972,0.01024012632304329,0.005826256473959198,0.05645215395207185,0.049997012314907635,0.00692862627761576,0.00692862627761576,-0.15493088553372797,-0.9299156412106234,1.8165892470596738,-1.2662315147267196,3.788109379653076,-1.6025473882428158,5.759629512246478,-1.9388632617589119,7.7311496448398795,-2.275179135275008
0.9707388901376405,-0.1718781003704924,0.1718781003704924,14.295313154927097,0.9302540534175874,-8.726645999999972,0.00990454239294521,0.005520944798898814,0.05653395523912444,0.05033319111757048,0.006610556979841275,0.006610556979841275,-0.16259324224449678,-0.9570253029058743,1.8079373326695931,-1.299091456345157,3.778467907583683,-1.64115760978444,5.748998482497773,-1.983223763223723,7.7195290574118625,-2.3252899166630057
0.999069196969099,-0.174759550264761,0.174759550264761,14.299940380963948,0.9991296001709922,-8.726646000000022,0.010326335828662615,0.005969779216397983,0.058185778975608865,0.0521133440271421,0.007043314836343349,0.007043314836343349,-0.17041925627749577,-0.9844270096976747,1.7991174931097158,-1.3321697203520557,3.7686542424969276,-1.6799124310064366,5.738190991884139,-2.0276551416608175,7.70772774127135,-2.3753978523151984
1.0277117240048717,-0.1775992131512646,0.1775992131512646,14.304369259942437,0.9595685326494203,-8.726646000000022,0.010152631700884682,0.005812477628462382,0.05922836777967928,0.05326656675766397,0.006870637768665809,0.006870637768665809,-0.17839955357699952,-1.0121091773818638,1.7901417842108849,-1.3654432988876788,3.7586831219987693,-1.7187774203934938,5.727224459786654,-2.072111541899309,7.695765797574538,-2.4254456634051236
1.0566610373178944,-0.1803903897752849,0.1803903897752849,14.309013930342177,0.8346203827299105,-8.726646000000022,0.009355302071348558,0.005023386760016738,0.04840552010175025,0.04302833672568827,0.0060695471082859,0.0060695471082859,-0.18652715331176417,-1.0400673866933519,1.7810202996962652,-1.39889467127692,3.748567752704294,-1.757721955860488,5.716115205712324,-2.116549240444056,7.683662658720353,-2.4753765250276243
1.0859054704369504,-0.18312614644602773,0.18312614644602773,14.313365820081287,0.8151955881155954,-8.726646000000022,0.009169565171674388,0.004834707579821249,0.04813616692833979,0.04292046419506537,0.005880971929314458,0.005880971929314458,-0.19479138928765988,-1.0682916293710618,1.771767037890824,-1.4325002955135466,3.738325465069307,-1.7967089616560312,5.704883892247791,-2.160917627798516,7.671442319426275,-2.5251262939410006
1.1154325040853497,-0.18579932010589706,0.18579932010589706,14.317871836912213,0.8554740750230778,-8.726646000000022,0.009448320904774281,0.005099330067111073,0.05187606848339436,0.04670825830299971,0.006155970989480443,0.006155970989480443,-0.20318103280425415,-1.0967712337031412,1.7623967761518509,-1.4662355444820265,3.727974585107956,-1.8356998552609118,5.693552394064061,-2.2051641660397974,7.659130203020166,-2.574628476818683
1.1452372660380212,-0.18840483733644625,0.18840483733644625,14.322250171295384,0.8000615947879776,-8.726646000000022,0.009146385499943755,0.004777947106779028,0.04813437575715895,0.04322011313767901,0.005850582390926867,0.005850582390926867,-0.21168723772900672,-1.1255029581946483,1.7529212548135242,-1.5000873559340153,3.717529747356055,-1.8746717536733821,5.682138239898586,-2.249256151412749,7.646746732441117,-2.623840549152116
1.1753156205741857,-0.1909391740940673,0.1909391740940673,14.326479551754975,0.7745401457883345,-8.726646000000022,0.0089643889816436,0.004574276215305152,0.04588914179695615,0.04115270461738123,0.005667714113718034,0.005667714113718034,-0.2202997907289375,-1.1544846513360278,1.7433530706197737,-1.5340468203110447,3.7070059319684847,-1.9136089892860615,5.670658793317196,-2.293171158261078,7.6343116546659076,-2.672733327236095
1.2056615646052598,-0.19339813430173955,0.19339813430173955,14.330790822579983,0.6435468331910594,-8.726646000000022,0.008102004415878397,0.0036949391843186124,0.038865853768196644,0.03447784351318481,0.004809957402119915,0.004809957402119915,-0.22900877420647894,-1.1837122917765317,1.733704823216852,-1.5681018526253747,3.696418420640183,-1.9524914134742177,5.659132018063514,-2.3368809743230603,7.621845615486845,-2.7212705351719038
1.236265850208928,-0.19577621715550275,0.19577621715550275,14.335017010904503,0.607972654793404,-8.726646000000022,0.007780114728152406,0.0033585169799539624,0.035254650459057936,0.03111092296081676,0.004498604148247074,0.004498604148247074,-0.2378030252576085,-1.2131788712185574,1.7239909129605369,-1.6022348363065384,3.685784851178682,-1.9912908013945194,5.647578789396828,-2.3803467664825004,7.609372727614973,-2.7694027315704814
1.2671140226366908,-0.19806835846317544,0.19806835846317544,14.339211912283432,0.5442617193795669,-8.726646000000022,0.00733386024488758,0.002892915767611177,0.03347587051919635,0.02950964190559984,0.004067496234284705,0.004067496234284705,-0.24666904890841698,-1.2428726107985295,1.7142279652981554,-1.6364242588394808,3.675124979504728,-2.029975906880432,5.6360219937113,-2.4235275549213835,7.596919007917873,-2.8170792029623346
1.2981933792750733,-0.20026904232897566,0.20026904232897566,14.343437719940235,0.48178000012411965,-8.726646000000022,0.006865737121940269,0.002403716169998291,0.02845090081445252,0.024750258935925497,0.003620282236284105,0.003620282236284105,-0.25559464219423556,-1.2727833393296895,1.7044315416297129,-1.670649345322321,3.664457725453661,-2.068515351314953,5.62448390927761,-2.466381357307584,7.584510093101558,-2.864247363300216
1.329487726299579,-0.20237373934967892,0.20237373934967892,14.347503691217758,0.4090461091138351,-8.726646000000022,0.006318952459415911,0.0018362506677016002,0.025192988572999835,0.021698620628978756,0.0031007499413709563,0.0031007499413709563,-0.26456540948904017,-1.3028978311759987,1.6946190463447435,-1.7048882141695247,3.6538035021785267,-2.106878597163051,5.61298795801231,-2.5088689801565773,7.5721724138460935,-2.9108593631501036
1.3609798581967647,-0.20437728763967541,0.20437728763967541,14.351626525420258,0.37151360968127106,-8.726646000000022,0.005990063632927335,0.0014906492213261537,0.02270537094238539,0.019417826137272175,0.0028063873356094704,0.0028063873356094704,-0.27356720128564127,-1.3332018454825312,1.6848079156591065,-1.7391167396803737,3.643183032603854,-2.145031633878216,5.601558149548602,-2.5509465280760586,7.559933266493349,-2.956861422273901
1.3926517519180728,-0.20627560236108425,0.20627560236108425,14.355600826038536,0.27356669465079175,-8.726645999999972,0.005271624528550775,0.0007593030836169855,0.017562563708958746,0.014469828882220283,0.0021273642700647675,0.0021273642700647675,-0.2825854533148184,-1.3636804477938869,1.6750155812753964,-1.7733122206964802,3.632616615865611,-2.1829439935990735,5.590217650455825,-2.5925757665016667,7.54781868504604,-3.0022075394042598
1.4244839110387522,-0.20806405565235295,0.20806405565235295,14.35957490979403,0.19104386726393557,-8.726646,0.004599974172943052,7.998414266251197e-05,0.0121206045329672,0.009207071937503425,0.0015020684559597123,0.0015020684559597123,-0.29160466565668636,-1.3943174429718332,1.6652606312752074,-1.8074496369045394,3.6221259282071014,-2.2205818308372454,5.578991225138995,-2.633714024769951,7.535856522070889,-3.0468462187026573
1.4564530156542812,-0.20973797523704493,0.20973797523704493,14.36340086559133,0.1432255075313077,-8.726646,0.004169412576866982,-0.00036116631744556853,0.010369548332756625,0.0075657521124152145,0.001119683115276985,0.001119683115276985,-0.30060809579532743,-1.4250930354018143,1.6555629098147595,-1.8415002841504653,3.6117339154248462,-2.2579075328991163,5.567904921034933,-2.6743147816477677,7.52407592664502,-3.0907220303964182
1.4885368483401298,-0.2112940163493649,0.2112940163493649,14.367155516761395,0.25528702894224986,-8.726646,0.004848153668032699,0.00031333222424339245,0.017324386396545183,0.014466947680107001,0.0018532394944763874,0.0018532394944763874,-0.3095801048432829,-1.4559883610632292,1.6459405860270746,-1.8754389869751706,3.601461276897432,-2.294889612887112,5.55698196776779,-2.7143402387990534,7.512502658638147,-3.1337908647109947
1.5207222212134357,-0.21273371236954777,0.21273371236954777,14.370816345977206,0.33312683561816075,-8.726646000000027,0.005420039963412868,0.0008774362758515231,0.023566284211948195,0.02059966349345189,0.0024789841971594897,0.0024789841971594897,-0.3185115486027708,-1.4869924234840572,1.6364032344518105,-1.9092579690767073,3.591318017506392,-2.3315235146693576,5.546232800560973,-2.753789060262007,7.501147583615555,-3.1760546058546577
1.5530087760715745,-0.2140629934256467,0.2140629934256467,14.374425750745079,0.4547510758973586,-8.726646000000027,0.006274990626025255,0.0017156325655456012,0.029646973352031744,0.026556934366187564,0.0033841626338812973,0.0033841626338812973,-0.32740066413700386,-1.5181057485162155,1.6269510823371325,-1.9429695514619283,3.5813028288112685,-2.367833354407641,5.535654575285404,-2.7926971573533543,7.490006321759541,-3.2175609602990676
1.5854035316098782,-0.21529205303620713,0.21529205303620713,14.37791370348479,0.42718786904587636,-8.726645999999972,0.006125807813474232,0.0015603418667894046,0.028958193128342476,0.025857153323973838,0.0032984666994930224,0.0032984666994930224,-0.3362515820480467,-1.549335093390471,1.6175765055078677,-1.9766005896309213,3.571404593063782,-2.4038660858713716,5.5252326806196965,-2.831131582111822,7.479060768175612,-3.2583970783522718
1.6179161480774504,-0.21643024278797424,0.21643024278797424,14.381330208650189,0.31181251415982103,-8.726645999999972,0.005248263805720509,0.000681889451791727,0.01979876447276078,0.016832215852743176,0.002488883887689564,0.002488883887689564,-0.345069732654499,-1.5806895779423382,1.6082707802288367,-2.010178624052558,3.561611293112173,-2.4396676701627773,5.5149518059955085,-2.8691567162729967,7.468292318878844,-3.2986457623832166
1.65054507627392,-0.21748481085915344,0.21748481085915344,14.384598891734278,0.17107647070660434,-8.726646,0.0041110860921428185,-0.00044828840178390067,0.011844331263677895,0.008970165411918236,0.001429564969946167,0.001429564969946167,-0.35385652245934374,-1.6121676743828666,1.5990299789046079,-2.0437164118279716,3.5519164802685594,-2.475265149273077,5.504802981632511,-2.906813886718182,7.457689482996463,-3.3383626241632873
1.6832783118315977,-0.2184585709948868,0.2184585709948868,14.387913665211745,0.11956164250149567,-8.726646,0.0035537107791877654,-0.0009838933696087785,0.008331886089927815,0.0055189730372578495,0.0009659765403058861,0.0009659765403058861,-0.3626094113194374,-1.6437579778985727,1.5898559392817626,-2.0772081534686526,3.542321289882963,-2.5106583290387325,5.494786640484162,-2.9441085046088125,7.447251991085362,-3.377558680178893
1.7160980485084336,-0.21935451999563552,0.21935451999563552,14.391044548089765,0.1968487621284946,-8.726646,0.003958858473196078,-0.0005495113777860428,0.014106428295037093,0.011251395592791676,0.0014692047232971184,0.0014692047232971184,-0.37132489167200167,-1.6754433254870875,1.580751326083535,-2.1106426362324493,3.5328275438390717,-2.545841946977811,5.484903761594609,-2.9810412577231724,7.436979979350146,-3.416240568468534
1.7489920433090256,-0.22017739048943835,0.22017739048943835,14.394218621983597,0.1869570714421496,-8.726646,0.003859088030925907,-0.0006262791052105345,0.014029380547034674,0.011200203604736544,0.0014644655312443398,0.0014644655312443398,-0.3800034443021343,-1.7072113372036852,1.5717139999312448,-2.144016806348849,3.523431444164624,-2.580822275494013,5.475148888398003,-3.017627744639177,7.4268663326313815,-3.4544332137843408
1.781952537230753,-0.22093290678648242,0.22093290678648242,14.397239239186097,0.09643114032223273,-8.726645999999995,0.003127018666309694,-0.0013179045049154224,0.007333338927178749,0.004551538190400155,0.0008242809396054887,0.0008242809396054887,-0.3886478775852938,-1.739053671452254,1.5627389960040143,-2.177333570128141,3.5141258695933226,-2.6156134688040287,5.4655127431826305,-3.053893367479916,7.416899616771938,-3.492173266155803
1.814965838119418,-0.22162508254372218,0.22162508254372218,14.400179353997174,0.016472737211728476,-8.726645999999999,0.002402018317695148,-0.001990154497860136,0.002825295572265278,5.726508626397429e-05,0.00019173314290318145,0.00019173314290318145,-0.39725755518601613,-1.7709566421536556,1.5538254842449581,-2.2105871384170412,3.5049085236759328,-2.6502176346804274,5.455991563106907,-3.089848130943813,7.4070746025378815,-3.5294786272071987
1.8480131003208078,-0.2222550029276946,0.2222550029276946,14.403039295472306,-0.10463464139029952,-8.726645999999995,0.0013882944155827702,-0.002958712523940976,-0.004393560893213593,-0.007205312887927118,-0.000726962282577089,-0.000726962282577089,-0.4058281818279108,-1.802902078813926,1.5449775383158058,-2.2437615147507732,3.495783258459522,-2.6846209506876204,5.446588978603239,-3.125480386624467,7.397394698746956,-3.5663398225613143
1.8810700683014583,-0.22282163793268864,0.22282163793268864,14.405752626061215,-0.21671174643561822,-8.726645999999995,0.0004009692763358697,-0.003920540261657959,-0.011892549962708011,-0.01481903740527604,-0.0016187635101037965,-0.0016187635101037965,-0.41435078157690997,-1.8348673062830065,1.5362048190138027,-2.276832066195157,3.486760419604515,-2.718796826107307,5.437316020195228,-3.160761586019458,7.3878716207859405,-3.6027263459316083
1.9141065824047252,-0.2233217693466291,0.2233217693466291,14.408330175307833,-0.2012723679654358,-8.726645999999995,0.00033163031037926186,-0.0039642316800040005,-0.01001819342784126,-0.012961864625454143,-0.0016014586486249795,-0.0016014586486249795,-0.4228122369416528,-1.8668245287379028,1.527522079250361,-2.3097647674652397,3.477856395442375,-2.7527050061925764,5.428190711634388,-3.1956452449199135,7.378525027826401,-3.63858548364725
1.9470954632638309,-0.22375272122793358,0.22375272122793358,14.410758389892269,-0.320310681592679,-8.726646000000022,-0.0005843276850156778,-0.004847358163660793,-0.015318036003945521,-0.018387414379690898,-0.002440735706565347,-0.002440735706565347,-0.43119966693294076,-1.898748953995634,1.518943582228219,-2.342529651808366,3.4690868313893786,-2.7863103496210977,5.419230080550538,-3.230091047433829,7.3693733297116975,-3.6738717452465615
1.9800127480251064,-0.22411141608209453,0.22411141608209453,14.41309961983095,-0.23244664622471323,-8.726645999999995,-0.0001288892170313884,-0.004364984104266606,-0.01330518033300892,-0.016408152168391334,-0.00191329508377638,-0.00191329508377638,-0.43949954919411477,-1.9306192344944935,1.5104843926631146,-2.3750994100917207,3.460468334520344,-2.819579585688948,5.410452276377573,-3.2640597612861755,7.360436218234803,-3.708539936883403
2.0128373235796277,-0.22439772027827706,0.22439772027827706,14.415303910324585,-0.1845755050890205,-8.726645999999995,0.0002080591929376084,-0.004004861135192355,-0.0043755336723522616,-0.007455975609323354,-0.0015049632454210615,-0.0015049632454210615,-0.44770337920653985,-1.9624158008542034,1.5021532261928527,-2.407454246811805,3.4520098315922456,-2.8524926927694074,5.401866436991638,-3.297531138727009,7.351723042391031,-3.742569584684611
2.0455636675509927,-0.22461289015547764,0.22461289015547764,14.417610178208019,-0.20820077313110807,-8.726645999999995,6.291503986428828e-06,-0.004181989976227257,-0.009522134051722718,-0.012671682147133647,-0.0016393913794263229,-0.0016393913794263229,-0.45580672451539583,-1.9941341348794008,1.4939540768796649,-2.439592120937896,3.4437148782747258,-2.885050106996391,5.393475679669786,-3.3305080930548865,7.343236481064847,-3.7759660791133816
2.078187638713107,-0.22476031329837043,0.22476031329837043,14.419709467958548,-0.3248415405862092,-8.726646000000022,-0.0009178600435065304,-0.005081280346203406,-0.01568066766946533,-0.018956595201769556,-0.00249917052750515,-0.00249917052750515,-0.46380897899484624,-2.0257702467712666,1.4858861303964768,-2.4715156678532524,3.4355812397878,-2.917261088935238,5.385276349179122,-3.363006510017224,7.334971458570447,-3.8087519310992093
2.1107004262407454,-0.22483944584532833,0.22483944584532833,14.421731216903744,-0.2342189426533935,-8.726645999999995,-0.0004308039169404554,-0.00456337843180628,-0.011404576542101915,-0.014688529127156421,-0.0019450149788044933,-0.0019450149788044933,-0.4717008391336211,-2.0573173327645646,1.4779589911828173,-2.503217036790567,3.427618821499256,-2.949116740816569,5.377278651815694,-3.3950164448425713,7.336686781283717,-3.843145647388704
2.1430968103621235,-0.22485324717843688,0.22485324717843688,14.423724985217932,-0.15186034692451933,-8.726645999999995,0.000168786828290552,-0.003929523046408691,-0.0026346765792974727,-0.005880815024167898,-0.0012822963405898062,-0.0012822963405898062,-0.4794814649273288,-2.0887703232704764,1.470172211193079,-2.5346969351587774,3.419825887313487,-2.9806235470470783,5.369479563433895,-3.4265501589353797,7.328881507934907,-3.8747064038831227
2.1753844919346275,-0.22480642957519345,0.22480642957519345,14.425766663574098,-0.2777957822196245,-8.726646000000022,-0.000734249514780491,-0.00479865222848467,-0.011864227724900284,-0.015218198352906083,-0.002128148854484291,-0.002128148854484291,-0.48715497557879206,-2.120136249753422,1.4625195756200882,-2.565971583040775,3.412194126818968,-3.0118069163281285,5.361868678017848,-3.457642249615482,7.311543229216729,-3.903477582902835
2.207566510665839,-0.2247024160330472,0.2247024160330472,14.42751777646555,-0.42375852121040836,-8.726645999999972,-0.001956346573694888,-0.0059841004718787765,-0.02426068731791529,-0.02787659051648373,-0.003288708168836182,-0.003288708168836182,-0.4947214212306467,-2.151418279737549,1.454999492333793,-2.5970508180574603,3.4047204058982325,-3.042683356377371,5.354441319462673,-3.4883158946972816,7.304162233027113,-3.9339484330171928
2.2396313326900943,-0.22453987380948373,0.22453987380948373,14.429178040812461,-0.3518092925660374,-8.726646000000027,-0.0016264105911409032,-0.0056139813617060216,-0.017911872007013087,-0.02147824136064895,-0.0028899607369733712,-0.0028899607369733712,-0.5021705438305447,-2.1826069850699517,1.4476227780814583,-2.6279226055318388,3.3974160999934617,-3.073238225993726,5.3472094219054656,-3.518553846455613,7.297002743817468,-3.9638694669175
2.2715696253345308,-0.22431872649703036,0.22431872649703036,14.43071339753755,-0.4514655794017078,-8.726646000000027,-0.002364469527570119,-0.006310876065806274,-0.019091341478469876,-0.022746722924986237,-0.003559039997508122,-0.003559039997508122,-0.5094955463541309,-2.213694389699664,1.4403962082313022,-2.658578807722753,3.3902879628167346,-3.1034632257458417,5.340179717402168,-3.5483476437689303,7.290071471987601,-3.9932320617920194
2.3033767446316706,-0.22403906713211794,0.22403906713211794,14.432190556759872,-0.5885041887871985,-8.726645999999972,-0.0035142818110603723,-0.007421061672108595,-0.03449964529189129,-0.03852886740597658,-0.004639935358429189,-0.004639935358429189,-0.5069404373549116,-2.246899156767923,1.4430756570728103,-2.691238251911322,3.393091751500532,-3.1355773470547206,5.3431078459282535,-3.5799164421981198,7.293123940355976,-4.024255537341518
2.3350325511188625,-0.2236981418281172,0.2236981418281172,14.43335855159489,-0.5360922644846207,-8.726645999999972,-0.0033152226098156854,-0.007191804071947889,-0.029980366698233965,-0.03403105910743665,-0.004374525633547634,-0.004374525633547634,-0.513990682676892,-2.2777599945793248,1.4361767848637408,-2.721434254083023,3.3863442524043736,-3.1651085135867207,5.3365117199450065,-3.608782773090419,7.28667918748564,-4.052457032594116
2.366522707182513,-0.22329361947528303,0.22329361947528303,14.434506905601985,-0.4378847996704345,-8.726645999999972,-0.0026233328427395525,-0.006471498203198707,-0.020083264696799243,-0.024034887179389532,-0.0036216467969012096,-0.0036216467969012096,-0.520883891551661,-2.3084864511476875,1.4294628925783477,-2.7513717880394526,3.3798096767083567,-3.1942571249312177,5.330156460838365,-3.6371424618229833,7.280503244968374,-4.080027798714749
2.397845955079666,-0.2228278787897308,0.2228278787897308,14.435778509195387,-0.3178845117800001,-8.726645999999972,-0.001725430806033039,-0.0055268503444934735,-0.01497314560839569,-0.018842350032919345,-0.0026716221366862476,-0.0026716221366862476,-0.52762080091876,-2.339077064726547,1.4229320413950828,-2.7810539977687467,3.3734848837089255,-3.223030930810946,5.324037726022768,-3.6650078638531456,7.2745905683366106,-4.106984796895345
2.4290098428178792,-0.22230794290828054,0.22230794290828054,14.43707696987067,-0.32984560830519244,-8.726646000000027,-0.0017636435943685802,-0.005516394595682916,-0.013831098879686993,-0.01764185236977887,-0.002664750376986946,-0.002664750376986946,-0.5342130859052674,-2.3695369158031085,1.416569292414776,-2.8104996267390736,3.367351670734819,-3.2514623376750382,5.318134049054863,-3.6924250486110033,7.268916427374906,-4.133387759546968
2.460025343927241,-0.22173959400483226,0.22173959400483226,14.43826583832216,-0.36859718961641846,-8.726646000000027,-0.002102847326290039,-0.00580567693548378,-0.018992841887689762,-0.0228562593402458,-0.0029604713939058854,-0.0029604713939058854,-0.5406695109790666,-2.3998752410619177,1.4103631729293886,-2.8397291558119977,3.3613958568378437,-3.2795830705620777,5.312428540746299,-3.7194369853121576,7.263461224654754,-4.159290900062238
2.4908980288606144,-0.22112921752700193,0.22112921752700193,14.439398572941839,-0.25932469172403866,-8.726646000000027,-0.0013825460367365631,-0.005035495896982767,-0.011439450741029256,-0.015157553149601193,-0.0021958841125908207,-0.0021958841125908207,-0.5470000379397553,-2.4300954608153975,1.4043007589974588,-2.8687584292458235,3.355601555934673,-3.30742139767625,5.306902352871887,-3.7460843661066763,7.258203149809105,-4.184747334537103
2.521636837306774,-0.2204835236769066,0.2204835236769066,14.440567408542067,-0.31854016436264576,-8.726645999999972,-0.001773378849242998,-0.005376000883542209,-0.011759380418269953,-0.015439209741737719,-0.0025428297384671597,-0.0025428297384671597,-0.5532179221566011,-2.460203704953564,1.3983657099732265,-2.8976066391034716,3.349949342103055,-3.3350095732533793,5.301532974232883,-3.7724125074032866,7.253116606362714,-4.209815441553195
2.5522537685934537,-0.21981010578660692,0.21981010578660692,14.441592175791227,-0.19948765290901707,-8.726646,-0.0009950701099573338,-0.004549709265100592,-0.010863284789713134,-0.014485500563057904,-0.0017210679521234204,-0.0017210679521234204,-0.5593382639165464,-2.4902088277528676,1.392539480638716,-2.9262974314905286,3.344417225193978,-3.3623860352281896,5.296294969749244,-3.7984746389658515,7.2481727143045065,-4.234563242703512
2.5827573402454886,-0.21911730544370223,0.21911730544370223,14.442674937444,-0.34632684839890077,-8.726646000000027,-0.0020190883034231144,-0.005528909633056725,-0.012159071934975289,-0.015724951135808678,-0.00270272040039077,-0.00270272040039077,-0.5653793782561315,-2.520115401570861,1.3868000201855475,-2.9548516391907365,3.3389794186272264,-3.3895878768106122,5.291158817068909,-3.824324114430489,7.243338215510588,-4.259060352050364
2.6131547369760773,-0.21841009882345158,0.21841009882345158,14.443525548477169,-0.23336858404801214,-8.726645999999995,-0.0013564096636510088,-0.004824534078146168,-0.014958971747028567,-0.01854227762510243,-0.0019954707408689825,-0.0019954707408689825,-0.5615893285118742,-2.552096217912266,1.3908970300668275,-2.9854517527379807,3.3433833886455293,-3.4188072875636957,5.295869747224235,-3.8521628223894107,7.248356105802936,-4.285518357215126
2.6434443293065106,-0.2176953583222687,0.2176953583222687,14.444439136937195,-0.2847597892396245,-8.726646000000022,-0.0016867848392392209,-0.005116469725101385,-0.010600046602128432,-0.014059612591544795,-0.0022824064632876793,-0.0022824064632876793,-0.5675065993574364,-2.581808316244354,1.3852889972293492,-3.013768219419707,3.3380845938161343,-3.4457281225950602,5.290880190402924,-3.8776880257704143,7.2436757869897095,-4.309647928945767
2.673634558198719,-0.21697629188706333,0.21697629188706333,14.445181040263696,-0.2922103819437416,-8.726646000000022,-0.0018269557103402167,-0.0052227901013190085,-0.016953658206168266,-0.020490469012716107,-0.002380762160635614,-0.002380762160635614,-0.5733785130682078,-2.6114285040081318,1.3797271865066951,-3.041984105862329,3.3328328860815977,-3.4725397077165265,5.285938585656504,-3.903095309570724,7.239044285231407,-4.333650911424922
2.7037238071022625,-0.21625810829711994,0.21625810829711994,14.445889492862126,-0.23068163814024045,-8.726645999999995,-0.0014197788678154497,-0.00478679980073483,-0.010354779861056223,-0.013755928968059945,-0.001935714716284267,-0.001935714716284267,-0.5792164407947539,-2.6409526197576145,1.3741979730274805,-3.0701054222319035,3.327612386849715,-3.4992582247061925,5.281026800671953,-3.928411027180482,7.234441214494187,-4.3575638296547705
2.7337134061400414,-0.21554397062126426,0.21554397062126426,14.446557751041656,-0.2591255080886276,-8.726646000000022,-0.0016126526217853966,-0.0049522753612195386,-0.012006141015351723,-0.015420411570172075,-0.002095974622885979,-0.002095974622885979,-0.5850298409936403,-2.670379949006647,1.368690548874044,-3.0981376353376633,3.322410938741728,-3.5258953216686795,5.285899930558752,-3.955791796431351,7.239620320426437,-4.383549482762367
2.763605563714094,-0.2148374376417675,0.2148374376417675,14.447073458112213,-0.39401305736974784,-8.726646000000022,-0.0026568658260934627,-0.005972896682985958,-0.022553134409761765,-0.026142100204640993,-0.003113510763453364,-0.003113510763453364,-0.5908268647238227,-2.6997109711434137,1.3631952623936447,-3.1260881829351876,3.3172173895111126,-3.5524653947269615,5.281009627264169,-3.980974492577695,7.2350317543816365,-4.407351704369469
2.793391463584907,-0.21413754482128763,0.21413754482128763,14.447537669061932,-0.45571232261137073,-8.726646000000022,-0.003249662965240316,-0.006544210274611832,-0.026315167770386096,-0.029975817906408905,-0.0036798490827863175,-0.0036798490827863175,-0.5966054026038693,-2.728937130535056,1.357714664249773,-3.153946631950229,3.3120347311034157,-3.5789561333654025,5.266354797957058,-4.003965634780576,7.220674864810701,-4.428975136195749
2.8230546065346593,-0.21344025534029537,0.21344025534029537,14.447766036977647,-0.49788697035984125,-8.726645999999967,-0.0036370052587216053,-0.006912534288280857,-0.02748172364798606,-0.031203946493094183,-0.004041913490484754,-0.004041913490484754,-0.6023528076512015,-2.758044308308203,1.3522631387255633,-3.1816909796862087,3.3068790851023278,-3.605337651064215,5.261495031479093,-4.028984322442221,7.216110977855857,-4.452630993820227
2.8525758821324567,-0.21274077537310757,0.21274077537310757,14.447972791005467,-0.5990403947420512,-8.726646000000022,-0.004439223340778109,-0.007695012737311909,-0.03443161644522924,-0.03834324068853378,-0.004822774225780161,-0.004822774225780161,-0.5982806099351323,-2.7891305948448184,1.356631190607636,-3.2114099479970077,3.3115429911504046,-3.6336893011491966,5.276229350695888,-4.058080051067147,7.231141151238656,-4.480359404219336
2.881936797586618,-0.21203220741724335,0.21203220741724335,14.447933158153777,-0.675831493455926,-8.726646000000022,-0.005107385804568746,-0.008341576300943176,-0.039278649986709845,-0.043359669483280835,-0.005471487253080499,-0.005471487253080499,-0.6039152626053645,-2.8179506846068305,1.3512952607805888,-3.2388447440099375,3.306505784166542,-3.659738803413045,5.261716307552495,-4.080632862816152,7.2169268309384496,-4.501526922219259
2.911115553389552,-0.21130567504772088,0.21130567504772088,14.447738131442842,-0.8091803130693829,-8.726646000000022,-0.006169723302957782,-0.009380923447889872,-0.04620210357609205,-0.05054988782855722,-0.006516124038982959,-0.006516124038982959,-0.6094555946250468,-2.8466045814912175,1.3460602058640858,-3.2660780062005155,3.3015760063532182,-3.685551430909813,5.257091806842351,-4.105024855619111,7.212607607331483,-4.524498280328409
2.940086070805484,-0.21054979924359554,0.21054979924359554,14.447273475515797,-0.9358394888229763,-8.726646000000022,-0.0072263553407200054,-0.010413003519207651,-0.05474200278258096,-0.059500031033366624,-0.007555719796573199,-0.007555719796573199,-0.6148652451917952,-2.8750733614987394,1.3409670664391358,-3.293068539437923,3.296799378070067,-3.7110637173771064,5.252631689700998,-4.12905889531629,7.2084640013319286,-4.547054073255474
2.9688174087961494,-0.20975200269708713,0.20975200269708713,14.446486757271094,-1.0290960428305065,-8.307766992000225,-0.008030818165321607,-0.011188307102300779,-0.05880058940272822,-0.06391965174063019,-0.008340636441097959,-0.008340636441097959,-0.6201018857629136,-2.9033343689703326,1.3360632785186728,-3.3197690577886316,3.2922284428002593,-3.7362037466069307,5.248393607081846,-4.15263843542523,7.204558771363432,-4.569073124243528
2.9972795798557397,-0.20889890451204504,0.20889890451204504,14.44546601685561,-1.0095335391350193,-7.802587340609369,-0.007977057204303946,-0.01109388531958342,-0.05722690824592996,-0.06260217549320418,-0.008265461614889252,-0.008265461614889252,-0.6251198199714126,-2.9313665909433957,1.3313998921188135,-3.3461323274771386,3.2879196042090397,-3.760898064010882,5.244439316299266,-4.1756638005446245,7.200959028389493,-4.590429537078368
3.0254490959340896,-0.20798034040243563,0.20798034040243563,14.444394886547759,-1.0112164594698794,-7.2899146637067265,-0.007983935256093562,-0.011053651929299795,-0.05567309566282959,-0.06125707866211961,-0.008253851539352444,-0.008253851539352444,-0.6200982595583212,-2.9612194077070924,1.3368016159813023,-3.3741877807249367,3.293701491520926,-3.7871561537427816,5.2506013670605505,-4.200124526760627,7.207501242600173,-4.613092899778471
3.053309308796501,-0.20698786104234362,0.20698786104234362,14.443318526036316,-1.014776890771473,-6.782068720735742,-0.00801604900354963,-0.011037954931837854,-0.05632180963952295,-0.062168805665150983,-0.008273455028476541,-0.008273455028476541,-0.6245736459828314,-2.9887464756862663,1.3327351282880358,-3.3997724628966557,3.290043902558903,-3.810798450107045,5.24735267682977,-4.2218244373174345,7.2046614511006375,-4.632850424527824
3.0808569089993774,-0.20591565222217909,0.20591565222217909,14.442159179003312,-0.9868918747175576,-6.312218733064827,-0.00781295415495073,-0.010789419298603933,-0.05387634837450429,-0.05985088379988837,-0.008063213093177696,-0.008063213093177696,-0.6287390147070651,-3.0160183263890135,1.3290093400761125,-3.424945434005715,3.28675769485929,-3.833872541622416,5.244506049642467,-4.242799649239117,7.202254404425645,-4.651726756855819
3.108090424074241,-0.20475959929699858,0.20475959929699858,14.441110609824525,-0.907797482656324,-5.835148676259796,-0.007207808935540805,-0.010140211602011916,-0.04874976565925718,-0.05472638004282302,-0.007453411989050917,-0.007453411989050917,-0.6325760187352163,-3.0430369147848175,1.3256437690971694,-3.449700488936333,3.2838635569295556,-3.8563640630878493,5.242083344761941,-4.263027637239365,7.200303132594327,-4.669691211390881
3.1350167222278014,-0.2035193442947965,0.2035193442947965,14.440196871426837,-0.843275205837572,-5.420031097595428,-0.006669401995825084,-0.009558043634680831,-0.04434162954683259,-0.05027031974700402,-0.0069105399156583844,-0.0069105399156583844,-0.6360783887396022,-3.0698101133500715,1.322644259397095,-3.474044683465449,3.2813669075337923,-3.878279253580826,5.24008955567049,-4.2825138236962035,7.1988122038071864,-4.686748393811581
3.16165028625018,-0.20219744176833587,0.20219744176833587,14.439447045054905,-0.7312506631482485,-5.065622090831489,-0.00579768733271044,-0.008641991316734472,-0.038056673307092774,-0.043795481091715965,-0.006033970408810525,-0.006033970408810525,-0.6392497153832501,-3.0963514551691764,1.3200055799358645,-3.4979964324364246,3.279260875254983,-3.8996414097036736,5.238516170574097,-4.301286386970922,7.1977714658932115,-4.70293136423817
3.188007272294734,-0.20079981122297633,0.20079981122297633,14.438819946267936,-0.8047991857398396,-4.784777141831917,-0.0062513354330967184,-0.009048003712709323,-0.03976812670004988,-0.04546773643610602,-0.006477148524311605,-0.006477148524311605,-0.6323050737366479,-3.1246728887886808,1.3275096591122666,-3.5235791596197346,3.2873243919611808,-3.922485430450788,5.247139124810095,-4.321391701281842,7.206953857659009,-4.7202979721128955
3.214110698352622,-0.19933243198738693,0.19933243198738693,14.438077825752746,-0.7324199989903812,-4.553192386502027,-0.005799983849329259,-0.008548306736239544,-0.041098251650247136,-0.04676236872522438,-0.006003874407080578,-0.006003874407080578,-0.6348537677173897,-3.1507885163685323,1.32554420176228,-3.5468185673242503,3.28594217124195,-3.9428486182799687,5.246340140721619,-4.338878669235687,7.206738110201289,-4.734908720191405
3.2399777022887655,-0.19780330947039115,0.19780330947039115,14.437434930434687,-0.6190623268950823,-4.404993693416688,-0.004941156606256016,-0.007639622965048546,-0.030328221568548728,-0.035560359815625914,-0.005113859192288519,-0.005113859192288519,-0.637119582535226,-3.176717511658619,1.3238816732605905,-3.5697494121033944,3.2848829290564066,-3.9627813125481697,5.245884184852223,-4.355813212992945,7.206885440648039,-4.748845113437721
3.2656303776041953,-0.1962217190141715,0.1962217190141715,14.436893778877531,-0.6808257014025099,-4.338941306960068,-0.0053360613835863185,-0.007982968487796895,-0.03351999259372549,-0.03864871372614993,-0.005470258804193355,-0.005470258804193355,-0.6391306062566615,-3.2024762030774423,1.3224898121311566,-3.5924061123739754,3.2841102305189778,-3.9823360216705095,5.245730648906796,-4.372265930967043,7.2073510672946135,-4.762195840263576
3.2910881505185974,-0.19459828823072,0.19459828823072,14.43616962778652,-0.648422774719084,-4.349894032121117,-0.0051914196949118035,-0.007793337754354814,-0.03738384205245997,-0.04243959333719221,-0.005280396422302296,-0.005280396422302296,-0.6409166722598485,-3.228077916299928,1.3213341851163316,-3.614822758187245,3.2835850424925153,-4.001567600074563,5.245835899868695,-4.38831244196188,7.208086757244875,-4.775057283849198
3.31635509509752,-0.19294174154178073,0.19294174154178073,14.435509395694,-0.6952756375540132,-4.3915123608188456,-0.005557873877886836,-0.008120017717596248,-0.03669419796182579,-0.04160196019488283,-0.0055925208484869406,-0.0055925208484869406,-0.6326893325375439,-3.2554439521012304,1.3301994930811976,-3.6389377046723475,3.2930883186999393,-4.0224314572434645,5.255977144318681,-4.405925209814582,7.218865969937423,-4.789418962385699
3.3414406134424595,-0.19125865150080681,0.19125865150080681,14.434624988985558,-0.785357037233197,-4.420878887850075,-0.006309878953749878,-0.008836384766397842,-0.04535154194639889,-0.050440164757125254,-0.006282060078651513,-0.006282060078651513,-0.6340929170457817,-3.2807242410350628,1.329438582556639,-3.660913733353128,3.292970082159064,-4.041103225671193,5.256501581761484,-4.4212927179892585,7.220033081363906,-4.801482210307323
3.3663403496668614,-0.1895541736906497,0.1895541736906497,14.433715739943224,-0.8168059602845541,-4.4282657024931495,-0.006674043450139717,-0.00917034720856727,-0.04658815259378464,-0.05169168529902597,-0.00657856424026851,-0.00657856424026851,-0.6353304982804838,-3.3058436907618423,1.3288461732925159,-3.682685836558232,3.2930228448655114,-4.059527982354621,5.257199516438508,-4.43637012815101,7.2213761880115035,-4.813212273947399
3.391042028366302,-0.1878312589848247,0.1878312589848247,14.432642359654237,-0.7719710931647651,-4.125363013430372,-0.006435599628442782,-0.008908398359499631,-0.043282673582742,-0.04832094323942119,-0.0062717196767088056,-0.0062717196767088056,-0.636409966579944,-3.3307879537107064,1.328413056281855,-3.7042454329934706,3.293236079143651,-4.0777029122762345,5.258059102005446,-4.451160391558998,7.222882124867242,-4.824617870841762
3.4155343401916776,-0.1860944240562414,0.1860944240562414,14.431610167451431,-0.6660556480754249,-3.903468392918205,-0.005686529903853573,-0.008141237267958751,-0.03651901185878928,-0.041355349718483515,-0.005460319979893712,-0.005460319979893712,-0.6275173843435312,-3.357394341059038,1.3379513086490449,-3.7274386855179893,3.3034200016416206,-4.0974830299769405,5.268888694634197,-4.467527374435891,7.234357387626773,-4.837571718894842
3.439810653470545,-0.18435070461789888,0.18435070461789888,14.430655217129548,-0.6454142749775283,-3.8253021863386745,-0.005503708515592272,-0.007935861342016138,-0.03454581061269218,-0.03925416495395583,-0.0052204170094180945,-0.0052204170094180945,-0.6283287947578241,-3.3819373526734102,1.3377821633647382,-3.7485539103333094,3.303893121487297,-4.115170467993208,5.270004079609857,-4.481787025653106,7.236115037732415,-4.848403583313004
3.4638768478080175,-0.1826069034986788,0.1826069034986788,14.429610368689186,-0.7169655219186178,-3.7914142302399605,-0.006052111482151482,-0.008461245426913,-0.04048801165188732,-0.0453023776461088,-0.005717570629683525,-0.005717570629683525,-0.6290431481197267,-3.4062806012693714,1.3377041267264334,-3.7694680967661416,3.3044514015725905,-4.132655592262911,5.271198676418747,-4.495843087759681,7.237945951264904,-4.85903058325645
3.4877274826130935,-0.18086760100570623,0.18086760100570623,14.428470694702437,-0.8250540122855539,-3.756593423109381,-0.006932498265315905,-0.009321109879321957,-0.04722947915260322,-0.052221623067852614,-0.006552079138225752,-0.006552079138225752,-0.6296759804455287,-3.430415594738432,1.3377000121236826,-3.790181774169357,3.30507600469289,-4.149947953600282,5.272451997262098,-4.509714133031207,7.239827989831306,-4.869480312462132
0.0,0.0,0.0,0.0,0.0,0.0,0.0,0.0,0.0,0.0,0.0,0.0,0.0,0.0,0.0,0.0,0.0,0.0,0.0,0.0,0.0,0.0
