#{"t_start": 1695280172.0463686, "env_id": null}
r,l,t
-842268.550804,332,46.774648
-1304931.069118,541,69.803764
-891166.605466,261,83.680456
-1863491.956642,857,117.02398
-3230798.900838,589,141.7348
-1052844.963653,639,167.851863
-833204.527571,242,180.849391
-928073.645843,495,202.146119
-4347210.351236,918,236.754124
-1227918.847611,563,260.089519
-1071644.177278,404,278.235759
-3354449.191645,405,296.58908
-4466395.855033,995,333.82433
-948395.272957,334,349.580227
-762011.865834,314,364.830377
-2960543.913632,507,386.357161
-2522494.732274,947,421.773258
-1192947.123172,481,442.481077
-3152701.282547,473,465.011753
-1783827.963842,718,493.128115
-1238870.081349,303,507.939279
-2807048.653277,460,527.817453
-913259.230314,383,545.215907
-1529060.408337,675,572.144276
-3721740.680985,913,606.849723
-1641183.250891,836,638.900596
-1693336.829027,631,664.581062
-2953530.468283,382,682.32106
-1531998.337637,503,703.718796
-897388.963473,262,717.19279
-973042.221493,299,732.015305
-3220330.53732,610,756.910128
-2541491.741641,528,779.102642
-4015995.200807,692,806.690436
-971492.637642,300,821.533708
-2922476.242941,565,844.783875
-934740.079346,348,861.080267
-942604.001271,384,878.665295
-5892254.251563,783,909.005819
-2818670.531996,588,933.102608
-3515203.290412,655,959.415622
-3001012.909148,779,990.166471
-857652.297744,249,1003.259116
-1663181.788852,732,1031.9431
-2658376.381361,398,1049.973153
-884274.450468,465,1070.128561
-1437446.405227,413,1088.556417
-3031117.987968,397,1106.490013
-3957170.73186,640,1132.270196
-1052903.465698,495,1153.400166
-3248378.446623,492,1174.478509
-956865.74212,389,1192.121132
-3027621.455011,730,1220.841214
-2751913.23118,387,1238.476759
-3330868.310545,580,1262.343429
-3166099.178343,798,1293.242452
-3300667.173124,509,1314.852487
-3785268.560031,759,1344.477749
-3188153.984978,517,1366.200487
-1093350.119894,365,1383.106798
-1298365.998473,544,1405.955564
-4054138.953642,636,1431.650353
-902370.424581,268,1445.626371
-2797489.641437,388,1463.269835
-4562201.10602,1134,1505.201448
-4316149.708475,950,1540.918427
-1324628.621684,533,1563.315914
-2706022.567771,376,1580.536038
-4196358.478281,517,1602.537341
-796274.736534,249,1615.700547
-997926.44729,317,1630.945561
-859308.553795,293,1645.478667
-835333.854335,396,1663.419197
-1221224.184702,502,1684.516645
-3002841.179969,431,1703.411448
-1002972.341782,353,1719.946432
-2530426.515616,337,1735.909568
-2786015.700411,442,1755.481154
-3126500.830335,479,1776.836819
-1060447.472046,287,1791.21769
-5608155.142949,965,1828.607448
-8656457.875748,1241,1875.347781
-2792504.496612,395,1893.382612
-3658263.318759,582,1917.717649
-2973084.1999,467,1938.101582
-2655940.660842,330,1953.842824
-1099430.198505,589,1978.07787
-3221268.514773,644,2004.022399
-852261.120653,267,2017.396819
-1236318.799117,506,2038.801546
-4334783.504055,979,2075.721503
-4158558.770078,774,2106.077948
-3474911.548196,776,2138.010715
-4680651.265976,552,2161.061921
-772977.413137,239,2173.604406
-1557868.754886,606,2198.576352
-840862.4459,267,2212.061879
-749969.414199,225,2224.055166
-760981.847149,203,2235.4723
-926691.871883,260,2248.768115
-1123725.50476,472,2269.039785
-1947866.027146,454,2288.89636
-741208.980328,241,2301.502287
-808068.796956,245,2314.354722
-5000572.00477,688,2341.926478
-2874335.247599,549,2364.947307
-2555665.093908,353,2381.448546
-733705.866798,206,2392.889301
-1403559.917047,572,2416.619572
-2455141.167022,408,2434.801919
-897166.971781,302,2449.437357
-2160129.011992,682,2476.992376
-3776149.215937,814,2508.996532
-3687173.839914,606,2533.939301
-2529683.795516,321,2549.317529
-2903050.148087,480,2570.080846
-2535129.059082,333,2585.957425
-749793.680156,207,2597.327243
-964097.915264,452,2616.980446
-3049397.760031,388,2634.482978
-2488941.380966,331,2650.187509
-2551482.416273,363,2666.933352
-2859187.101234,378,2684.211637
-2527201.384521,410,2702.521563
-714580.178471,222,2714.541669
-707714.599325,201,2725.865687
-2455509.797005,329,2741.379071
-1153290.741318,408,2759.85337
-726829.200822,194,2770.924501
-737548.067311,236,2783.426358
-1097416.509116,325,2798.877553
-953542.152994,421,2817.601881
-1487408.550296,516,2839.404298
-3658383.395081,518,2861.491523
-6039144.890294,1029,2900.944815
-830417.650732,341,2917.18003
-830991.261503,273,2930.886797
-810747.710701,260,2944.110018
-730816.088101,226,2956.202882
-925201.996963,285,2970.257393
-970905.413852,297,2984.728504
-793841.757987,275,2998.461548
-886323.476202,253,3011.72747
-789893.532747,227,3024.084206
-791036.375884,344,3040.324618
-761189.328282,215,3052.369692
-719403.867945,267,3065.966804
-908086.049018,277,3080.009641
-945066.165381,405,3098.352575
-786517.485614,264,3111.871787
-708585.793955,186,3122.936368
-778851.036687,391,3140.836492
-2849439.306084,343,3157.091495
-868024.959765,267,3170.811611
-2459764.265644,336,3186.785708
-2520269.070612,327,3202.34251
-2408977.302981,330,3218.161438
-2466524.996593,313,3233.249747
-2522502.892385,325,3248.727542
-737393.011093,204,3260.216325
-744241.987355,217,3272.136886
-2527760.923603,349,3288.511378
-752868.703978,218,3300.445718
-716360.971467,197,3311.576478
-712407.73836,186,3322.408467
-713541.44315,203,3333.801243
-1337106.72259,705,3362.04349
-2444555.490361,406,3380.155853
-2449295.518333,299,3394.865143
-2808334.325023,402,3413.228154
-913139.892664,284,3427.535373
-3657324.481794,1428,3480.28343
-728939.58531,222,3492.525693
-705041.174593,191,3503.745362
-748983.430975,206,3515.365509
-785667.410966,229,3527.716624
-881647.17526,353,3544.298035
-803420.99545,273,3557.970149
-854828.689351,274,3571.901811
-2456093.821397,286,3586.134836
-2608495.365131,378,3603.275283
-741246.992389,221,3615.328533
-748926.602297,220,3627.260934
-832981.427351,269,3640.709481
-710000.3886,187,3651.589738
-1138082.925222,600,3676.283446
-764301.332571,222,3688.212626
-870698.433715,331,3703.802389
-762854.4966,299,3718.409458
-1525688.195588,514,3740.154815
-1675394.128559,661,3766.832404
-2431294.393382,314,3782.201799
-2386444.597501,532,3804.77365
-2555167.058105,406,3823.254308
-702014.258847,224,3835.485896
-709197.892571,182,3846.381821
-2494833.181717,391,3864.237503
-948858.804824,309,3879.270475
-708291.614123,189,3890.362736
-2478338.471749,344,3906.761448
-973566.282435,584,3931.236883
-1062625.304308,386,3948.727396
-809638.703731,238,3961.271505
-1627200.523412,550,3984.268236
-2584126.967907,330,3999.961304
-2449808.905077,347,4016.206149
-717672.438437,183,4027.02959
-728343.015533,217,4038.860414
-893401.932625,304,4053.687133
-847692.410765,330,4069.493513
-1038618.571601,414,4088.067052
-805565.372399,222,4100.28357
-773429.213409,233,4112.854416
-1158238.133548,312,4127.900539
-729044.447036,260,4141.315284
-9891804.3665,837,4174.142408
-3003987.179655,519,4196.427773
-847147.857362,265,4210.067334
-842123.426295,338,4226.212593
-2456477.723746,364,4243.082407
-2453371.578147,641,4269.436473
-2449554.538938,296,4284.17844
-2432358.715618,288,4298.547653
-2757117.714147,435,4317.801891
-2541160.636749,317,4333.242495
-727579.912699,245,4346.17838
-2533179.528221,329,4362.009393
-3855871.22177,606,4387.252369
-757614.608715,219,4399.336377
-904751.915021,274,4413.32369
-844495.404568,281,4427.477361
-703684.267592,212,4439.311563
-703982.170382,199,4450.664137
-703317.908276,184,4461.598923
-822348.208187,223,4473.872584
-811194.62205,243,4486.702525
-728532.083331,209,4498.366651
-699767.649389,183,4509.255469
-799839.799888,200,4520.790745
-947800.159751,359,4537.595576
-764429.478339,220,4549.691578
-728051.959856,209,4561.338475
-710245.604267,196,4572.592479
-704479.882044,190,4583.572403
-733462.47349,230,4595.841495
-696943.462543,184,4606.600716
-755030.913481,204,4617.977629
-4833317.149707,646,4644.48754
-2439463.910792,305,4659.405407
-2598944.730751,344,4675.568411
-3371856.390828,416,4694.144434
-2963749.761104,401,4712.253915
-2543437.080588,354,4729.093539
-775963.603202,240,4741.900534
-2493811.553076,326,4757.74586
-861296.213641,312,4773.161692
-761121.039876,228,4785.582142
-2491029.65918,370,4802.738425
-2435235.070361,310,4817.859589
-726665.449412,209,4829.646609
-702617.892108,177,4840.275044
-711463.671542,223,4852.565514
-2433932.050411,426,4871.629813
-2461778.684832,280,4885.72803
-730402.068626,213,4897.478687
-725590.084444,200,4908.921792
-767000.826349,214,4920.866664
-698318.45389,178,4931.563459
-727398.929351,201,4942.943337
-2412503.374608,323,4958.545927
-2509996.306089,305,4973.606253
-3684178.670115,526,4996.096415
-732086.080062,202,5007.64623
-725466.555187,214,5019.625713
-707549.083365,182,5030.52564
-709632.355182,189,5041.560373
-743716.097384,211,5053.339593
-706331.227997,236,5065.95731
-758675.536108,209,5077.740098
-710505.413283,196,5088.988348
-710832.781509,260,5102.39852
-2402600.020625,322,5117.938852
-708540.706857,233,5130.322842
-712239.250591,190,5141.348798
-707201.403004,191,5152.480137
-4449816.417039,819,5184.794502
-835939.083149,308,5199.778501
-842631.606468,372,5216.977469
-691526.59945,171,5227.468708
-700196.227157,177,5238.249981
-725325.828511,202,5249.690503
-2461654.520183,317,5265.080822
-2501788.842815,287,5279.478502
-2542568.342784,381,5297.138294
-2663301.744113,361,5313.995772
-1018815.207912,362,5330.938569
-2471775.933234,302,5345.915382
-7074222.814344,644,5372.319573
-753241.358804,214,5384.162675
-718274.936287,205,5395.749416
-2455646.847675,286,5410.129272
-3071614.05469,405,5428.59365
-1116302.892053,453,5448.512461
-716338.29549,204,5460.161909
-841907.135728,237,5472.79212
-693644.521779,186,5483.745583
-722656.045578,217,5495.714721
-728898.128121,207,5507.358373
-3964495.625347,913,5542.794345
-746780.090253,218,5554.88976
-708660.84487,208,5566.606395
-771141.685382,243,5579.447494
-753567.588255,211,5591.27857
-707236.37753,185,5602.213528
-3055766.535051,504,5624.003985
-2391830.335468,357,5640.756104
-943800.04449,342,5657.054338
-2552066.470751,333,5673.035474
-3035564.493072,433,5692.294671
-2441861.506633,301,5707.077826
-2743804.403358,487,5728.284534
-1909492.453024,447,5748.16344
-2456239.221802,290,5762.557381
-2625714.229108,309,5777.609417
-2633716.941973,331,5793.597445
-2467240.883891,268,5807.367594
-821915.448439,296,5822.0813
-2466548.923843,276,5836.044425
-2470225.595201,279,5850.139473
-3441946.147845,490,5871.414971
-2486914.142436,318,5886.755171
-799286.739563,315,5902.054393
-1212177.449687,394,5919.890409
-835582.584475,329,5935.487766
-742714.043054,231,5947.973965
-734238.281971,200,5959.258773
-710422.401603,179,5969.850455
-698801.864137,189,5980.924727
-799395.291327,312,5996.009705
-711997.756653,266,6009.594488
-694206.581039,173,6020.038432
-692199.790943,176,6030.577728
-724836.604141,193,6041.925311
-705220.07449,190,6052.940558
-699310.349618,174,6063.25137
-2490596.587489,284,6077.393867
-3011448.488023,536,6100.097309
-2500782.3096,321,6115.66948
-707046.847056,183,6126.631313
-707643.065424,186,6137.689482
-700077.894226,176,6148.344555
-699640.046965,181,6159.087681
-709969.478239,212,6170.93697
-705590.634137,188,6181.916209
-713835.242992,201,6193.552546
-4251479.024049,586,6218.075501
-2770347.13115,353,6234.744078
-2577975.320436,392,6252.807156
-2538284.787912,406,6271.187371
-2572479.442137,461,6291.356043
-707790.424232,182,6302.248523
-702499.600188,184,6313.089612
-702938.476099,188,6324.13547
-741084.158397,212,6335.95921
-730766.430195,195,6347.229206
-706101.578435,183,6358.180472
-736993.101026,200,6369.685404
-769598.678663,268,6383.476499
-700185.72517,208,6395.227348
-820224.609713,282,6409.456007
-1206713.169214,470,6430.115162
-1566353.386285,593,6454.852554
-2876966.087362,360,6471.800525
-2473435.337128,302,6486.640445
-3363239.901878,438,6506.14146
-5218182.567628,638,6532.510368
-946754.829871,496,6554.001516
-708338.915561,189,6565.272529
-716029.831014,182,6576.10738
-692285.798577,174,6586.724474
-3075406.577744,623,6612.524651
-4926227.359382,669,6639.817453
-705711.927079,163,6649.979413
-1090302.104718,289,6664.497394
-713277.198517,187,6675.603391
-706354.270538,182,6686.55669
-2928983.682413,430,6705.812416
-702721.843606,175,6716.488157
-705511.484579,190,6727.561288
-711231.61667,194,6739.638226
-723607.32136,201,6751.471627
-2470194.793196,266,6765.266852
-2455012.714489,318,6780.749273
-2692924.386475,421,6799.859224
-2486615.8734,309,6815.204656
-2445428.298885,293,6830.517508
-875310.464713,327,6846.410571
-2467334.797139,393,6864.856899
-2579322.272741,338,6881.644187
-2442959.60447,273,6896.479712
-2644724.974623,415,6915.887564
-5090624.776547,905,6952.082655
-707923.781861,176,6962.894599
-691326.301846,192,6974.422663
-948570.483905,358,6991.53035
-716452.809731,188,7002.575428
-737726.93337,224,7015.286444
-4260540.971571,529,7038.664466
-714002.598725,263,7052.507637
-726249.025211,215,7064.55541
-3464544.865768,579,7089.588574
-2578765.85384,402,7108.275093
-3166877.566563,521,7131.46063
-2661173.331627,483,7153.356543
-2468162.190418,289,7168.460618
-2511022.69549,286,7183.2521
-2485082.387064,263,7197.066274
-2445403.8772,271,7210.804952
-2487861.804269,328,7226.456458
-2465953.842626,277,7240.416414
-6892600.817409,951,7277.244036
-2682390.022357,522,7299.564377
-2647045.450475,500,7321.114741
-4154346.901667,719,7350.159246
-703551.327696,211,7362.108571
-697866.631419,170,7372.594541
-2486778.695717,326,7388.280466
-721518.344024,251,7401.406375
-730260.900892,209,7413.271437
-822685.547515,250,7426.34461
-714063.1484,199,7437.742827
-755880.894153,236,7450.529437
-715102.918483,190,7461.702979
-719592.918069,230,7474.219449
-742083.813099,210,7486.072884
-725434.923094,199,7497.50722
-728931.130796,208,7509.217354
-742231.120198,214,7521.20953
-706373.295945,189,7532.308491
-768237.333683,248,7545.504128
-2870260.333683,536,7568.359656
-2460531.420297,276,7582.393939
-2537067.940378,304,7597.399934
-2492006.782942,360,7614.212523
-749368.078872,257,7627.742712
-3155292.330514,403,7646.046994
-2498033.338738,330,7661.856487
-741044.267015,217,7673.953409
-781891.945962,219,7685.980339
-744870.139299,223,7698.225539
-1009420.625591,268,7712.023332
-3228596.357363,507,7733.747116
-3097512.872537,605,7758.762502
-2449985.507006,270,7772.458983
-706877.940549,200,7783.762635
-694983.385003,166,7793.951025
-2424064.879673,281,7808.078361
-700147.021059,164,7818.340639
-3009201.57414,350,7834.819803
-709380.368029,190,7846.06919
-697743.716067,181,7856.966661
-1651939.557814,421,7875.893498
-2455549.279535,322,7891.65156
-2507343.472527,283,7906.061673
-5120477.748008,527,7928.642454
-717183.36924,195,7939.902581
-755721.454091,225,7952.233084
-738208.75977,219,7964.342605
-718000.23743,200,7975.725673
-720530.993831,205,7987.372421
-3529491.521575,478,8008.424286
-2442378.352899,366,8025.442681
-2920642.371246,519,8047.743315
-968140.913633,390,8065.684886
-1078665.546333,409,8084.176328
-707285.922074,186,8095.207063
-753426.826396,240,8107.988629
-5252318.278531,641,8134.295432
-2618416.103897,484,8155.405226
-2428395.188482,276,8169.372583
-2499148.64304,313,8184.66443
-2683545.726104,519,8206.957494
-1131774.214102,422,8225.985489
-2452241.518288,280,8240.205341
-3106027.700432,353,8256.82531
-2836243.761925,423,8275.788633
-2480272.879823,360,8292.595195
-761927.668037,196,8303.680292
-857127.651506,280,8317.805504
-963531.211631,409,8336.23693
-720120.494657,234,8348.92428
-857970.454003,365,8366.053729
-1379859.967468,549,8389.360622
-2444743.648087,268,8403.137841
-2495257.7622,304,8418.153327
-3283221.164726,358,8434.939522
-751278.27604,233,8447.607475
-1577191.684136,542,8470.58995
-2503106.617365,336,8486.716411
-2487711.631214,287,8500.986454
-708268.029572,177,8511.682482
-704784.117782,191,8522.923588
-2433489.669458,344,8539.345339
-2741978.114964,470,8560.001549
-729034.235004,191,8571.184504
-730661.16858,187,8582.13034
-905217.592634,326,8597.970485
-3081309.287785,483,8618.847934
-2462648.59291,366,8635.715578
-739380.097333,195,8646.773019
-935416.202051,223,8658.786127
-2483096.662538,260,8672.072439
-736971.719013,242,8684.786762
-834779.729237,225,8696.96189
-763714.427836,347,8713.170716
-2680600.776169,390,8730.83479
-809561.936221,239,8743.420494
-2491896.575285,326,8758.98928
-2569778.179805,649,8785.541457
-1054024.833301,319,8800.812776
-740607.985017,207,8812.753257
-711264.247146,173,8823.139384
-782118.141621,199,8834.432534
-700629.366063,168,8844.638015
-742298.584085,216,8856.485174
-719005.954728,185,8867.183857
-713437.324828,200,8878.466519
-703183.3737,218,8890.504611
-787727.736908,223,8902.579503
-935842.510263,314,8917.770586
-2500517.60817,261,8931.127524
-2507930.890432,268,8944.773616
-3422688.719836,513,8966.715401
-701591.362035,166,8976.771544
-697214.315473,176,8987.204283
-695123.191036,170,8997.484423
-2646017.911975,559,9020.949909
-2480779.389716,274,9034.806659
-1350199.151412,343,9051.012528
-2477824.082474,279,9064.860797
-750597.667453,269,9078.478407
-721429.893957,223,9090.550385
-5348242.126051,597,9115.413502
-2448713.769318,287,9129.652427
-1017489.623442,350,9146.047142
-2498443.504446,360,9162.89827
-2510751.169581,353,9179.455936
-2469070.40405,281,9193.492487
-2565079.945091,323,9208.973576
-3482366.265878,488,9230.014236
-4156246.631019,560,9253.46254
-2576923.228859,418,9272.330026
-782996.093104,256,9285.878496
-743443.058254,334,9301.653712
-723301.877259,184,9312.437396
-3958608.844378,530,9334.988446
-1688626.648798,414,9353.550543
-2532014.949527,336,9369.497158
-730651.331127,197,9380.720977
-700860.757493,183,9391.490813
-704664.282696,191,9402.499696
-880326.637012,261,9415.944513
-809695.245637,330,9431.698716
-2513090.151223,361,9448.48835
-2452379.187281,420,9467.383344
-2438774.454547,513,9489.349395
-2630243.141063,535,9512.010845
-711861.177139,175,9522.52434
-811821.079385,365,9539.366454
-715114.907905,187,9550.339497
-706439.617901,175,9560.754833
-2542166.841285,358,9577.541308
-2490303.661832,371,9594.69994
-2772610.366801,405,9612.912657
-1202450.569607,535,9635.72172
-724514.074686,196,9646.887608
-2658575.079284,578,9671.092716
-3377344.682833,629,9696.976026
-718822.757838,183,9707.789611
-2465324.499426,321,9723.18724
-2450724.118084,272,9736.864475
-2511057.29975,325,9752.768775
-861539.341046,397,9770.74416
-734264.444004,215,9782.588561
-2615955.112661,396,9800.6324
-3486994.667342,558,9824.026287
-2491381.905825,341,9840.166318
-2541790.727964,293,9854.78242
-2506873.464239,381,9872.162055
-2466179.790938,310,9887.391856
-2402129.547897,283,9901.601319
-722137.238527,185,9912.446602
-800957.423087,207,9924.045658
-686393.89661,169,9934.355641
-702189.38317,164,9944.489337
-699704.906856,176,9955.002204
-701344.84502,169,9965.310419
-3817787.435136,746,9995.153387
-2493580.434525,259,10008.59832
-772458.378837,200,10020.015314
-2480254.320607,285,10034.324668
-2452745.376063,305,10049.238522
-2490821.066813,316,10064.479523
-2492362.331687,375,10081.772075
-2994171.112159,451,10101.546346
-707231.889507,187,10112.546666
-714006.733208,193,10123.604203
-792787.436823,272,10137.468957
-695065.123642,173,10147.887205
-698149.768169,182,10158.693458
-1501547.788128,637,10184.923246
-722804.13733,182,10195.714509
-850071.90785,193,10207.215409
-5517786.272998,647,10233.816891
-1478025.517345,436,10253.195375
-727928.374414,184,10264.158285
-4592146.493344,591,10288.983867
-9985562.312126,1194,10334.153963
-2529675.447334,412,10352.798945
-2809075.735534,407,10371.244626
-706247.980949,177,10382.016488
-698929.858446,185,10392.927953
-737690.149829,287,10407.51955
-1229288.350015,395,10425.562762
-703613.232898,173,10436.187102
-734619.926205,295,10450.941502
-4229135.528536,783,10482.330038
-2508004.105059,280,10496.551841
-2533131.571871,336,10512.681533
-701791.365613,170,10523.089517
-699871.499588,181,10533.91233
-704561.761638,184,10544.82748
-717131.497936,189,10555.945486
-702240.261954,173,10566.537413
-758163.819655,214,10578.372508
-4516207.216658,587,10603.035478
-739121.239742,300,10617.82932
-714296.250122,181,10628.564312
-759757.011376,251,10641.726653
-1972524.618203,613,10667.192539
-3008964.053986,504,10689.277709
-744075.988209,349,10705.70538
-1284260.927548,398,10723.943625
-705891.509823,178,10734.660435
-707166.479426,205,10746.283852
-703471.230038,195,10757.608664
-2413409.670508,270,10771.300417
-1548848.697106,492,10792.689293
-708143.286854,184,10803.661066
-704418.848763,202,10815.235844
-2419038.688986,378,10832.708402
-774489.179869,203,10844.33539
-979093.963696,264,10858.065641
-2498063.720271,341,10874.388022
-1475716.868738,425,10893.53493
-753486.480338,229,10906.240326
-1655577.301256,502,10927.913681
-701325.726434,170,10938.465586
-4148356.133605,531,10961.076171
-1208437.26056,386,10978.821446
-780369.633631,215,10990.873414
-828960.971362,260,11004.494831
-2618062.8813,400,11022.815247
-3659389.090584,653,11049.66882
-2416656.488639,372,11066.994366
-711456.736749,181,11077.854464
-708970.62229,171,11088.286634
-709993.151906,178,11099.035259
-693704.584569,175,11109.791961
-2461475.416202,266,11123.693443
-2445786.470362,287,11138.446093
-2654895.671673,375,11155.753341
-900609.98297,291,11170.376641
-719605.241237,198,11181.835215
-5132690.981709,807,11214.000729
-2659556.208314,421,11232.937498
-2710906.057548,499,11254.554456
-2500803.353718,303,11269.703521
-2502107.580535,298,11284.457882
-904326.879262,291,11299.011554
-917391.516696,348,11315.340499
-2548233.522802,329,11331.010061
-2370651.196011,252,11344.129547
-701830.125122,173,11354.658497
-710341.522197,176,11365.263422
-703289.41345,171,11375.580691
-706888.894553,195,11386.789325
-3431492.013673,478,11407.50748
-2427020.121496,289,11421.907159
-2465719.339453,325,11437.534385
-703859.017971,178,11448.102771
-706005.313592,163,11458.062588
-716450.893433,203,11469.460765
-749611.598685,204,11480.876297
-743818.88065,222,11493.031259
-762363.042512,218,11504.943442
-8274011.689623,836,11537.689152
-865678.095033,406,11555.988591
-698233.908048,174,11566.373368
-3558003.390587,552,11589.591685
-937825.843016,290,11603.954744
-3945288.329191,530,11626.531487
-2720356.165059,552,11649.783326
-692282.243629,180,11660.404028
-2428976.92874,300,11675.07654
-2694745.586427,459,11695.218363
-792827.638467,195,11706.386321
-3699658.413577,514,11728.504908
-786568.693754,219,11740.501482
-2833952.170542,478,11761.328315
-708380.214794,201,11772.738361
-1281310.510388,363,11789.577034
-696914.637756,179,11800.147808
-699946.95815,169,11810.458397
-2511409.184496,270,11824.139658
-2513150.873807,326,11839.763693
-2856016.080459,772,11870.528518
-2489533.832663,297,11885.162192
-2896233.928186,414,11903.781996
-715122.993437,179,11914.440425
-743277.996241,290,11928.819843
-701774.178246,172,11939.201494
-735856.937561,195,11950.393001
-709985.657765,183,11961.400541
-711048.833016,188,11972.345636
-3093902.916939,442,11991.92789
-716331.014093,189,12002.906272
-712859.774478,199,12014.209641
-762080.02398,221,12026.390426
-707290.257207,186,12037.251476
-705115.509249,199,12048.519594
-1838768.032241,564,12072.311775
-761736.659523,227,12084.674557
-996781.280388,252,12097.766586
-2526721.883045,338,12113.837767
-1627603.133849,399,12131.869515
-826692.20168,193,12143.108073
-770466.587333,223,12155.38965
-708363.282548,203,12166.865509
-774093.37325,240,12179.545207
-714182.875421,169,12189.975513
-705721.581685,166,12200.313484
-2537779.250392,321,12215.905491
-721806.048636,250,12229.068897
-708965.452149,168,12239.465787
-709720.776658,193,12250.67199
-792076.711453,206,12262.209374
-1642613.631398,331,12278.176301
-713650.137893,181,12289.003007
-2608553.065871,374,12306.440758
-756572.949133,229,12318.923393
-725043.579331,226,12331.230496
-1469049.830741,415,12350.074528
-2486689.293419,624,12375.807468
-2994043.637122,424,12394.924475
-775884.859907,213,12406.836468
-1810113.278133,538,12429.847369
-737441.9285,178,12440.549911
-925114.861701,215,12452.60775
-7123268.285279,665,12479.893385
-708149.737922,181,12490.676498
-1200206.94121,398,12508.828408
-2506144.838346,308,12524.001194
-2866720.241346,450,12543.912954
-749546.558445,291,12558.425832
-709696.728123,161,12568.605092
-708485.852104,159,12578.712305
-716361.696486,165,12588.959597
-694838.229857,159,12599.125502
-864425.117001,384,12616.935555
-2435437.251747,582,12641.288374
-910419.930337,410,12659.891637
-2542730.164772,348,12676.350396
-2523828.907353,267,12690.134383
-936680.647569,329,12705.984801
-718244.281461,196,12717.345228
-2486503.23188,279,12731.47486
-2507806.182067,264,12745.175503
-7545032.404881,675,12772.920557
-1084434.151876,502,12794.537553
-710753.163903,181,12805.378591
-2498769.623876,327,12821.267623
-2506868.895723,326,12837.051505
-1044654.269519,258,12850.557505
-2519060.945224,304,12865.72764
-2552842.629264,336,12881.947479
-2746491.70058,486,12903.033115
-2493049.92108,320,12918.504492
-738484.583791,283,12932.838576
-1010552.819103,229,12945.301945
-2474465.907745,322,12961.078375
-2504039.385593,315,12976.346609
-2724372.615803,447,12996.15556
-2696677.871194,370,13013.427477
-1428014.651902,457,13033.585492
-705473.937217,186,13044.614169
-915207.827243,255,13058.025597
-2469104.570609,293,13072.713802
-690088.408954,184,13083.728806
-714649.506524,172,13094.367903
-3098450.118306,439,13113.977461
-2405311.343579,283,13128.500233
-831645.650844,269,13142.66462
-2681891.851496,437,13162.16224
-2458275.334656,265,13175.868183
-2457018.732815,273,13189.81545
-1272837.65321,441,13209.49347
-2537605.407163,386,13227.371892
-2360132.343717,297,13242.091353
-720350.234796,170,13252.598564
-907281.124949,300,13267.580393
-1242579.729703,446,13287.241373
-2492436.411014,488,13308.535486
-1015133.515244,315,13323.980733
-956730.934172,343,13340.30663
-779633.553916,326,13355.938762
-803483.379956,277,13370.087411
-789989.146872,246,13383.230537
-775280.224468,203,13394.890451
-2511791.502997,326,13410.761121
-1540749.515592,468,13431.425342
-2528914.999334,297,13446.342725
-722678.328403,188,13457.42557
-2686616.217253,413,13476.150906
-2840661.314913,292,13490.779622
-2467827.039092,295,13505.498403
-4208140.472306,869,13539.553287
-2526501.37743,310,13554.877461
-1832637.541254,483,13576.088102
-3808681.853369,542,13599.206716
-2518807.190438,386,13617.129476
-2674198.840046,358,13633.752331
-2881791.525225,431,13652.899025
-788145.337581,244,13665.696327
-716110.1044,160,13675.685989
-707674.729705,162,13685.922443
-715493.281943,163,13696.173912
-717714.268006,226,13708.524328
-1242442.313538,481,13729.622232
-699103.151213,192,13741.003565
-805061.160452,329,13756.939868
-712349.672625,233,13769.550359
-714832.114486,176,13780.231774
-703644.6146,183,13791.276598
-714223.744159,227,13803.708718
-704265.576939,215,13815.732863
-696706.361696,166,13826.074942
-1134786.273506,261,13839.631517
-1621935.844085,374,13857.073481
-984060.381556,346,13873.474514
-717493.21966,192,13884.745646
-2445809.963874,274,13898.811355
-727690.382169,212,13910.669342
-2603028.979893,340,13926.990603
-2448006.32904,289,13941.602972
-776247.446736,245,13954.5917
-704331.215579,176,13965.432338
-695189.202462,206,13977.175754
-721127.366578,307,13992.38279
-718958.524682,224,14004.789333
-1505287.854987,442,14024.567542
-709247.826815,175,14035.272945
-728635.766615,202,14046.835552
-1709454.57824,410,14065.376362
-702741.283495,220,14077.585578
-805883.315104,320,14093.080512
-3166910.568157,443,14112.843031
-789384.387496,189,14123.631986
-722474.876119,187,14134.740872
-708529.089814,166,14145.124814
-702378.395755,193,14156.409539
-725008.637025,185,14167.491759
-718109.282382,167,14177.790019
-704804.355695,165,14188.107505
-693289.459327,174,14198.776723
-759333.877757,246,14211.872532
-787561.502129,254,14225.424506
-710608.960835,180,14236.316639
-864190.308972,264,14250.004467
-2474601.24929,342,14266.304367
-712813.338237,176,14276.913594
-928154.619852,227,14289.287138
-709691.892088,183,14300.201425
-2512125.537667,360,14317.147532
-2500212.715827,299,14332.01426
-2524929.427002,334,14348.074493
-811573.055422,256,14361.302449
-696159.749968,174,14371.866705
-881335.110368,217,14383.843428
-2539061.311782,289,14398.382292
-2498479.515947,290,14413.009485
-702126.298009,218,14425.373583
-714284.159593,165,14435.975359
-706334.761373,166,14446.324089
-691598.307396,164,14456.666549
-2434296.793676,364,14473.838601
-2534094.143048,262,14487.385859
-741099.822593,285,14501.688601
-3614385.588032,489,14523.007416
-694950.677622,228,14535.47598
-2578715.042935,319,14551.11733
-723032.049785,171,14561.623707
-708250.020287,176,14572.255216
-737378.870581,210,14584.099391
-5838110.717764,630,14610.190397
-2486554.732341,810,14642.309502
-1137670.727221,333,14658.260953
-2468708.304408,263,14672.006796
-2472939.079576,310,14687.326548
-2441706.089874,257,14700.725703
-695094.765906,188,14711.8005
-886774.316115,301,14726.877465
-2550327.41504,412,14745.533471
-725270.401926,263,14759.130772
-1059819.686726,406,14777.602179
-706848.050331,208,14789.388023
-764954.887109,341,14805.766185
-709685.528626,186,14816.911086
-880877.059515,233,14829.505057
-2626148.150425,369,14846.710444
-716627.534183,194,14857.954829
-714345.01977,162,14868.138488
-717483.502218,160,14878.26262
-2476680.7128,260,14891.889225
-2476346.761479,262,14905.381728
-2423513.071469,315,14920.724443
-721974.753583,237,14933.317232
-1226266.888752,479,14954.095684
-2446751.962543,254,14967.279127
-2417148.760362,329,14982.970505
-1981855.672338,463,15003.175763
-2525169.76231,260,15016.56654
-715291.78333,229,15028.924629
-717232.734114,173,15039.311488
-3608683.68886,565,15063.090325
-1014261.953846,340,15079.200538
-3017861.017487,504,15100.878658
-2522674.865269,283,15115.022284
-733892.348138,272,15128.788503
-3041709.416883,430,15147.865659
-840087.376387,273,15161.651937
-692236.161185,207,15173.132688
-718606.231563,207,15184.84499
-1117363.947092,261,15198.183681
-700185.574654,172,15208.539951
-797727.067211,211,15220.288544
-710731.522583,184,15231.090001
-724689.26008,233,15243.681464
-704095.815478,176,15254.226474
-1051928.854233,257,15267.523975
-1068507.51072,433,15286.793476
-708891.924826,191,15297.877973
-708124.789008,203,15309.230436
-2504439.134976,360,15325.971357
-2499208.968721,256,15339.182337
-2610536.985576,282,15353.361819
-2518172.59084,266,15366.993383
-710080.077967,180,15377.676338
-2538854.678142,320,15393.151363
-2527149.472087,298,15407.878213
-2533110.979365,268,15421.714607
-2540263.014362,328,15437.369616
-2556874.564545,303,15452.189451
-1035503.566934,275,15466.161382
-729265.315714,198,15477.490151
-718032.922929,196,15488.820312
-1624737.760563,487,15509.881022
-703286.244952,207,15521.42716
-772728.597087,287,15535.851681
-734269.279713,262,15549.274051
-730843.696656,280,15563.265249
-716507.946615,205,15574.835343
-2526000.602673,335,15590.73966
-2446880.519596,310,15605.829574
-2483797.289536,307,15620.795639
-2524357.437774,270,15634.486666
-2490866.917667,306,15649.469875
-2445492.484091,259,15662.812342
-713402.69351,190,15673.874664
-1075109.552316,311,15689.046665
-7433509.848776,722,15718.207485
-743469.952174,234,15730.706484
-2586076.150869,401,15748.876428
-2727059.101498,385,15766.448992
-2504268.373798,278,15780.472422
-2501597.219811,312,15795.730089
-2461795.56594,301,15810.565821
-2710927.731081,428,15829.680586
-2463070.168972,292,15844.174332
-2935566.520547,501,15865.843451
-2515114.689595,338,15881.958478
-2352050.059061,250,15895.105305
-4778454.787154,907,15930.588464
-760062.447388,203,15942.077502
-2569173.818897,469,15962.671535
-2500230.231354,295,15977.33755
-2515556.489362,291,15991.853521
-979188.746073,508,16013.815022
-697311.329216,209,16025.485811
-710506.865264,206,16037.108623
-712216.896136,187,16048.085776
-2476934.012745,314,16063.363406
-854534.352758,317,16078.736364
-713235.530371,172,16089.348348
-2655545.152538,624,16115.338032
-2478801.930931,279,16129.454735
-2462592.525222,299,16144.171396
-2457946.799632,251,16157.354886
-2525587.356655,334,16173.293588
-3028245.24249,503,16195.029382
-2521349.976547,279,16209.224616
-922383.633029,287,16223.656356
-1558843.808288,517,16245.94917
-754761.018511,254,16259.260554
-2814469.746826,595,16284.183728
-702907.802372,180,16294.923933
-2911076.960069,394,16312.883393
-2464499.761472,307,16327.899495
-2470617.338934,279,16342.033572
-735418.103791,245,16355.095313
-732474.02256,215,16367.034441
-714733.973053,222,16379.133585
-3836164.478831,481,16400.173368
-694323.850029,174,16410.624291
-769025.706354,322,16426.170599
-2523845.663666,314,16441.497328
-2692660.939487,447,16461.212647
-926455.791967,318,16476.682077
-974458.129281,302,16491.561412
-802924.840052,218,16503.618386
-3080206.06448,392,16521.676683
-2510394.255717,315,16537.021361
-718106.392348,222,16549.222121
-717340.760791,176,16559.784364
-866733.218481,323,16575.348863
-2528300.114476,271,16589.234375
-2388262.799469,253,16602.298601
-2491908.360894,285,16616.624367
-2909287.982614,480,16637.541339
-713014.7169,176,16648.019651
-700674.597641,159,16657.957369
-2697973.868923,455,16678.017824
-2522408.167723,273,16691.863444
-693062.696304,203,16703.358392
-695993.120554,161,16713.383529
-2456619.937765,368,16730.550721
-2534504.263785,273,16744.473611
-2455875.626997,256,16757.74424
-2482658.208689,293,16772.312459
-5406543.556216,837,16805.472638
-830331.568517,208,16817.128286
-686476.779164,180,16827.748378
-2486218.607008,292,16842.289312
-749382.665514,237,16854.881362
-745634.006198,221,16867.072446
-1369503.749082,414,16885.864212
-711753.311328,246,16898.844404
-2317351.378265,443,16918.432826
-741386.614709,268,16932.178297
-747706.726945,251,16945.327286
-782556.294674,264,16958.892533
-2929332.659688,414,16977.647479
-2527929.270144,336,16993.660675
-2403576.089921,283,17008.055753
-714692.877623,200,17019.428513
-4935718.790764,905,17054.671439
-2648405.84559,462,17074.956578
-3258101.204131,539,17097.84249
-2512856.856865,283,17112.095179
-719808.456683,283,17126.283204
-2512670.941173,283,17140.523517
-732955.321944,210,17152.077687
-1155549.744975,450,17171.894269
-2569004.355324,404,17190.164269
-707438.663986,207,17201.777509
-2018302.672378,436,17221.182467
-2642827.172492,305,17236.098623
-2507555.879328,257,17249.415557
-717141.560509,196,17260.689505
-2500495.588068,349,17277.180761
-752088.85392,269,17290.815026
-4333159.361511,571,17314.87733
-714667.717068,250,17327.85199
-2504025.25475,430,17347.05376
-2439482.743905,296,17361.689492
-700143.145465,240,17374.3681
-919009.609752,389,17392.193523
-722358.239677,241,17405.008509
-2487057.716315,347,17421.352454
-2481378.707457,275,17435.237651
-2541715.232491,338,17451.253416
-2510529.40782,317,17466.5893
-2916880.192619,450,17486.486758
-5222433.497594,719,17515.562796
-2436288.82596,338,17531.604411
-2571232.825756,399,17549.751368
-708982.794056,195,17561.051523
-721511.449074,199,17572.319829
-715993.534107,206,17583.924484
-714266.105383,207,17595.572501
-777090.392297,288,17609.983522
-2509735.83813,287,17624.270558
-705860.37336,214,17636.04041
-2514315.35382,382,17653.58734
-2500202.016638,290,17668.02159
-3463991.202313,621,17693.859297
-797339.096722,216,17705.807214
-927466.563554,214,17717.654847
-2478912.517293,298,17732.410435
-2539277.706392,386,17750.035978
-2487597.821408,362,17766.916779
-7754189.042943,796,17798.582268
-713047.174643,212,17810.312551
-2468762.307733,296,17824.929544
-809491.772836,272,17838.749392
-719829.473005,230,17851.126858
-2530495.115572,299,17865.878545
-2537218.56064,273,17879.784994
-2611414.941292,423,17898.730646
-708024.809278,262,17912.174974
-4254901.995416,647,17938.753842
-2790217.714196,469,17959.340409
-1188406.887758,490,17980.50903
-697791.499739,221,17992.586813
-1875014.473145,515,18014.599347
-727654.157761,250,18027.613598
-709590.443647,195,18038.863319
-715376.206001,234,18051.404604
-707686.012213,212,18063.217412
-709302.078986,212,18075.00857
-709600.564717,250,18088.145496
-697139.035267,225,18100.402149
-2597503.368051,353,18117.355559
-2528649.956052,286,18131.646671
-3118059.638911,584,18156.089403
-1933606.147811,445,18175.908221
-2481142.73975,257,18189.389523
-720838.52735,181,18200.207333
-721490.882522,165,18210.637768
-2526646.16645,274,18224.66848
-1076810.851899,321,18240.244799
-1032528.948016,295,18255.001197
-744929.941669,221,18267.020547
-745076.381919,275,18281.016882
-2622197.789144,405,18299.304701
-2507729.850675,284,18313.502563
-714410.087642,211,18325.12569
-740005.523904,211,18336.807348
-726938.359033,220,18348.818379
-844249.80782,282,18363.037846
-2805981.471212,445,18382.804341
-1188335.784183,353,18399.316742
-717558.230853,195,18410.441844
-2491043.746996,289,18425.011477
-2649833.848898,535,18448.0672
-2462601.955843,299,18462.942872
-2528203.922215,273,18477.07265
-3538076.819244,633,18503.391225
-2436986.121663,260,18517.003664
-698388.026977,166,18527.33954
-688198.766019,183,18538.426279
-710832.300747,192,18549.68263
-1751154.164404,577,18574.078642
-1562200.669046,515,18596.38664
-2528034.624818,290,18611.053932
-2540021.552549,454,18631.247259
-691165.860649,189,18642.436913
-751598.310873,340,18658.799839
-795251.568836,240,18671.698467
-812115.915162,329,18687.619013
-700233.092621,177,18698.40551
-711236.388234,228,18710.895357
-901228.292294,307,18725.943059
-826325.069629,394,18743.920572
-975921.721687,449,18763.865541
-4194911.225731,819,18796.536267
-2640756.690438,402,18815.160538
-2421393.380371,273,18829.172677
-2291231.195096,500,18851.037627
-4236540.287556,574,18875.384287
-761300.819455,239,18888.236514
-744426.196111,217,18900.322854
-2522678.963604,293,18915.149678
-4205388.616075,675,18943.077452
-698617.718963,214,18955.084739
-4390827.041482,766,18986.008218
-721055.253874,206,18997.989404
-857250.05892,359,19014.917569
-877190.943974,302,19029.976576
-711724.568566,188,19041.228395
-728430.179614,264,19054.858759
-8237944.313523,1023,19094.415296
-2770236.076646,540,19117.681409
-1676737.401753,628,19143.579319
-2449011.850302,305,19158.601735
-3009730.177774,573,19182.993942
-1053103.260019,318,19198.658906
-697016.822246,204,19210.538075
-705440.805586,212,19222.393371
-702598.975888,184,19233.347486
-826391.962614,274,19247.428411
-840259.045691,265,19261.194427
-3445830.811995,491,19282.615371
-701637.18434,197,19294.125955
-3280389.103942,558,19317.775567
-2532257.501261,297,19332.527462
-2435093.203407,326,19348.339175
-2443369.273459,317,19364.00475
-2519923.587607,290,19378.488434
-808185.065551,310,19393.719346
-734536.858776,236,19406.220463
-1671608.069698,482,19427.530645
-706419.759828,197,19438.895436
-7436888.886374,762,19469.728405
-3142228.641014,490,19491.226249
-3245061.650411,617,19517.072601
-780246.552855,238,19529.856969
-3148830.10576,499,19551.650686
-2510445.519232,289,19566.257908
-3005204.486938,557,19590.028405
-2442146.73086,260,19603.888347
-706875.475775,208,19615.835595
-953910.555792,389,19633.936221
-1356581.323966,528,19656.784196
-713698.303548,241,19669.651628
-4372351.978664,526,19692.386408
-1663577.40024,580,19716.876775
-770713.372085,237,19729.682189
-707831.600109,283,19743.997195
-2687049.297899,510,19766.177237
-2668167.721368,515,19788.466669
-2438994.479926,306,19803.611708
-3084837.764867,587,19828.308217
-2483390.480775,377,19845.871549
-2450401.873647,293,19860.65854
-2521070.534039,279,19874.955798
-2508706.554789,269,19888.787496
-1029087.942991,326,19904.657628
-713402.295863,217,19916.755796
-2768380.985789,384,19934.530523
-2536368.650444,300,19949.569453
-743438.058479,259,19963.118566
-2481434.920252,315,19978.704634
-740553.526829,257,19992.275509
-729874.216204,240,20005.300336
-715102.490332,226,20017.682664
-2493933.848782,332,20033.766513
-2464300.185425,399,20052.141696
-1400250.295595,471,20073.012403
-726402.670359,255,20086.466453
-2428228.228392,670,20114.107441
-715284.517449,194,20125.418674
-5995889.187166,786,20156.915145
-2464148.764466,307,20172.072829
-2460183.777992,316,20187.611348
-2472407.900655,312,20203.045422
-962121.5716,316,20218.494523
-726334.622497,222,20230.855378
-1665499.049933,519,20253.308336
-718955.030666,211,20265.124856
-722562.919465,217,20277.251395
-2539140.064278,440,20296.982764
-2943268.927195,500,20318.73332
-2540216.749202,512,20340.939554
-1268135.521496,326,20356.807442
-3819809.967784,741,20386.84021
-4898984.662504,887,20421.655597
-2254134.06637,587,20446.423194
-703860.193192,215,20458.342788
-2543082.062359,365,20475.347426
-721363.742312,222,20487.662426
-689058.828431,201,20499.067167
-850546.519693,441,20518.765406
-718181.500585,221,20531.318512
-2520921.560279,284,20545.822565
-2503418.124892,275,20559.918498
-2530376.041234,285,20574.288005
-2529252.580142,270,20588.166515
-2595259.40667,279,20602.480486
-707007.65523,220,20614.759603
-2620905.676322,433,20634.31892
-2468618.975051,284,20648.706627
-706348.456313,231,20661.146585
-3220798.59313,593,20686.343856
-718335.101821,220,20698.545328
-697174.4648,211,20710.449435
-718234.559477,290,20725.138912
-722245.457804,217,20737.354505
-885782.54842,274,20751.418561
-709257.040613,210,20763.28424
-713682.909358,204,20774.739428
-711822.199177,197,20785.931614
-692869.249998,183,20796.738937
-825532.356838,279,20810.969544
-704758.790833,250,20824.229834
-2642465.672384,392,20842.306294
-2423349.271643,272,20856.483814
-2511830.21362,272,20870.500488
-2526090.216392,276,20884.72946
-2529130.984861,289,20899.310639
-2811298.602362,482,20920.433418
-2955318.277195,592,20945.403303
-2647927.378453,376,20963.141504
-3130096.010617,802,20995.220519
-2548973.767489,507,21017.233044
-1224124.153406,412,21036.04188
-715235.964159,218,21048.279438
-1101492.560943,329,21064.272419
-725563.08586,251,21077.422243
-704364.375537,199,21088.949517
-701293.592003,233,21101.536378
-704650.646807,240,21114.468275
-718001.116427,253,21127.715976
-754531.716147,279,21141.834887
-2498869.918805,302,21156.895017
-856659.530304,269,21170.836092
-990328.378931,396,21189.44846
-1354438.02489,472,21212.365298
-708625.320344,217,21224.790638
-702711.696194,211,21236.686523
-698137.940897,221,21248.943634
-700005.453963,217,21261.042486
-2460779.060897,358,21278.071031
-1315264.419984,506,21300.00037
-2580234.164329,340,21316.343346
-702871.165966,216,21328.411218
-1150235.484952,534,21351.196594
-2536068.130298,283,21365.592213
-2472490.031309,297,21380.472796
-2875722.826568,506,21402.50205
-2744513.825631,289,21417.029342
-729419.492311,236,21429.804446
-2508382.496738,296,21444.663895
-2728707.674135,395,21462.840847
-761332.844628,283,21477.21647
-982963.377662,370,21494.446401
-2524624.093635,301,21509.398235
-920106.187569,321,21525.019155
-4244676.750272,568,21549.317273
-767507.742768,224,21561.688355
-2418095.038704,285,21576.166652
-759248.383001,256,21589.589361
-738235.040265,260,21603.191197
-740338.479474,269,21617.083163
-1448111.470039,424,21636.210179
-3299491.144941,697,21664.760219
-3602655.516585,650,21691.97533
-946877.527776,343,21708.37326
-771280.389431,300,21723.322281
-3525410.901019,693,21751.778476
-3011483.371829,445,21771.652206
-2982763.5226,636,21798.205164
-2384562.51468,272,21812.180982
-724999.672921,242,21825.21836
-780104.768573,265,21839.082568
-698423.780073,221,21851.331191
-3288890.392672,529,21874.149076
-2544796.975004,310,21889.442222
-2469642.546259,277,21903.621109
-2470326.135263,328,21919.526898
-721196.85734,276,21933.788176
-719494.901048,272,21947.78946
-2915221.22135,758,21978.283092
-2516485.718568,286,21992.742466
-2527770.502733,279,22006.948236
-2516439.865415,281,22021.145477
-2730713.606607,344,22037.680526
-992293.94861,369,22054.999033
-2526298.200157,280,22069.268134
-733807.731278,240,22082.313782
-714295.65795,223,22094.510329
-807743.3155,257,22108.130769
-720645.778604,242,22121.360483
-2391110.221713,297,22136.24648
-704355.603924,219,22148.457085
-706290.308715,220,22160.758657
-706629.402174,222,22173.020912
-709293.010832,259,22186.516271
-723021.913836,242,22199.476629
-714528.231376,223,22211.767208
-710907.011885,218,22223.882663
-706347.80878,225,22236.227969
-758789.702492,348,22252.855698
-2793423.118319,439,22272.601124
-798516.845692,307,22287.785197
-733768.210326,231,22300.39411
-4243684.390947,576,22324.667438
-2478008.554863,287,22339.193266
-4164097.727593,561,22362.968276
-2424264.48519,333,22379.041265
-2411060.429736,310,22394.289202
-3957210.017694,559,22418.112213
-789105.22128,305,22433.269866
-731983.786133,259,22446.989406
-2486489.601607,533,22469.875376
-5798106.701771,897,22505.187428
-2539533.270107,281,22519.419144
-2501718.009189,275,22533.476731
-2596269.326669,382,22551.299803
-1061970.896077,454,22571.455571
-5543036.103078,790,22603.265347
-717237.3979,244,22616.264335
-2759915.06801,558,22640.059608
-2603257.582904,335,22656.273165
-2522303.756132,287,22670.837261
-2481609.960581,283,22685.183735
-2637325.985484,332,22701.294412
-3466619.353992,726,22730.674394
-2616065.067884,377,22748.268378
-2482617.863034,285,22762.631271
-2500292.613689,290,22777.29651
-2514665.154943,286,22791.806379
-2548427.615282,374,22809.314313
-2375055.626893,336,22825.750658
-719491.700222,230,22838.32123
-3396707.909164,621,22864.225921
-765589.063612,288,22878.793542
-796014.975153,336,22894.949196
-2985143.658708,462,22915.439325
-1516615.048481,484,22936.651129
-2571447.403581,441,22956.350582
-7127905.385527,1016,22995.699466
-2510662.878817,287,23010.269428
-2506394.377818,291,23024.679376
-2528837.951682,374,23041.918325
-1045819.436027,406,23060.595166
-797431.099623,273,23074.739518
-794049.453357,364,23091.904688
-713245.46392,203,23103.511227
-715895.840965,215,23115.54017
-719153.63602,232,23128.115373
-3103844.809892,631,23154.388002
-2393257.856736,537,23177.408282
-2543758.888811,361,23194.351221
-2301219.00681,582,23218.904353
-822722.368844,319,23234.561543
-761821.654988,350,23251.241479
-3191254.811213,821,23283.900044
-3583132.941096,654,23310.915183
-721885.643109,241,23323.694157
-725211.842884,224,23335.919421
-2463466.304475,332,23351.714249
-2933540.82393,629,23377.693969
-2539680.458185,426,23396.715759
-2525545.308499,277,23410.808888
-2490158.546953,272,23424.616933
-725118.284443,234,23437.051316
-2841074.207427,529,23459.643501
-2464858.811355,272,23473.458431
-2480679.773446,312,23488.538989
-2538612.43445,284,23502.705293
-3004803.627482,304,23517.503302
-2531506.806009,278,23531.591105
-2831244.066819,457,23551.798632
-3822883.646418,889,23587.073281
-1082296.631571,443,23606.871444
-742841.283044,284,23621.201582
-718719.840584,274,23635.102382
-4102584.332789,793,23666.901573
-720953.297851,233,23679.563362
-719190.31097,217,23691.664585
-699360.531042,263,23705.430696
-755360.350142,235,23718.244419
-3923086.900951,706,23747.046372
-791774.190634,373,23764.568359
-2504778.253908,340,23780.980408
-827915.316876,400,23799.445146
-720558.241815,224,23811.837704
-2506798.801151,304,23826.863642
-2523220.697026,289,23841.436821
-722896.656842,257,23854.939196
-694370.991689,242,23867.950331
-10115336.735214,1230,23914.640118
-2977189.187415,698,23943.200433
-2443826.677546,301,23958.274289
-2389987.926802,370,23975.838635
-887140.036696,382,23993.534677
-722109.559109,223,24005.748565
-710552.074861,198,24017.236627
-716832.162364,207,24028.924238
-712106.178995,200,24040.520357
-2993673.525438,531,24063.397228
-1915187.738703,545,24086.828354
-706403.389535,224,24099.256185
-708338.400708,215,24111.183996
-3613508.709978,550,24134.465143
-2661366.530921,500,24156.14501
-2839579.674263,372,24173.548329
-2477185.716748,321,24189.296222
-2526008.753458,345,24206.011052
-2491154.519588,284,24220.489565
-716512.767635,208,24232.628629
-1004326.714521,298,24247.69792
-725384.327345,203,24259.528523
-2514961.282014,279,24273.686057
-2500212.469566,284,24288.090863
-2504383.777509,283,24302.488827
-1506936.778474,511,24324.595412
-4347008.892035,628,24350.644387
-931009.935546,398,24368.750788
-2518342.659819,299,24383.599944
-2529261.96439,282,24398.041816
-2524354.402226,281,24412.408441
-2496534.280053,278,24426.58655
-959886.093593,363,24443.575316
-2591179.429701,450,24463.576307
-2870135.558999,549,24487.53318
-1151893.628741,411,24506.340962
-3762533.434241,987,24544.708468
-4043140.926126,593,24569.65538
-724949.672538,299,24584.606983
-726925.108248,198,24596.07933
-3176419.499608,625,24622.233407
-2512532.038162,288,24636.706311
-4618167.395408,545,24659.985584
-1104653.813497,508,24682.057661
-948464.507806,359,24699.033197
-725271.138635,238,24711.756297
-2546149.602314,425,24731.006326
-2517262.213608,271,24745.026708
-6717536.157984,626,24771.049596
-2476536.555728,352,24787.731385
-701692.226067,209,24799.615736
-708809.066502,223,24811.862288
-782463.647854,394,24829.984251
-829519.935369,299,24844.922228
-1295630.261428,607,24870.596387
-941203.253892,309,24885.840372
-966868.364345,494,24907.410896
-3068097.842979,514,24929.663476
-2530859.659151,323,24945.366667
-711689.278572,274,24959.380905
-718977.20899,255,24972.934008
-2558786.29383,453,24993.054337
-986749.346585,432,25012.621288
-3427201.259587,631,25038.970263
-744958.434413,256,25052.382234
-1028468.503383,487,25073.65616
-3979153.386784,530,25096.512314
-2481458.560542,319,25111.948194
-2141330.938725,665,25139.432368
-2543238.247825,282,25153.814178
-713756.388437,224,25166.237252
-4601111.877777,674,25193.925979
-718897.212555,219,25206.00981
-718115.975892,228,25218.48429
-713992.695171,243,25231.442504
-802553.025118,297,25246.364019
-2572358.462756,395,25264.695838
-725400.123978,236,25277.646301
-766316.597819,263,25291.334677
-909287.888477,387,25309.23319
-2529091.17674,287,25323.714653
-2523779.927932,283,25337.998203
-2534645.816264,346,25354.516187
-700871.858647,226,25367.033888
-837430.30662,290,25381.6013
-3350309.379545,657,25408.749607
-5585301.039888,925,25445.103335
-715826.646924,257,25458.522671
-2937394.072291,472,25479.116395
-2660035.788839,481,25500.211458
-2529989.226499,282,25514.508183
-2510615.234695,296,25529.343293
-2514998.165057,291,25544.016375
-3572146.76414,726,25573.712404
-718976.120213,199,25585.155091
-2536100.914217,276,25599.200658
-2526777.202873,301,25614.049123
-2509522.593114,277,25628.201327
-1028732.630487,312,25643.346276
-764151.145413,278,25657.383151
-2429937.645902,366,25674.480258
-969842.721297,293,25689.063358
-792537.852353,273,25702.820534
-722899.214008,212,25714.61027
-3640838.873154,522,25736.960239
-2629570.907037,495,25758.75824
-3750902.623217,456,25779.165268
-1405840.821787,379,25796.801562
-2539795.83566,311,25812.036116
-2454333.330979,437,25831.651222
-2678903.94491,486,25853.070477
-2908717.336251,566,25877.195155
-773352.098984,328,25892.988621
-854488.905206,295,25907.791236
-3526432.294839,764,25938.707306
-4207214.102143,711,25967.589762
-720649.678992,254,25980.925635
-895525.369864,383,25998.5475
-2452693.254428,300,26013.408001
-2506836.714528,340,26029.630797
-2498653.642439,338,26045.756366
-832162.730913,284,26060.176104
-2377043.967512,598,26085.356511
-3042276.794943,520,26107.734414
-2948204.374469,475,26128.669407
-2542407.429476,282,26143.117323
-722188.358132,210,26155.048441
-2719744.390575,567,26179.105274
-957293.324487,334,26195.275835
-1382841.215116,445,26215.110578
-728162.778776,249,26228.402452
-3094838.958649,686,26256.499213
-2736924.401511,505,26278.463271
-2512534.460103,305,26293.604775
-2588153.879117,412,26312.396101
-996441.982298,444,26332.266182
-2430893.719328,307,26347.492351
-793726.792416,294,26362.201333
-803841.479332,346,26378.794667
-3100783.101935,667,26406.26833
-717456.636454,277,26420.379383
-711821.01666,229,26432.864296
-898118.739005,512,26455.089586
-2995894.188229,523,26477.666602
-814743.076331,328,26493.634236
-3237957.542267,849,26527.395194
-2134613.269205,617,26553.347339
-2494679.318665,326,26570.125942
-976896.698027,318,26585.831201
