time,x,y,yaw,carv,ang,vel,acc,devDist,devAng,alHori,roll,rl,rr,fl,fr
0.0,2.9716824863008595,-9.99999373258554,5.64833348443182e-08,13.88888888888889,0.0,0.0,0.0,-0.01196701840644145,-8.827584470464972e-06,0.00017486455797018703,-0.0014950710010810963,0.0017942015118393318,-0.0012790418054465802,0.0,0.0
0.01,3.110543997893751,-9.999994003068876,4.2026708425441495e-06,13.88178672430752,0.12000193297863006,-0.41366202818517195,-45.19431622471219,0.04625683408011956,-5.456769628812852e-06,-0.00016462024306105965,-0.0002794086962404019,0.009127017948683504,0.006035254660618139,0.0004363453514346229,0.0004363453514346229
0.02,3.249246102139755,-9.99998910103917,1.719563376556713e-05,13.858905120501579,0.08425703644752501,-0.586775179165388,-15.77003943039966,0.14414586969654755,1.372389942978053e-05,-0.0018275198662672076,0.0012889831923894003,0.0078452808943476,0.004789146152862337,0.00034092445461499885,0.00034092445461499885
0.03,3.3876739106391773,-9.999970327696328,4.087038148112153e-05,13.829148092238283,0.05565974637866022,-0.6315807340889575,-7.644264524662401,0.1590031649131047,4.777351012023453e-05,-0.0026994459421246166,0.002067958283914624,0.0037758714389942603,0.0007158503193105568,0.00021449373562112725,0.00021449373562112725
0.04,3.525795163332414,-9.999935869724235,7.615921203312883e-05,13.798183987600586,0.009752836078405401,-0.6016667274570288,21.02545704325485,0.1579776782760168,0.00010009267352070383,-0.0031418574287767195,0.0022616161603524355,0.0026593336105459604,-0.00042588097671889186,4.931255815110952e-05,4.931255815110952e-05
0.05,3.6636070764833173,-9.999886252443352,0.00012079692266231783,13.767311810367952,-0.025908755511045434,-0.4137873674719506,8.978864733027994,0.11070317110181181,0.00016363838645852989,-0.0033619569971791866,0.0022522171443384656,-0.0007582304678918877,-0.0038939135342531146,-7.174222354624794e-05,-7.174222354624794e-05
0.06,3.801112737737335,-9.999825938977159,0.0001727570034167806,13.737005670321205,-0.06864489689469333,-0.2765766687105614,24.214759277050725,0.04904601785464328,0.00022985185865216903,-0.003521421634004993,0.0021562023895336877,-0.0025331444299860695,-0.005725837571523761,-0.00019232174262314133,-0.00019232174262314133
0.07,3.93832076837215,-9.9997619194593,0.00022710296956054957,13.707705481727592,-0.16164378896355633,0.020441929418801835,29.455088863428127,-0.07377645687693749,0.0002841565297172002,-0.0037608294730921074,0.0018821439928837693,-0.00866311183711088,-0.011985750556013164,-0.0004222467196245035,-0.0004222467196245035
0.08,4.075242075810437,-9.99970592895604,0.00027792061944726434,13.679609468367392,-0.15992283308878555,0.3332257745291553,33.43165894326147,-0.2049619974619284,0.0003074078109543679,-0.003746104505101655,0.001809313203917263,-0.008737187613430645,-0.012149394793792158,-0.0004105223108576237,-0.0004105223108576237
0.09,4.2118900089490525,-9.999671617253053,0.0003181512023700142,13.652888159436852,-0.2924732484854759,0.7197499983802029,45.787859310086844,-0.3590189241823647,0.00028431524207283415,-0.003980586437820588,0.0014620295857365657,-0.015016322674120175,-0.018620320063538753,-0.0006608929257580494,-0.0006608929257580494
0.1,4.348278138715559,-9.999674494052368,0.0003388299013509067,13.627524215594047,-0.3409147568978372,1.1830744656399206,42.20820300149249,-0.5765384411259563,0.00018451659569091589,-0.003962734485901102,0.001320794187931615,-0.020758733681506086,-0.024561051897689794,-0.0007325043834057385,-0.0007325043834057385
0.11,4.484419073440689,-9.999735791159306,0.000331504831491234,13.603297869307516,-0.207014618162066,1.606626937723869,39.05581271065858,-0.678050358478786,-3.43822516038751e-06,-0.0035592480395380747,0.0015093328233508957,-0.008686682719339337,-0.012502078187064154,-0.00044099837103982615,-0.00044099837103982615
0.12,4.620324004540283,-9.999864938291582,0.00029100749652975343,13.580266842620274,-0.2674277820624414,1.7011530762030767,-10.333776985148502,-0.69500131995575,-0.00027716550489527685,-0.003488201730332482,0.001362143161862889,-0.009841196898503855,-0.013813179554875014,-0.000478527672427195,-0.000478527672427195
0.13,4.7560040149872,-10.000063448314817,0.0002164991082412153,13.558139716574656,-0.12575214290991438,1.638185345242625,-8.065485474412208,-0.6961666966154623,-0.0006400470970143818,-0.003149036224116621,0.0015085722168435532,-0.006992422362138477,-0.011084117626914492,-0.00023334326260999024,-0.00023334326260999024
0.14,4.891466880898369,-10.000331390299776,0.00010985003254669116,13.536895270443148,-0.032792044524103475,1.4100795032385414,-28.64418020002277,-0.5643611146105739,-0.0010639208566593868,-0.0028880120694012683,0.0015776288415880115,0.005087111772051307,0.0009063018099303324,-6.358501857325133e-05,-6.358501857325133e-05
0.15,5.026722635936765,-10.000655155267856,-2.333280956401434e-05,13.51653739542062,-0.12305472576990714,1.055178892065341,-39.86464440212952,-0.4566594188308423,-0.0015249128435715598,-0.0028917677532952933,0.0013713463445018553,-0.004246416379652896,-0.008545277231135658,-0.00015517305396065177,-0.00015517305396065177
0.16,5.161777324654521,-10.001025560871609,-0.00017785555218086016,13.496749398734318,-0.17727041328325863,0.8255607766066978,-9.363403597806288,-0.4617965555415772,-0.00200714606183795,-0.0028653622858982146,0.00121753417783141,-0.008252429152798488,-0.012701004175994294,-0.00020876584954315257,-0.00020876584954315257
0.17,5.296638693613309,-10.001442339380649,-0.00035290705843603933,13.477768753862792,-0.19164797896519312,0.7693371069601711,-6.023450996261998,-0.4592138370149522,-0.0024916122047969665,-0.0027907679655373697,0.0011093501446181302,-0.007618149583303662,-0.012168021061422667,-0.00020446716659119852,-0.00020446716659119852
0.18,5.431312836489981,-10.001904774704963,-0.0005469697864538017,13.459325525833655,-0.16894801938906331,0.6984113922223472,-5.376847113019995,-0.44474317623129245,-0.0029642691465542707,-0.002697642630088036,0.0010536031884287077,-0.0070537100914599155,-0.011716278937055482,-0.00016076818203964935,-0.00016076818203964935
0.19,5.5658058782869695,-10.002411901945527,-0.0007586442843494956,13.441482579226195,-0.2414236002601686,0.6526029337922673,-3.2159492448224882,-0.4586638223190887,-0.0034105707918400193,-0.002682113448237404,0.0009352071751284228,-0.010682306752947547,-0.015480405065409297,-0.00018911130576729972,-0.00018911130576729972
0.2,5.700122230997614,-10.002965469693931,-0.0009882400921019728,13.424000810027504,-0.3868927859701219,0.705609726151412,14.473429764350053,-0.575722568484327,-0.0038300878433771383,-0.0026969517814304463,0.0007756949487600133,-0.02127994065020923,-0.02631194301623483,-0.0002527611396864097,-0.0002527611396864097
0.21,5.834265406374698,-10.003577357220381,-0.0012403021661563079,13.406828178359358,-0.30237856144085584,0.9076426889802472,17.48795427611614,-0.7073947119074598,-0.004226509702067967,-0.0025796266379739413,0.000762179199156134,-0.015753287794377156,-0.020847914825516588,-0.0001717462254381008,-0.0001717462254381008
0.22,5.968235193782477,-10.004258787322307,-0.001517470320229249,13.389383531830097,-0.35101026976481153,0.9730575810920619,4.613018603938364,-0.740640181663742,-0.004588326429063431,-0.002531574681758582,0.0007146199053837181,-0.014152025731134322,-0.019365760531464174,-0.00014698083386737034,-0.00014698083386737034
0.23,6.102029382879092,-10.005013710475632,-0.0018208914521176452,13.371738146597021,-0.244991675857455,1.0341898570908605,0.04023361593885607,-0.7773314469435111,-0.004917489607258383,-0.0024687199156391065,0.0007668922850579925,-0.012979571322088412,-0.01830235851254355,-7.547734556944354e-05,-7.547734556944354e-05
0.24,6.235644272920863,-10.005845592219453,-0.0021498969602697826,13.353691279487022,-0.3022099130786958,1.0116856829223413,3.276175959882365,-0.7619656366153283,-0.005199597210474187,-0.002485539437302406,0.0008378400411075035,-0.010835767843037773,-0.01620333363149183,-4.830277469446319e-05,-4.830277469446319e-05
0.25,6.369075205332791,-10.006752972895484,-0.0025049119277583084,13.334923487235965,-0.32044874997809547,1.0498649115857064,0.19315629884442115,-0.8054761663886635,-0.005435985732697865,-0.0025045387306647793,0.000973352663063728,-0.017339563201061718,-0.022802980201478022,-8.249177728965608e-06,-8.249177728965608e-06
0.26,6.502312270972253,-10.007740054029005,-0.002886953881645352,13.315215991091337,-0.4457086798734965,1.1160700068341678,15.648030990078595,-0.8919889675377126,-0.005629987727306858,-0.002545340136479079,0.0011727880338977372,-0.021809931599879862,-0.027330781193822543,5.7000599939913845e-05,5.7000599939913845e-05
0.27,6.635346927988149,-10.008815922958478,-0.003301943478508703,13.294504820360915,-0.5796022561378779,1.311163000921377,19.714624082567394,-1.0836679683052708,-0.005803449146410141,-0.0025464523266463916,0.001437461556820178,-0.032902908404612845,-0.038622397780432444,0.0001696070350572451,0.0001696070350572451
0.28,6.76816717319357,-10.009999611748418,-0.0037579261730169705,13.272706753486062,-0.5699026719667023,1.562072991110218,28.704484052455268,-1.2853022019395344,-0.005979804149997384,-0.002550880737203394,0.0016805335699057252,-0.03057130147167775,-0.03628976797582324,0.00027220533416722186,0.00027220533416722186
0.29,6.900763462170696,-10.011309758649078,-0.004263364377339653,13.249976084205983,-0.508507774863393,1.7460837851182005,4.885496225252024,-1.3807126042733568,-0.0061717051080185294,-0.0025819533281674694,0.0018822860504732382,-0.02530045630055899,-0.030985551108933414,0.00034048018199937395,0.00034048018199937395
0.3,7.03312673837633,-10.012755936204096,-0.0048220991799639915,13.226481440511067,-0.5891121343709542,1.7644421247408044,8.201400045204636,-1.4725152900248446,-0.006389282027903581,-0.002521125749715982,0.0021846289538753573,-0.03065261838550405,-0.03641556226107761,0.0004955054267305072,0.0004955054267305072
0.31,7.165248119481705,-10.01434763351418,-0.005438405881220393,13.20194930037045,-0.5936595149338257,1.8403783923266452,3.991307076400826,-1.5993898492964853,-0.006644570149452885,-0.002493424047475605,0.0024163149227864884,-0.03201378153714122,-0.03781763026747336,0.0006241246861847053,0.0006241246861847053
0.32,7.297117577175905,-10.01609646678797,-0.006115946921481852,13.17665108122722,-0.7115829057991523,1.8907152824795252,7.322970568268688,-1.7183787746372279,-0.006945460048444037,-0.002309258303738151,0.0027880441958698754,-0.03672877368445684,-0.04262162927215584,0.0008804341742855086,0.0008804341742855086
0.33,7.428727084144828,-10.01801417452308,-0.006860293167027235,13.150440117334007,-0.7559744440019149,1.974792005521751,7.62041009705338,-1.8788602313359957,-0.0073121301869389504,-0.002148241390992794,0.003128189221598165,-0.04238861719316786,-0.04845139762022174,0.0011057007826276155,0.0011057007826276155
0.34,7.560067377657639,-10.020115817475283,-0.007676227200230412,13.123561466022577,-0.6431881003081812,2.064001986397444,9.23792331031236,-1.9384399143730993,-0.007749177568036789,-0.0022033627969122406,0.003237493999481968,-0.032496700778372176,-0.038388726872424866,0.001106271364288208,0.001106271364288208
0.35000000000000003,7.6911334530643085,-10.022406426866436,-0.008565227705886127,13.096287540098166,-0.6425830492051336,2.120276988872514,3.6395492792884423,-1.9134651059981187,-0.008247790468620113,-0.002131731740049555,0.003458691643418818,-0.03129886606564552,-0.03712311872781708,0.0012291668789694247,0.0012291668789694247
0.36,7.821920901936306,-10.024883593300917,-0.009525013457243332,13.068541327551962,-0.6678603791864605,2.159928056048142,4.5520470687287995,-1.9222712485180136,-0.008801308348118911,-0.0019875626949652702,0.0037413488301652692,-0.0361564617510946,-0.04199255312416412,0.0014229212548934288,0.0014229212548934288
0.37,7.952423435970569,-10.027547987077613,-0.010553816672136009,13.040167391555213,-0.7183119931491103,2.2195333447982946,7.167347334413592,-1.9496192313195018,-0.009397592553616989,-0.0017695664866963308,0.004090603801911083,-0.037539707617590054,-0.04336293834700106,0.001690342500602878,0.001690342500602878
0.38,8.082635403139454,-10.030400848123312,-0.011649698723428378,13.011311077280817,-0.6036163636716089,2.2919796172949902,5.821854832221968,-1.9214646171360572,-0.010024572501308136,-0.001910091640125612,0.004075650869043441,-0.0316465611144018,-0.03728014017630994,0.0016023020297393777,0.0016023020297393777
0.39,8.212551882608766,-10.033438565451222,-0.012807198462857758,12.982031552972908,-0.5932103392900904,2.3329078155177574,4.150605106056911,-1.827059010165854,-0.0106560154101285,-0.0018774182047677633,0.00423212168395635,-0.028448270349825142,-0.03390368758972152,0.0016898967444683684,0.0016898967444683684
0.4,8.34216852192041,-10.03665178768973,-0.014019969832042005,12.952218595677124,-0.680713045340963,2.373537609290597,3.767056444892166,-1.8093482644788412,-0.011275770346616719,-0.0015500994579560595,0.004680727729548899,-0.03750824774389489,-0.043061949291377404,0.0020740275746919867,0.0020740275746919867
0.41000000000000003,8.47147857457113,-10.040038458202185,-0.015283292414816805,12.92176121572486,-0.8150220331968742,2.4332445363760535,8.765449219905179,-1.8785586788213895,-0.011875530498236435,-0.001019086419074858,0.00533828989567797,-0.0450359068857038,-0.05073392552788659,0.002673083463408799,0.002673083463408799
0.42,8.600475776822737,-10.0436052102494,-0.016597305005194046,12.890702251655155,-0.8685347316088154,2.545913460184843,12.000504294618064,-2.000401074779487,-0.012455812974818641,-0.0006711102359425241,0.0058189902329809,-0.04881481200225751,-0.05461431881705232,0.0030968571825388653,0.0030968571825388653
0.43,8.72915370387084,-10.047362441379617,-0.017962265074504737,12.859172782684809,-0.774083861452527,2.6679309081150104,12.348683218976742,-2.0580251021413525,-0.013013761357683645,-0.0008280786992827787,0.005789056921394393,-0.04204383944071994,-0.04767908606963509,0.0030125923410895105,0.0030125923410895105
0.44,8.857509146196698,-10.05131563115436,-0.01937649231759138,12.82742990666347,-0.9210476544918489,2.788772076126042,12.48115447938235,-2.118330006389546,-0.013541770098029317,-0.00019430169932860807,0.006540953837115457,-0.04689070437248911,-0.0526311641112172,0.0037194377505195457,0.0037194377505195457
0.45,8.985537613066267,-10.055470284358364,-0.02083854753699271,12.795104347015261,-1.03504206512589,2.9276624851231032,15.338365974004716,-2.298710595939173,-0.014052014532192257,0.0004746790901887831,0.007334552744535717,-0.06098989817817124,-0.06716371107674371,0.004470286321808354,0.004470286321808354
0.46,9.113231103569989,-10.05984392575371,-0.022349769660756354,12.762030353146555,-1.15510343585629,3.1110210652716104,21.020430664098182,-2.532781225953852,-0.014560820416938135,0.0012150922967637439,0.00821335820794834,-0.06467544637179275,-0.07113458402690777,0.0052999114366289604,0.0052999114366289604
0.47000000000000003,9.240581396827096,-10.06445801713205,-0.023913572116157373,12.728285507229575,-1.1013850075425584,3.3402138022819963,22.74937609514358,-2.7316959374430847,-0.015086591581039638,0.0012547692480850137,0.008407722183719463,-0.06232610275912202,-0.06888567314139314,0.0054357051999840275,0.0054357051999840275
0.48,9.367581455711626,-10.069329989354829,-0.025528696839177162,12.694095356746145,-0.9578406823100537,3.5521549601858764,20.66505723971958,-2.792713960420974,-0.015633309910221237,0.0007662029018786452,0.00808106678684592,-0.051510307758156265,-0.05781957966483839,0.005046057017621263,0.005046057017621263
0.49,9.49423147625404,-10.074466604123451,-0.02719174825406495,12.660751512505135,-1.0697236401261785,3.7754339743631924,26.677103145189538,-2.7253934068999564,-0.01619792230762404,0.0014457641889357008,0.008773362666058295,-0.054985613618525005,-0.061405972822507225,0.005784405334155622,0.005784405334155622
0.5,9.620574000131247,-10.079873574945518,-0.028920425845285837,12.63619931691311,-1.1663941008271679,4.175235761152362,52.35987599999999,-2.799566736250453,-0.01677833114158832,0.002640957822517378,0.008841564185590522,-0.06750193323628889,-0.07444654469343981,0.006566364223246155,0.006566364223246155
0.51,9.746719555020096,-10.085567784752472,-0.030759782916176488,12.619914626846937,-1.0970234361710047,4.698834521152164,52.35987599999999,-3.1845326694604372,-0.01735205282229276,0.0034356248080315973,0.008022893764157307,-0.060239026357419886,-0.06705830068109818,0.006412068298505504,0.006412068298505504
0.52,9.87265138204219,-10.091556210371206,-0.03269691509040416,12.596553638973694,-0.9907878873171301,4.814197024676887,-12.427601923881138,-2.9916723930331437,-0.017902683707607194,0.0024061880663644435,0.007729012577416029,-0.053379669192097655,-0.05999034124880868,0.006002389769462789,0.006002389769462789
0.53,9.998321550215728,-10.0978310219793,-0.034712287964141914,12.571748318454567,-1.0220827241661041,4.87379568782353,18.38704962198177,-2.900591813861443,-0.01841918562173097,0.0023842738558254714,0.00811850010403026,-0.05609030462743428,-0.06275543628045654,0.006314967312217458,0.006314967312217458
0.54,10.123741404909351,-10.104387062999393,-0.03680858299795709,12.54930273035171,-0.9576052760006877,5.134805539180549,29.282963916465985,-2.9020739663948296,-0.018890167565381068,0.002225417612808947,0.007839232808114542,-0.05259542085286147,-0.0590992474360837,0.006153297799819057,0.006153297799819057
0.55,10.248930842047923,-10.111221132061345,-0.03898767537587641,12.528127880438534,-1.0019111220957728,5.485915591651786,39.849947808590045,-2.8753758518293653,-0.019303519275313423,0.0026825738720218494,0.0081330518747994,-0.05364652178637566,-0.06011558739212284,0.006539217674072641,0.006539217674072641
0.56,10.37389119411702,-10.118328363552767,-0.04124386344444169,12.506520602407294,-0.9742886473657582,5.714313959995882,4.27403500558032,-2.8457035769157737,-0.019659874097418487,0.0026959963902815805,0.008149619986547712,-0.054819661278296225,-0.06127968716689337,0.006577263045840423,0.006577263045840423
0.5700000000000001,10.49861943079858,-10.125706172483612,-0.043570552879990586,12.48501160701725,-1.038729349267671,5.757092101629219,13.422904962867564,-2.8235276865243617,-0.019951068250034024,0.0032310368481918003,0.00867893827902657,-0.05663925982324586,-0.06311882966928907,0.007130697622604623,0.007130697622604623
0.58,10.623118298864608,-10.133352719290045,-0.045965516244047516,12.463863443973704,-0.8938393329503054,5.961915910176691,25.393910080051516,-2.8076748245277416,-0.020175654433763332,0.00254770207099135,0.007933924512489244,-0.04990756252181912,-0.05611594717942757,0.006431521749008764,0.006431521749008764
0.59,10.74739198002138,-10.141264434007809,-0.048422341130202724,12.443310442198566,-0.9098801912041417,6.209790850032698,26.739421851718046,-2.7120962103260964,-0.020316257519118988,0.0027099471443812117,0.008042291113951853,-0.04559052558463032,-0.05152523365620236,0.006583988362727866,0.006583988362727866
0.6,10.871444202347169,-10.14943219662092,-0.05093487383614294,12.422759087438546,-0.9042902776273005,6.463967314195179,21.78965391319563,-2.6827338427811886,-0.02037406527152155,0.0028196768734924174,0.008135619521368643,-0.05198338384319725,-0.058026059829175226,0.006710690768921302,0.006710690768921302
0.61,10.995273751377768,-10.157851779579618,-0.05349462447631439,12.402368155103556,-0.7836369076045264,6.670007125557203,20.253306337814063,-2.6140647978826914,-0.020343200071871525,0.0021173375185884347,0.007430107793906819,-0.04179742482296237,-0.047380772067811217,0.006034057082702313,0.006034057082702313
0.62,11.118884307859378,-10.16651627018764,-0.05609442591254575,12.38221699407755,-0.895403761533093,6.8674313825578475,18.25554305368014,-2.549889886710808,-0.020216125810294236,0.002903013945642903,0.008219321900318032,-0.044508413791667464,-0.05001517920400808,0.00685067118773398,0.00685067118773398
0.63,11.242274907462058,-10.175417897681735,-0.0587269659049919,12.36191274104479,-0.9616193928988688,7.035935181546765,17.552016181032734,-2.579754971155401,-0.02001008829390473,0.003575555198752239,0.008909621853384144,-0.05707984458205218,-0.06291511766446183,0.007557333131253451,0.007557333131253451
0.64,11.365444622643253,-10.18456147742518,-0.06138945088325944,12.341580121013742,-1.1077115216525317,7.254589457364562,26.672636620927978,-2.7097898855553764,-0.019746533456719294,0.004815688801944785,0.010176360063302116,-0.0624328863414371,-0.06848012814701307,0.008831343282950216,0.008831343282950216
0.65,11.488389044324464,-10.19395843393135,-0.06408436054635595,12.320883152910463,-0.9805782296927694,7.544424390428343,27.46108175122328,-2.8196248976457046,-0.01945205591270632,0.0041461828191158056,0.009536255369210034,-0.05623149393840184,-0.06217477354952661,0.008192744294632537,0.008192744294632537
0.66,11.611106841374738,-10.20361817678862,-0.0668110552817878,12.300437617705223,-1.013783143577171,7.822687549102307,30.157538057462546,-2.8451382524351945,-0.019138586316063383,0.004423718157464553,0.009845977745976174,-0.052974301609673285,-0.058844345279175723,0.008503169454615033,0.008503169454615033
0.67,11.73359770033093,-10.213544073038126,-0.06956929685063912,12.279808620891798,-1.019899056223225,8.13089012695544,29.714156492444104,-2.9337043357758463,-0.01883146446578903,0.0046337351491280545,0.010090402623364431,-0.059487389607465274,-0.06565598516344626,0.008748822854613448,0.008748822854613448
0.68,11.855858751320984,-10.223743720940835,-0.0723571173276039,12.259213726163381,-0.9667330780299415,8.42952844173394,31.820489106326704,-2.9833438734456483,-0.018545366378976403,0.0043572230702174945,0.009849508858265079,-0.053012069957483116,-0.058968856285864873,0.008506985113842421,0.008506985113842421
0.6900000000000001,11.977889991544338,-10.234222131140411,-0.0751737747362845,12.238633573635084,-0.9574505818309291,8.726646000000052,0.0,-3.018749691030758,-0.01829060488685449,0.004365842680811453,0.009892048062785489,-0.05324184081414956,-0.05925353535440326,0.008548231178547886,0.008548231178547886
0.7000000000000001,12.099689998356748,-10.244981701386317,-0.07801662715388227,12.218082488383422,-1.0940947008552058,8.726645999999942,0.0,-3.091142273575513,-0.018084904282727098,0.00560622601872582,0.01116366099290439,-0.06189615926970946,-0.06824809454556519,0.009818252579915388,0.009818252579915388
0.71,12.22125735404547,-10.256031025348788,-0.0808864717058127,12.197380456869817,-1.2081317139090983,8.726645999999942,0.0,-3.252907732840192,-0.017951614712669033,0.006842680387151717,0.012421174527020401,-0.069168703199969,-0.07596981088945591,0.011076941882658765,0.011076941882658765
0.72,12.342587150302881,-10.267384850653436,-0.0837874237446248,12.176498178291158,-1.2068228977499538,8.726645999999942,0.0,-3.394249843630465,-0.017908212934248678,0.007130297469948954,0.012718218808602948,-0.0679889268757234,-0.07490971580660329,0.01137747028713013,0.01137747028713013
0.73,12.463677901531899,-10.279057227693217,-0.08672382432541233,12.15576204899571,-1.2229355755029245,8.726645999999942,0.0,-3.5112405161294,-0.017965494836507938,0.007465814936097458,0.013047760722802037,-0.06837816031350546,-0.07551143512228797,0.011719667271586772,0.011719667271586772
0.74,12.58452805825909,-10.291058946241229,-0.08969858623782387,12.135088520101672,-1.093779871123842,8.726645999999942,0.0,-3.5705611746724246,-0.018127632705096416,0.006551026714277902,0.012113703231881566,-0.06053597163661782,-0.06753494743759766,0.010806738409331326,0.010806738409331326
0.75,12.705139236141134,-10.303395061649413,-0.09271046813196113,12.114893118218333,-0.9944733801065007,8.726646000000052,0.0,-3.535179539249864,-0.018378508123240406,0.005711842099790326,0.01126182405225085,-0.05288931996742643,-0.059697339442372994,0.009973853302594135,0.009973853302594135
0.76,12.825515105381616,-10.31606166066251,-0.09575503044643453,12.095040522169326,-0.9201152148423706,8.726646000000052,0.0,-3.4694696443395645,-0.018701551011949258,0.005086549743874369,0.010633093249115608,-0.049827050640400106,-0.05654442824022812,0.009361245763194302,0.009361245763194302
0.77,12.945658970347786,-10.32905180226554,-0.09882419963350075,12.075593768504271,-0.9727387967286625,8.726646000000052,0.0,-3.405402199692407,-0.01907395916311803,0.005624533021902349,0.01117269951777231,-0.052290701707382654,-0.0590361459656899,0.009918072188734105,0.009918072188734105
0.78,13.065573040898192,-10.342359645096467,-0.10191263267991212,12.056185877301052,-1.0898240330396212,8.726645999999942,0.0,-3.424852147371242,-0.019484056894995057,0.006907216793384146,0.01246285897013149,-0.061037497940827364,-0.06812742971620596,0.011222984817913778,0.011222984817913778
0.79,13.185256105187015,-10.355986643995957,-0.1050173238581662,12.036868079140497,-1.185534253972582,8.726645999999942,0.0,-3.494887649039125,-0.019924242884895006,0.008096821463054276,0.01364530366757405,-0.06616850879699533,-0.07355352375780355,0.01242719858791763,0.01242719858791763
0.8,13.30470735210245,-10.369939462728457,-0.10813927241655061,12.017548929652119,-1.0617394807515665,8.726645999999942,0.0,-3.535413144654213,-0.020384866938657785,0.007185411136161092,0.012711338008401239,-0.05839613390802425,-0.06563602597251911,0.011520305548074417,0.011520305548074417
0.81,13.423926714452804,-10.384220907700408,-0.11127697201296641,11.998596175089569,-1.1708268078742543,8.726645999999942,0.0,-3.534266967371216,-0.020846651405494254,0.008278517519544362,0.013784946933533597,-0.05916907839777867,-0.06651975973509205,0.012620488228302945,0.012620488228302945
0.8200000000000001,13.54291583593054,-10.398831156400325,-0.11443013513195083,11.97956204357385,-1.292993489163927,8.726645999999942,0.0,-3.6318108240707763,-0.021310855938386875,0.009780552907574958,0.015273780902222827,-0.07374951578733396,-0.08184509100376294,0.014133941704261731,0.014133941704261731
0.8300000000000001,13.661669486791178,-10.41377952289797,-0.1176006526952036,11.960378525939657,-1.1604221167741333,8.726645999999942,0.0,-3.731046338315198,-0.021777150833859817,0.008774476554544927,0.014254542823022638,-0.06455308748594983,-0.07243367023274772,0.013136136845003085,0.013136136845003085
0.84,13.780187292062633,-10.429074021238227,-0.12079042444315377,11.941463742596722,-1.1503836913732801,8.726645999999942,0.0,-3.7193051526344534,-0.02222599814153448,0.00869098591297063,0.014164711433465283,-0.0571786347891149,-0.06490291776501453,0.013064635244136195,0.013064635244136195
0.85,13.898470805680907,-10.44471286897883,-0.12399811201890572,11.9227706935555,-1.2307024045614523,8.726645999999942,0.0,-3.7532386115467067,-0.02265509379019335,0.009666366051780489,0.015147942095866139,-0.06687922491183912,-0.07503200033580905,0.014060105678076874,0.014060105678076874
0.86,14.016518100725548,-10.460699687218,-0.12722347945013415,11.903812429063855,-1.3690160556463526,8.726645999999942,0.0,-3.885571911515497,-0.02307117517481679,0.011379387881136505,0.016872439674557083,-0.07769545016323903,-0.08651767669127028,0.015793238389928223,0.015793238389928223
0.87,14.134322781177588,-10.477046947954753,-0.13047221596662514,11.884545559763096,-1.4621892734197894,8.726645999999942,0.0,-4.055121523757734,-0.02348372749735412,0.012734033496552652,0.01823024714716842,-0.08144681507414978,-0.09069105135090771,0.017159945524182783,0.017159945524182783
0.88,14.251879401186683,-10.493770028206857,-0.13375148378927093,11.865158566335364,-1.4887005000142373,8.726645999999942,0.0,-4.212352894556984,-0.023904268838982688,0.013356850340108885,0.018847716636790617,-0.08331623292807838,-0.09292768070356994,0.01778687656261058,0.01778687656261058
0.89,14.369183260706697,-10.510883688948958,-0.1370686706941608,11.845644023522068,-1.50595527801197,8.726645999999942,0.0,-4.348962380337353,-0.024340904884588913,0.013813020459486252,0.019295591562086337,-0.08336164072873893,-0.09325759439544115,0.018243966530111906,0.018243966530111906
0.9,14.48623010308604,-10.528400453966658,-0.14043039346634023,11.826093883397965,-1.5786227932898322,8.726645999999942,0.0,-4.486214598394385,-0.024801554624969756,0.014881800561688141,0.020350148319281867,-0.0879306414969182,-0.09834671154517274,0.019308828089068898,0.019308828089068898
0.91,14.603015648928274,-10.546332801250843,-0.14384314900265424,11.806423623960136,-1.5869455649284636,8.726645999999942,0.0,-4.6146118990257134,-0.025294139756413363,0.015329570628242556,0.020772724848334204,-0.0884344554050522,-0.09916838130247617,0.019744723350899742,0.019744723350899742
0.92,14.71953577174515,-10.564692325468531,-0.14731267524956035,11.786785529212656,-1.608376611652782,8.726645999999942,0.0,-4.71510780225144,-0.025818152450878297,0.015856227673720392,0.021264292346704947,-0.0885485533592519,-0.0995567644933316,0.02025281113232147,0.02025281113232147
0.93,14.83578809583651,-10.58348773907183,-0.15084380344424173,11.767264816002202,-1.5334596349624885,8.726645999999942,0.0,-4.779210212770431,-0.026371985646748256,0.015299769472225305,0.020668608260174984,-0.08455608853500249,-0.09553835410199765,0.019675470711082645,0.019675470711082645
0.9400000000000001,14.951772183696535,-10.602724243416965,-0.15443790450462871,11.748080585798798,-1.501984748127867,8.726645999999942,0.0,-4.790326580355192,-0.02694195594920588,0.015092612996316779,0.020428424004652765,-0.08089348848640757,-0.09178871379228666,0.019454292021542495,0.019454292021542495
0.9500000000000001,15.067489164544465,-10.622402224787512,-0.15809504689901127,11.72912944101717,-1.4580461500911013,8.726645999999942,0.0,-4.787753441978648,-0.027517151685366,0.014770929523838464,0.02008161711818632,-0.07970277302024739,-0.09061370139190322,0.01912892378922287,0.01912892378922287
0.96,15.182939907278012,-10.642520078589309,-0.16181183113385572,11.710546990073114,-1.3570592283038396,8.726646000000022,7.993605777302007e-11,-4.7329013678230485,-0.028077271586726304,0.013727491827656943,0.019020121617889567,-0.0723245042719357,-0.08283759996221982,0.01809059384161587,0.01809059384161587
0.97,15.298127796833068,-10.663072018818681,-0.16558357934508292,11.692310943272437,-1.3652120898244868,8.726645999999942,0.0,-4.6670422192113685,-0.028599936748808872,0.013876820827489755,0.01916382050232567,-0.07213984790763968,-0.08260739540826169,0.01825733109406522,0.01825733109406522
0.98,15.413054025320035,-10.6840504158136,-0.169404358793854,11.674162401771545,-1.486141512799074,8.726645999999942,0.0,-4.649907176577035,-0.029074020213756054,0.015536522140726615,0.02082706141000816,-0.08173309259469407,-0.09270185389363535,0.019943020347075596,0.019943020347075596
0.99,15.527716474583784,-10.705453354805897,-0.1732712307109259,11.655792201906225,-1.6011933396337519,8.726645999999942,0.0,-4.701764194124876,-0.029496927106095108,0.0171957428856735,0.022492866639235436,-0.08892997776998181,-0.1004206496644146,0.021628410273929262,0.021628410273929262
1.0,15.64211006464304,-10.727284161381165,-0.17718417507090126,11.63730495643291,-1.481886250781822,8.726645999999942,0.0,-4.726720618878575,-0.02986290136729444,0.015867147793197194,0.021175511098661653,-0.08104288482415414,-0.09213313441497017,0.020324040244354837,0.020324040244354837
1.01,15.756234447947206,-10.749543851780713,-0.18114174178347714,11.619130167081995,-1.4536064359126566,8.726646000000022,-6.039613253961517e-11,-4.692431555724975,-0.030157509032388483,0.01532493033041363,0.020666050728925356,-0.07573566847149223,-0.08650301612366385,0.01981543422769189,0.01981543422769189
1.02,15.870090383549432,-10.772228245923465,-0.1851409058718784,11.600975392918865,-1.5962003650842183,8.726646000000022,-6.039613253961517e-11,-4.708326819826422,-0.030381499299465636,0.01698593879926727,0.022381390694683114,-0.08523797251655245,-0.09652427858666854,0.021523006399448066,0.021523006399448066
1.03,15.98367376001137,-10.795337529850444,-0.18917995321116185,11.58247195185551,-1.648565958696413,8.726646000000082,6.039613253960176e-11,-4.788746270090283,-0.030546842343729865,0.017775227178684423,0.023225683747149686,-0.09385882709398549,-0.10576575823840188,0.022358223094658715,0.022358223094658715
1.04,16.096977681223088,-10.81887834293511,-0.19326065753605792,11.563647100459255,-1.7313336270628454,8.726646000000082,6.039613253960176e-11,-4.88349924155374,-0.03066325947439851,0.018820912006258336,0.024317206565625898,-0.09531900889134554,-0.10747189328907883,0.023442950452480567,0.023442950452480567
1.05,16.20999574683751,-10.842857968342145,-0.1973864133585071,11.544622207134136,-1.6973499583778862,8.726646000000082,6.039613253960176e-11,-4.976839265293432,-0.03074737060523266,0.018481315402205763,0.024020469184540746,-0.0953926458035061,-0.10769291984618358,0.023139432970108762,0.023139432970108762
1.06,16.322723838243267,-10.86728344631662,-0.20155861129047498,11.525649230839173,-1.6166208225069523,8.726646000000082,6.039613253960176e-11,-5.006262957256875,-0.03080592780750002,0.01740891280850217,0.022993195297793027,-0.08816344679239098,-0.10003372360943252,0.02210467665629338,0.02210467665629338
1.07,16.435160589204653,-10.892156904342391,-0.20577691488548602,11.50686568326737,-1.4761847304878717,8.726646000000082,6.039613253960176e-11,-4.996195152591921,-0.03084136974640549,0.015536868460373075,0.021167272434811767,-0.08037366324149821,-0.0917269114672143,0.02027521548281561,0.02027521548281561
1.08,16.54730722202871,-10.917475518077724,-0.21003674115757556,11.48841131842317,-1.4647843061713461,8.726646000000082,6.039613253960176e-11,-4.94346241117558,-0.03085041381682327,0.015156294317266988,0.0208359897660306,-0.07803758120748314,-0.08910930182548706,0.019944548937795046,0.019944548937795046
1.09,16.659165098992233,-10.943233757304828,-0.21433234879849478,11.470018525352481,-1.4435737951425798,8.726646000000082,6.039613253960176e-11,-4.912043078315275,-0.030835959864935633,0.01483233369429424,0.020566979525245388,-0.07963776909120168,-0.0906645634375641,0.019669317613517135,0.019669317613517135
1.1,16.770732798075922,-10.969427027825667,-0.21865748647342237,11.451626170326643,-1.5450766666559457,8.726646000000082,6.039613253960176e-11,-4.896811582043109,-0.030798901250645553,0.01600224221723992,0.021789339040068502,-0.08397549612981248,-0.09514029471513571,0.0208833520782408,0.0208833520782408
1.11,16.882008400477183,-10.996053201360672,-0.2230087219428566,11.433088495475479,-1.562356211501169,8.726646000000082,6.039613253960176e-11,-4.9242989549301655,-0.030749418847114424,0.016312431964381507,0.022144776573233573,-0.08769014194905077,-0.09904969010520283,0.021233037486168282,0.021233037486168282
1.12,16.992988331067714,-11.023112876036341,-0.22738244352203965,11.41461523772474,-1.4293716179905414,8.726646000000082,6.039613253960176e-11,-4.893827399006064,-0.030686143256622736,0.014671487184100761,0.020543138065261105,-0.07734507225679577,-0.08799110142649669,0.019628164295144416,0.019628164295144416
1.1300000000000001,17.103674272772306,-11.050602719158453,-0.23177433919124285,11.396451259217015,-1.3449893849668981,8.726646000000082,6.039613253960176e-11,-4.823312444842407,-0.030601675484505323,0.013416427398403817,0.019328373879723283,-0.07230547586444426,-0.08252654849067916,0.018413981043846894,0.018413981043846894
1.1400000000000001,17.21406778069427,-11.078514666810868,-0.23617760774985325,11.37839736647773,-1.4152790280757421,8.726646000000082,6.039613253960176e-11,-4.776653057702291,-0.03049574820064977,0.014113576050759415,0.0200743641993211,-0.07791179668453825,-0.08826671244424562,0.019159864791233966,0.019159864791233966
1.1500000000000001,17.324168852534136,-11.106843429702822,-0.2405857816203641,11.360362859462183,-1.2802680345950601,8.726646000000082,6.039613253960176e-11,-4.723425551816605,-0.030367233200663164,0.012509625561306836,0.018519015620596498,-0.06992950423647802,-0.07969120397675591,0.017602301121969838,0.017602301121969838
1.16,17.433978358704348,-11.135582400369337,-0.24499176966272043,11.342567061072533,-1.3696781220612988,8.726646000000022,-6.039613253961517e-11,-4.632477998488475,-0.030203802843206628,0.013379218855719424,0.019429705362884644,-0.06838989539098635,-0.0778853208121595,0.01851343009197016,0.01851343009197016
1.17,17.543498066085743,-11.164722247998467,-0.24938990018154542,11.324664454580732,-1.4483661326346855,8.726646000000022,-6.039613253961517e-11,-4.621487703960208,-0.030014318608490374,0.014425241431759222,0.02051251422143873,-0.0810522801654753,-0.09109240499697228,0.019598603128317543,0.019598603128317543
1.18,17.65272419815301,-11.194260765121834,-0.2537755979113803,11.306651090612807,-1.3400067212758529,8.726646000000022,-6.039613253961517e-11,-4.627055165558865,-0.02980607032479295,0.013170333752804412,0.019291165510039655,-0.07457258010884245,-0.08414323950808422,0.018378811712492137,0.018378811712492137
1.19,17.761656175379592,-11.224196855865728,-0.258145906093431,11.288735593145983,-1.222994584101247,8.726646000000022,-6.039613253961517e-11,-4.544002346891575,-0.029570615113316927,0.011555145714631333,0.017711374402000053,-0.06466477784783727,-0.07364518760781992,0.016798582264052526,0.016798582264052526
1.2,17.87029537167852,-11.25452160846574,-0.2624957149342233,11.271006763043578,-1.2118743589846361,8.726646000000022,-6.039613253961517e-11,-4.476230476245278,-0.029310262559751308,0.011214564942334197,0.017419335091948356,-0.06708898066345051,-0.0759846626988992,0.016503216055921876,0.016503216055921876
1.21,17.978643422048453,-11.285227941782209,-0.26681842354196467,11.253237499557438,-1.3593595198122734,8.726646000000022,-6.039613253961517e-11,-4.460382559922226,-0.029029455085327248,0.012955291184534408,0.01921580670833277,-0.07542209422985671,-0.08458408737100433,0.018294027240722033,0.018294027240722033
1.22,18.086696298630297,-11.316313423024367,-0.27111230760343946,11.235155005012333,-1.2748563638655421,8.726646000000022,-6.039613253961517e-11,-4.482095146834654,-0.02873883158453482,0.012082721118362358,0.01838691462834581,-0.07148602912701132,-0.08039017836729283,0.017459954802637043,0.017459954802637043
1.23,18.194452223557498,-11.34777759691591,-0.27537492718218154,11.217278396903152,-1.3611046454636335,8.726646000000022,-6.039613253961517e-11,-4.448877772809548,-0.028438183123989495,0.012996467984241268,0.019332697315129238,-0.0708164426722347,-0.07960145401460858,0.0184010859286856,0.0184010859286856
1.24,18.30191043904829,-11.379617438496874,-0.2796061283761938,11.199176599143364,-1.2810336253372914,8.726646000000022,-6.039613253961517e-11,-4.4676104563514905,-0.028143062265553773,0.012113733577527888,0.018474375198643152,-0.07375407534095645,-0.08265342977760771,0.017537969059550764,0.017537969059550764
1.25,18.409067846315974,-11.41183261973291,-0.28380357946097995,11.181198706708567,-1.3331927335588225,8.726646000000022,-6.039613253961517e-11,-4.45783069102988,-0.027856575355021448,0.012629849232252705,0.019008525953441727,-0.07215914825581263,-0.08090019636493077,0.01806771185332293,0.01806771185332293
1.26,18.51592330779711,-11.444422336037285,-0.28796861937779183,11.162983875929719,-1.290784854325462,8.726646000000022,-6.039613253961517e-11,-4.486860110123209,-0.02759118157396479,0.01217375418525233,0.018563092424293735,-0.07312693854544662,-0.08192459762884852,0.017619396473047822,0.017619396473047822
1.27,18.622473279797962,-11.477386210036192,-0.2920997387545858,11.144933402562982,-1.282494681025851,8.726646000000022,-6.039613253961517e-11,-4.464770403621544,-0.027349371328011317,0.012012171726514817,0.018405613261215627,-0.07021478059107236,-0.07879726478581986,0.01746018635223675,0.01746018635223675
1.28,18.728718527554886,-11.51072318170169,-0.29619768334339674,11.12681248847911,-1.292960437084544,8.726646000000022,-6.039613253961517e-11,-4.4803783890896955,-0.027138682304989326,0.012129848746184165,0.018522725169853246,-0.0724540395204968,-0.08114661567952468,0.017577059319761203,0.017577059319761203
1.29,18.834655000221506,-11.544432000034258,-0.3002620686753645,11.108627932802301,-1.4385803450597414,8.726646000000082,6.039613253960176e-11,-4.521814128176168,-0.02696709708931701,0.013933187298217558,0.02031747605854148,-0.08056412495613138,-0.08968784047559054,0.019374399355578803,0.019374399355578803
1.3,18.940280044655573,-11.578516637800394,-0.30429622490516633,11.09033266211288,-1.3442335714353217,8.726646000000082,6.039613253960176e-11,-4.580846686235792,-0.02684696747698046,0.012991459114642456,0.01935609695280728,-0.07602217762591969,-0.08495448332716216,0.01841725506463909,0.01841725506463909
1.31,19.045589347388596,-11.61297996189534,-0.30830160317752914,11.072115651680233,-1.428945734049191,8.726646000000082,6.039613253960176e-11,-4.57362401470202,-0.02677396009433993,0.013922364795797292,0.020259558598594136,-0.07429387811992787,-0.08318086942272597,0.019326183893396926,0.019326183893396926
1.32,19.150583103918603,-11.647821659797062,-0.31228137989234206,11.05395894096127,-1.3261492957128187,8.726646000000082,6.039613253960176e-11,-4.599226588242921,-0.026756545055393644,0.01280320421146081,0.019109911174398957,-0.07652843966780172,-0.08557800535196358,0.018182706639719243,0.018182706639719243
1.33,19.255259326892837,-11.683042061424755,-0.3162342870177037,11.036036973927454,-1.21291234984528,8.726646000000082,6.039613253960176e-11,-4.537668542876697,-0.02678228873812233,0.011301320462199718,0.017577799197677484,-0.06464229081040632,-0.07307455869411157,0.016656272694328456,0.016656272694328456
1.34,19.35962164286947,-11.71863619230718,-0.3201604214737548,11.018302218547108,-1.2964243937982225,8.726646000000082,6.039613253960176e-11,-4.503353546074725,-0.026840760500533713,0.012191069301076003,0.01843910680377378,-0.06913892025397221,-0.07776496438172548,0.017524805277974002,0.017524805277974002
1.35,19.463669594949803,-11.754597692885785,-0.324057126779409,11.000578580164381,-1.278472020174374,8.726646000000082,6.039613253960176e-11,-4.47610050517322,-0.026930551046154813,0.012106997949005067,0.01832379628615166,-0.07281635675368317,-0.08158285809735925,0.017418602123453614,0.017418602123453614
1.36,19.567404591301685,-11.790925746812011,-0.32792429313544674,10.983142258863282,-1.3332578156841892,8.726646000000082,6.039613253960176e-11,-4.471059559714756,-0.027040467377611076,0.012805398115774547,0.018953640970976765,-0.07283498699708327,-0.08163020403788762,0.018065023600217663,0.018065023600217663
1.37,19.670825090241262,-11.827618250666193,-0.3317646873376129,10.965562523452494,-1.4689270232571263,8.726646000000082,6.039613253960176e-11,-4.530258550056137,-0.02717242454264818,0.014602022026328031,0.020673621724986928,-0.08380385574494363,-0.0933076841094404,0.019800817698460406,0.019800817698460406
1.3800000000000001,19.77392769650932,-11.86467907029006,-0.3355808783257934,10.948006317271945,-1.3812157575739528,8.726646000000082,6.039613253960176e-11,-4.5617711392359555,-0.02732690838797773,0.013739029458710379,0.01977719495421611,-0.07706211064756491,-0.08624627594012131,0.018911386157197004,0.018911386157197004
1.3900000000000001,19.87670859556856,-11.902109697617457,-0.33937576281892184,10.930303331717342,-1.4004647870315214,8.726646000000082,6.039613253960176e-11,-4.545840044838052,-0.02749078555025088,0.013888826078369214,0.019887824227553277,-0.07435270007752931,-0.08351093661454755,0.019027753503234004,0.019027753503234004
1.4000000000000001,19.979167671854395,-11.939907708048226,-0.34315298302690794,10.912800207420341,-1.5193787802709238,8.726646000000082,6.039613253960176e-11,-4.591110230843954,-0.027666810468930707,0.01541719284941014,0.02136452483216584,-0.08609379192550524,-0.09599503914206914,0.020510032370400364,0.020510032370400364
1.41,20.0813012465862,-11.978075802985845,-0.34691512103369254,10.895095530498006,-1.3813928683055565,8.726646000000022,-6.039613253961517e-11,-4.61458723447906,-0.02785526467366166,0.013921949942865478,0.019836580592147622,-0.07741413118950685,-0.08688445340286764,0.018982196706229297,0.018982196706229297
1.42,20.183107105800644,-12.016614669113558,-0.35066532288303565,10.877590725314906,-1.3839086945867163,8.726646000000022,-6.039613253961517e-11,-4.5572724279094725,-0.028037351465404065,0.013815899436971112,0.01967553950762472,-0.0704618353787123,-0.07963843750695639,0.018825266807857708,0.018825266807857708
1.43,20.284589902686363,-12.055519169560341,-0.35440559122192467,10.860744614802533,-1.4265672664856532,8.726646000000022,-6.039613253961517e-11,-4.546260010131514,-0.028210687816875354,0.014454047101957981,0.020177727416434626,-0.07932722268630646,-0.08897500190864971,0.019351039560143453,0.019351039560143453
1.44,20.38575308711559,-12.094788837559047,-0.3581372020517282,10.844082001988884,-1.371944200596772,8.726646000000022,-6.039613253961517e-11,-4.554587464668934,-0.028372098821375216,0.013943797971143463,0.01954429509583624,-0.07666017018952254,-0.08618710123032203,0.01874022456614616,0.01874022456614616
1.45,20.486593931432477,-12.134421820697531,-0.36186108993456806,10.827137428712062,-1.3374436009442436,8.726646000000022,-6.039613253961517e-11,-4.509005384769845,-0.028507906271848526,0.013446786621364323,0.019056529381499272,-0.07260995042355475,-0.08195515753690122,0.018243451147990496,0.018243451147990496
1.46,20.587110989702005,-12.174411644645907,-0.36557634618857526,10.810217639198887,-1.2568810570752253,8.726646000000022,-6.039613253961517e-11,-4.444301280727866,-0.02861174488814048,0.012408664621849929,0.018030554667949533,-0.06947281258801756,-0.07860956282513182,0.017210031428798976,0.017210031428798976
1.47,20.68730788841339,-12.214752606513262,-0.36928106175943143,10.793726513602468,-1.3366756845032812,8.726646000000022,-6.039613253961517e-11,-4.389674400171139,-0.028671667310820936,0.013338554177427044,0.01888174435454875,-0.07179657457210972,-0.0809783498584096,0.018077499595132242,0.018077499595132242
1.48,20.78718772080059,-12.25543947246237,-0.37297637894243635,10.777402670100976,-1.2714231807505727,8.726646000000022,-6.039613253961517e-11,-4.366546811823305,-0.028686930461933845,0.012747353936398819,0.018155445061258702,-0.07148370206902935,-0.080621302621866,0.017387053464837744,0.017387053464837744
1.49,20.886754638362564,-12.296469697786103,-0.37666082221096175,10.7618701096801,-1.170857803872788,8.726646000000022,-6.039613253961517e-11,-4.2689312431990265,-0.028643421493236676,0.011547008870756771,0.016794780457756377,-0.06244170887003631,-0.07104835599081152,0.016066861771580593,0.016066861771580593
1.5,20.98601808397492,-12.337837293058845,-0.3803346581555308,10.747045927006448,-1.2532142895972365,8.726646000000022,-6.039613253961517e-11,-4.216828585783995,-0.028534714886385676,0.012647317807395371,0.017612562048412526,-0.06835179984366806,-0.07714390777981099,0.0169384848925469,0.0169384848925469
1.51,21.084987017020115,-12.379539134916731,-0.3839979546993362,10.733355079824259,-1.1852691832697027,8.726646000000022,-6.039613253961517e-11,-4.205952947334197,-0.02836188563555377,0.012246854925044286,0.016792788684762153,-0.06602896696972724,-0.07458154288355542,0.016218553640004407,0.016218553640004407
1.52,21.183667800451992,-12.421573763066409,-0.3876482135331573,10.7195433597687,-1.0635200414573787,8.726646000000022,-6.039613253961517e-11,-4.116042466071454,-0.02811406202406235,0.01073260851698318,0.015179682135054873,-0.05654174692435632,-0.06455862903858971,0.014635305502169375,0.014635305502169375
1.53,21.282055885524418,-12.463928234900942,-0.3912778942949729,10.70499435984819,-1.1899219397222638,8.674286124000187,-52.35987599990155,-4.05311768413206,-0.02779175062209589,0.012036461992935966,0.016566128254848222,-0.06402706844010869,-0.07215626823636154,0.016017438755789603,0.016017438755789603
1.54,21.380149513094466,-12.506595680199911,-0.3948819556481439,10.690285823800396,-1.3146088871872064,8.150687364000555,-52.35987599999999,-4.1262623609863365,-0.02741279300519402,0.013759608725318713,0.018197093833775442,-0.07571540032550092,-0.08427974989030149,0.017716193074187734,0.017716193074187734
1.55,21.477940244346225,-12.54957900641498,-0.3984590023323185,10.67484438526758,-1.2888513725018136,7.710463946991401,-52.35987599998762,-4.224954385725266,-0.026996922128352203,0.013589757910785163,0.017976752257414623,-0.07155372862889949,-0.07990496614396905,0.01757043704074398,0.01757043704074398
1.56,21.575417422063737,-12.592881767744833,-0.40200506654477136,10.658889780273356,-1.2123525541042912,7.751070177874485,0.3878745758471701,-4.2959940585100345,-0.02656375126689003,0.012543823904410539,0.01692050290826881,-0.06739132195718708,-0.07551755353665875,0.016598672578911403,0.016598672578911403
1.57,21.67257757455533,-12.636508244652392,-0.40551106338506876,10.643733928428423,-1.2413810673868286,7.2592099999087765,-44.24887993553954,-4.415188973067685,-0.026136766327699207,0.012833166881039918,0.016929191595844422,-0.06917942579038834,-0.07731374347048654,0.01685004373664499,0.01685004373664499
1.58,21.769456831763293,-12.680478251378046,-0.40895411930336906,10.636998112994137,-1.1715707797324282,6.756655009194334,-52.35987599999828,-4.285031658294368,-0.02574266595875754,0.012757941799577385,0.014642406547190914,-0.06531613904457337,-0.07321308304026981,0.01603471846464187,0.01603471846464187
1.59,21.866153198598195,-12.724834280946249,-0.4123123438837365,10.639801397625348,-1.2230910036480047,6.264496158285913,-52.35987599999999,-4.259810300627307,-0.02539777157480181,0.014923577152941897,0.013431535627821234,-0.06721223471621425,-0.07512225327564803,0.01657059836550678,0.01657059836550678
1.6,21.962689197432223,-12.769585897764282,-0.415590812321061,10.639642842361242,-1.2855601925170035,5.881632639908715,-34.28054561169407,-4.235823522430712,-0.025117198810109036,0.01589439072065076,0.01415909075257311,-0.07345513607610642,-0.08160650744595965,0.017405622750588767,0.017405622750588767
1.61,22.059018142182726,-12.814709327474116,-0.4187913497932377,10.635154470289292,-1.3761606443440522,5.358033879909141,-52.35987599990946,-4.114004539402087,-0.024901097127543903,0.016487365736640888,0.0158378664493347,-0.07749651420120346,-0.08584202840502218,0.018600008130601444,0.018600008130601444
1.62,22.155132119668995,-12.86019499866957,-0.42193036853285465,10.631979604310468,-1.2497175473486988,4.834435119909582,-52.35987599999999,-4.127183914778027,-0.02473773768315735,0.015284621629164738,0.014494621794417972,-0.07049522205887018,-0.07853946903914409,0.017174991232731657,0.017174991232731657
1.6300000000000001,22.251048336474682,-12.906043581889948,-0.4250144357772472,10.63014081174372,-1.2497100727439814,4.310836359910215,-52.359875999898804,-3.9980812268148327,-0.024604786098373906,0.015271055356571365,0.014183434282141243,-0.0670703300775936,-0.07491510020117946,0.017002868282672796,0.017002868282672796
1.6400000000000001,22.346774959516868,-12.952247201899524,-0.4280458732767191,10.62877342134551,-1.113046489822953,3.787237599910645,-52.35987599999999,-3.8853117737573877,-0.024491223965260173,0.01381812836039778,0.012363876838274963,-0.06324888285208453,-0.07087046797069081,0.015329426487450342,0.015329426487450342
1.6500000000000001,22.442335266526335,-12.99880381853137,-0.43102649486481653,10.631143865289177,-1.050708599555581,3.263638839911177,-52.35987599999999,-3.734390463260922,-0.0243698937422249,0.013610868358744652,0.010908052291781772,-0.056458614283607295,-0.06365739219610271,0.014380168535708652,0.014380168535708652
1.6600000000000001,22.53777265283147,-13.045715963580754,-0.43395497821061896,10.63726428010198,-1.031121743637411,2.740040079911714,-52.35987599999428,-3.575712444697396,-0.02422680194270988,0.014156705304959367,0.009882856630881466,-0.05805073845410614,-0.06516752767317262,0.014055516027874311,0.014055516027874311
1.67,22.63312230475375,-13.092983783533048,-0.4368266953820734,10.646674623036112,-1.0489205563248079,2.3511285489635028,3.861044937847317,-3.4082882936553998,-0.024046248174836922,0.015199795220279425,0.009479553519134019,-0.058315659360226924,-0.06520940308109542,0.014246811889245384,0.014246811889245384
1.68,22.72841729906845,-13.140607368578733,-0.43964393395896745,10.658685870643557,-1.1130122760117929,2.7855732577917065,52.35987599999999,-3.2915481508056375,-0.02381887848602108,0.01676903813642555,0.009803557327600703,-0.06335706455852753,-0.07030552514225263,0.015055824527600226,0.015055824527600226
1.69,22.82368391231158,-13.188586823410095,-0.44241013374750515,10.673489867045173,-1.193341360408155,3.3091720177912713,52.359875999898435,-3.198904811304145,-0.023541497758559838,0.0185052191533162,0.01047954549635972,-0.0682845015966684,-0.07531597904748524,0.016126645586586493,0.016126645586586493
1.7,22.91895230761772,-13.236928667849767,-0.4451328979699968,10.6912645286149,-1.0537522742331902,3.83277077779074,52.35987599989355,-3.105154745375144,-0.023210843466846574,0.017488828810910496,0.008519099514563677,-0.059564018497674454,-0.0661715997789315,0.014526682743274111,0.014526682743274111
1.71,23.014251970609536,-13.285635718713113,-0.44781636502204825,10.712061748054584,-0.9276856163323798,4.356369537790632,52.35987599999999,-2.9274421762680656,-0.022812219222627248,0.01622889725153649,0.006469968569233388,-0.05101151099817995,-0.05717441003359383,0.01279309225915672,0.01279309225915672
1.72,23.109617794153756,-13.334706410438073,-0.4504617595968545,10.735776655689351,-0.9125576836795484,4.877794448989041,50.83301022132441,-2.760066070744825,-0.022338797049480243,0.016245611388106734,0.0058608330049506035,-0.05169719382615269,-0.05767622530901022,0.012436333005446986,0.012436333005446986
1.73,23.20508020670943,-13.38413804364719,-0.4530680279283531,10.762169156386006,-0.8641270516247428,5.370140830594209,47.408258045693046,-2.6043581779176748,-0.021784467910305583,0.015915949850604936,0.005033191591289363,-0.04871902506836488,-0.05436681884438223,0.0118227226372419,0.0118227226372419
1.74,23.30066816425083,-13.433928455567514,-0.4556356289806789,10.790617201803917,-0.9459841100306192,5.5822970533903655,-10.270250499027322,-2.493691866096421,-0.021148316188081797,0.017100925255461245,0.005828350920899933,-0.05416419541984725,-0.059786473022817456,0.01275916194718968,0.01275916194718968
1.75,23.39639659223746,-13.484072440388768,-0.45816340340436096,10.819720327441644,-0.869193646106211,5.48448593225253,0.5916504957035981,-2.4081844657349376,-0.020441890821125522,0.016443716498028206,0.004939494743220573,-0.05040654498582995,-0.055707771440941425,0.011930240700635072,0.011930240700635072
1.76,23.492274786678685,-13.534565350842257,-0.4606489420296023,10.849492279231242,-0.8617444654733812,5.560028647484785,16.582051095017697,-2.2893918819878576,-0.019668640607300242,0.01637683289075392,0.004710786214957838,-0.04859849824880338,-0.05366743261210293,0.011734549422464305,0.011734549422464305
1.77,23.58831121428337,-13.585400517609962,-0.4630932553234248,10.87964180420757,-0.9439846774370346,5.651574384339121,3.724340242461343,-2.254934554843325,-0.0188478709251829,0.017480357118695708,0.005672924227767064,-0.05596440028297215,-0.06117052266090329,0.012731437485325275,0.012731437485325275
1.78,23.684509815747777,-13.636576789856347,-0.465498395752526,10.909999450235224,-0.9742626195580633,5.814779006156653,16.430829670357948,-2.2502518062080785,-0.017999214797819692,0.018025213539989735,0.006145023848977689,-0.05692810696631578,-0.062007948900995445,0.013214079241308343,0.013214079241308343
1.79,23.7808669120692,-13.68809313968196,-0.46787066967294844,10.939601161738784,-1.114110225978581,5.882845651037787,18.793210193132143,-2.2875246817123527,-0.017147159401782318,0.019794582169925908,0.007916846641131426,-0.0659515953107419,-0.07132152196173779,0.01496769338883611,0.01496769338883611
1.8,23.877372917922738,-13.739950404617437,-0.47021960421145187,10.968640397181073,-1.0992670019895714,6.043555450080386,2.200476173488151,-2.361885968782254,-0.016323685317583547,0.019810658982884886,0.007964082878436203,-0.0653734767407582,-0.07064142159893794,0.014976208477968446,0.014976208477968446
1.81,23.974020343035654,-13.792153122454044,-0.4725549904847773,10.997294743044396,-1.0663406310410186,6.195775432646906,21.562127439934716,-2.383555484824422,-0.01554661539841495,0.019407498390719105,0.007580785835478337,-0.06176829602874952,-0.06686791437263023,0.014552833563450884,0.014552833563450884
1.82,24.07080543403475,-13.844702156410595,-0.47488517195666446,11.025987997970136,-0.9954939244122197,6.330441844994608,15.873328286047261,-2.3892820887788555,-0.01483603438270108,0.01853122546659345,0.00671613803095659,-0.058524769947551035,-0.06343200415315622,0.01364052508747602,0.01364052508747602
1.83,24.167730648279523,-13.897599060121305,-0.477213052258156,11.055091808349914,-0.9619520982534575,6.505709022357081,18.25208756911385,-2.3387790981328838,-0.014200011467704946,0.018060076314257115,0.0062916704661081235,-0.055500231087555335,-0.06018601819548139,0.01313341877233076,0.01313341877233076
1.84,24.264798442286263,-13.950841756680411,-0.4795431300211316,11.084148928936695,-1.0620704045326397,6.612569949786244,8.068239103351068,-2.335176891253009,-0.013650429066362631,0.019263714409977983,0.007547894115238684,-0.06277367626027912,-0.06766188285332066,0.014313722077585961,0.014313722077585961
1.85,24.362006874759835,-14.004429527207883,-0.4818805582708442,11.113010389117074,-1.1957284202606362,6.766230830780671,5.795698213846974,-2.3699010351320626,-0.013203003084034978,0.021048189527633133,0.009404805861040012,-0.07112310308505086,-0.07629769280463156,0.016086566222269238,0.016086566222269238
1.86,24.459350501323673,-14.058365882086948,-0.4842344635946139,11.141579830661543,-1.046955933216302,6.8124094263736374,11.821293822975598,-2.4067001765232634,-0.012865637846172987,0.01944291730942331,0.007852063674244509,-0.06138698153529007,-0.0661545891957298,0.014446709941597493,0.014446709941597493
1.87,24.5568270689067,-14.112651500030228,-0.4866101411074663,11.17024791412681,-0.9961970587999509,6.938402440472392,9.443667585276758,-2.3349780575471653,-0.012629059130064749,0.018655928542771566,0.0071018428220615114,-0.05586164329856138,-0.06037954754534529,0.013622761157788646,0.013622761157788646
1.8800000000000001,24.654440696338053,-14.167282131508601,-0.4890095971034349,11.199072457146716,-0.9452626785070585,7.075887197337524,17.882307600009415,-2.2917257383937275,-0.012491382955107395,0.017995590600343857,0.006469927479646513,-0.05631040363268847,-0.06074781247820115,0.01293001517619603,0.01293001517619603
1.8900000000000001,24.752193769841814,-14.222253578440906,-0.491430159444788,11.227962497896566,-0.8298349758417296,7.1248038193270995,-8.70317457271588,-2.1910759443020162,-0.01243389333127055,0.0165313423754195,0.005034820316476094,-0.046935565800904445,-0.05094198065381786,0.011447316260501352,0.011447316260501352
1.9000000000000001,24.85009172207032,-14.277558311470218,-0.4938684453794508,11.256959836416717,-0.8422336848259855,7.035027862327338,-3.099660409907487,-2.097628273920572,-0.012437671472864049,0.0165262598332547,0.005063047910295141,-0.04896619549313164,-0.052904037882268454,0.011442092693422916,0.011442092693422916
1.9100000000000001,24.94813823326692,-14.3331876210657,-0.49631897983323925,11.285846921201008,-0.8854272680164267,7.058025413865231,-0.825026520003732,-2.0361013867176414,-0.012491450507266364,0.017063975369247496,0.005634507618352188,-0.05246539077484885,-0.056385519097397856,0.011987862703273055,0.011987862703273055
1.92,25.04633528255765,-14.389137639621595,-0.49877856298847345,11.31478217898885,-0.9580491455078995,7.0485584894863775,4.504280074036301,-2.0250727969752504,-0.012582984391449673,0.018004564515308397,0.006603482430843745,-0.05660909261018632,-0.06057256129415792,0.012935876961528169,0.012935876961528169
1.93,25.14468215573693,-14.445406872676749,-0.5012468641591568,11.34357731915316,-0.8505498202324782,7.0138726625252845,0.7979357767889708,-2.022343262488448,-0.012704219543108467,0.016779785112655918,0.005399997897353439,-0.05052518051850249,-0.05421911962491838,0.011718363969739328,0.011718363969739328
1.94,25.243179792009865,-14.501994576998522,-0.5037204223507055,11.372566407455425,-0.9954275877953441,7.03526740037108,-7.64528367402124,-1.9849952379439038,-0.01284135522726591,0.018394251104956905,0.007032563008415147,-0.05452710884174339,-0.05830246849124644,0.013346119862832273,0.013346119862832273
1.95,25.341828144943943,-14.558899182938786,-0.5061995435423533,11.401321624986863,-0.8800345571518811,6.988644493927547,2.3877079320365056,-2.0443530405888093,-0.01299911215555752,0.017165475255038035,0.005820965462650264,-0.05564337785231148,-0.05943566521188245,0.012130256587720468,0.012130256587720468
1.96,25.440624593098413,-14.616123864396483,-0.5086803473708428,11.430265807872727,-0.8673430817008884,7.021127149107294,2.8103055590470203,-2.008039131886082,-0.01316166382290627,0.016833508677262063,0.00550469531930314,-0.048202896778931976,-0.05169118351544391,0.011817853445625214,0.011817853445625214
1.97,25.539569837132966,-14.673667779590806,-0.5111624346388945,11.459016363943952,-1.0051445739150913,7.08468381118255,7.18547989410813,-2.0724490338233696,-0.013334727228624253,0.018486053489886557,0.007167403133894142,-0.061311172092240275,-0.06527820941843676,0.013487951340964265,0.013487951340964265
1.98,25.63865870739539,-14.73153491301405,-0.5136444476265618,11.487767822339125,-0.8933892981887728,7.048890126074458,-10.984534737679896,-2.141130132040623,-0.013522917402949886,0.017294852041294318,0.00597680931808035,-0.05432202035803792,-0.057997603288496694,0.012307004418065134,0.012307004418065134
1.99,25.73788890373029,-14.789732229876364,-0.5161250077172942,11.516623217555397,-0.7463349090696244,7.050538327023736,0.7758306248658331,-2.1208411817653254,-0.013711603722411229,0.015335425220266156,0.004002135355191276,-0.04158547788017445,-0.044865989901467,0.010354290436896903,0.010354290436896903
2.0,25.83726120732861,-14.848256027859463,-0.518598131696506,11.54545927994201,-0.6542834894538787,6.92092246894603,-10.822109222004299,-2.060933911994808,-0.013895670507003351,0.01399631931410834,0.002640500868993677,-0.03870158803073783,-0.041873713409302925,0.009027056199419127,0.009027056199419127
2.0100000000000002,25.936780003958653,-14.907102765725117,-0.5210518543232238,11.574570734086837,-0.6740590857149038,6.870108365333342,-5.0328870506125405,-1.9988564218609879,-0.014063455317104416,0.014095028944038631,0.0027167113272383607,-0.03872692133386207,-0.04181739818083732,0.009143966330895724,0.009143966330895724
2.02,26.036446758046033,-14.96626823069729,-0.5234785619518284,11.6034172925979,-0.6892778379649787,6.8606809857523,0.5196815161535047,-1.9989331853913181,-0.014210517343044142,0.014275562833100382,0.002891266070551948,-0.04135573111971452,-0.04449516582345919,0.009357223972164565,0.009357223972164565
2.0300000000000002,26.13626065832998,-15.025751521338435,-0.5258712080714181,11.632396440054707,-0.8362523956031503,6.8761362004367355,3.94592114422078,-2.0190289936281003,-0.014336122402102004,0.01606479633618377,0.004675334458464946,-0.049738060862114145,-0.05308484395984154,0.011177618216334222,0.011177618216334222
2.04,26.23621885606626,-15.085557298986405,-0.5282302206006554,11.66119112477103,-0.9449725998372717,6.948885543038174,7.9891303409480505,-2.1557924841055334,-0.014455613833554079,0.01757943932429484,0.006177336137138571,-0.05805125756554424,-0.06172285575178705,0.012708851406074763,0.012708851406074763
2.05,26.33631226377427,-15.145695803271469,-0.5305600324381284,11.689890765262351,-1.0397566718787812,7.048826609239999,11.498698248681928,-2.2920757158062712,-0.01458258219806517,0.018714754153914503,0.007292599236816685,-0.062107857548278154,-0.06601512649549479,0.013846223514367362,0.013846223514367362
2.06,26.436531773263873,-15.20618029961718,-0.5328704388894167,11.71842369941236,-1.1882600260705651,7.19740009819571,15.146754552248678,-2.4917612114505916,-0.01474125625512473,0.02037441613018506,0.008927868682031315,-0.07196481733185578,-0.07643362449986701,0.01549611990825096,0.01549611990825096
2.07,26.536863482102987,-15.267026649731832,-0.5351742169504768,11.746635551421353,-1.2802330894202865,7.377339099013427,19.0781662010625,-2.7096728768014597,-0.014957651192689034,0.02139179338714868,0.009917882030083282,-0.07679811844558909,-0.08172113672485831,0.01649247704890156,0.01649247704890156
2.08,26.637292695770732,-15.328253360402792,-0.5374870423072255,11.774579472350005,-1.3824362678260507,7.600949989129362,23.379805938623566,-2.929014244371447,-0.015252386355261629,0.02242010293026892,0.010916265493866503,-0.08203600731151423,-0.08753861294396521,0.017491834830518634,0.017491834830518634
2.09,26.737803658892105,-15.38987742791203,-0.5398258417697316,11.802130795391328,-1.3456353453726482,7.846312150954858,31.501236756444147,-3.127838502708548,-0.015644723017188725,0.021857757376063318,0.010323684280217963,-0.07972360061777481,-0.08551463839917915,0.016896217290797502,0.016896217290797502
2.1,26.83838376741426,-15.451914194375878,-0.5422035185225825,11.829621730099195,-1.2755511326522517,7.881056655637744,-13.336521351985956,-3.2362222945479333,-0.01613563688535665,0.02075115647032222,0.009197851782201689,-0.07316807107615775,-0.07898299715666623,0.015772425859534294,0.015772425859534294
2.11,26.939025562011036,-15.514372766508506,-0.5446304813235225,11.856992172854344,-1.3319359762401255,7.905438644462786,9.110066774734031,-3.3279768559849803,-0.016726124415891087,0.02099937175065539,0.009429064098502277,-0.07727364610421118,-0.08359097868168708,0.01601375701186993,0.01601375701186993
2.12,27.039721334307888,-15.57726014516071,-0.5471139682893432,11.884066031305375,-1.3102656965882453,8.025936449813639,12.883225719137668,-3.4304428359880217,-0.017412229202813358,0.020533506827086045,0.008964790858723981,-0.07585702074598032,-0.0823570937353358,0.015555592166939641,0.015555592166939641
2.13,27.140456601163738,-15.640578431057001,-0.5496581703572037,11.909260010168422,-1.337573845478978,8.181308166915992,14.633154513669146,-3.4806767707601316,-0.018178855852797472,0.02040370059385435,0.009012076793763896,-0.07608702201657955,-0.0828414869012535,0.015543654107925286,0.015543654107925286
2.14,27.241204054395613,-15.704318646507826,-0.5522669007600685,11.931409770530264,-1.3798074794740358,8.36504739325309,21.516994494975943,-3.545667020665176,-0.019017297575252046,0.020417102963501584,0.009351346532518614,-0.07983410069640823,-0.08700179601989398,0.015765870998798302,0.015765870998798302
2.15,27.341932125072965,-15.7684705373798,-0.5549460226378353,11.950395266088375,-1.407342232558218,8.590631683395747,22.139342918287447,-3.626783369429686,-0.019909500630871286,0.020231796433023683,0.009639082850175597,-0.08033049522743538,-0.08775536357214621,0.01587688399572761,0.01587688399572761
2.16,27.442608829493697,-15.833022493465883,-0.5577009119536067,11.966212508094861,-1.482617570254296,8.726646000000022,9.947598300642499e-11,-3.7019027751056957,-0.020840113474604134,0.020458104051142283,0.010456225513688933,-0.08525786746225933,-0.09320577291990698,0.016479820169061014,0.016479820169061014
2.17,27.543206014519846,-15.897966098968343,-0.5605346285415206,11.979865621257407,-1.415297382864447,8.726646000000022,0.0,-3.773937778157075,-0.021793164794671537,0.0193571563118596,0.009899459863096979,-0.0811474567619501,-0.08912343510050834,0.015726813394632753,0.015726813394632753
2.18,27.64370676138934,-15.963298738341734,-0.5634493161023649,11.99252613605245,-1.384749809447022,8.726645999999922,-9.947598300638081e-11,-3.8092886001018895,-0.022743049424525666,0.018588624286062855,0.009497153248624686,-0.07733502866783401,-0.0853360455529999,0.01520399405651534,0.01520399405651534
2.19,27.74410236289133,-16.029018051118207,-0.566443766806908,12.004658700531568,-1.2402688568265199,8.726646000000022,0.0,-3.8241243003417766,-0.023671246797585987,0.01683894000142251,0.007954520813298581,-0.07004189410580952,-0.07784917460486893,0.01362150120639523,0.01362150120639523
2.2,27.844390998627556,-16.095123149534093,-0.5695104292826859,12.017078746477035,-1.221248818728423,8.726645999999922,-9.947598300638081e-11,-3.779974979903367,-0.02454825507147464,0.016294224569455097,0.00745270304448889,-0.06543170416700642,-0.07308395967619238,0.013155263068738038,0.013155263068738038
2.21,27.944576430111084,-16.16161199520877,-0.5726414061845475,12.029686932991833,-1.0751468105048931,8.726646000000022,0.0,-3.754860962111378,-0.025355731385275422,0.014690814854516213,0.005822971782196342,-0.06058904304266013,-0.06806370661819022,0.011608488957234781,0.011608488957234781
2.22,28.044662456968926,-16.22848183125607,-0.5758229580021486,12.042844279259882,-1.083322545680503,8.726645999999922,-9.947598300638081e-11,-3.668858143467937,-0.02606584859813211,0.01446519809843442,0.005526167575083498,-0.05680599355015993,-0.0640651604393932,0.011415696494508394,0.011415696494508394
2.23,28.144656565713056,-16.29572930508818,-0.5790432253990289,12.056237018880891,-1.0828213362645411,8.726646000000022,0.0,-3.651404774321575,-0.026668891261353387,0.014326943488571223,0.005314479447734884,-0.061544394123196504,-0.06894871388268789,0.0113009436430231,0.0113009436430231
2.24,28.244559211739244,-16.36335175752835,-0.5822892693749343,12.069783408707648,-1.1526939316343592,8.726645999999922,-9.947598300638081e-11,-3.643350571085203,-0.027155438721088998,0.014830205430147887,0.005770881029985676,-0.06370864822551035,-0.07114977201205626,0.011830559581539975,0.011830559581539975
2.25,28.344371711748252,-16.431351331320514,-0.5855529606557678,12.083484359907173,-1.179193244750432,8.726646000000022,0.0,-3.6969298408280795,-0.027527978313786772,0.014991442314861655,0.005880902858511611,-0.0668652150356704,-0.07445368595117126,0.012017053199901795,0.012017053199901795
2.2600000000000002,28.44408950020057,-16.499730530087774,-0.5888268488268141,12.097149701876983,-1.2559737576793961,8.726645999999922,-9.947598300638081e-11,-3.7547607822729927,-0.027792513828850687,0.015556864195710597,0.006406431288583513,-0.07048713463780928,-0.07827378845084364,0.012611083769639425,0.012611083769639425
2.27,28.543708927798452,-16.56849625935267,-0.5921076464463835,12.11092258038416,-1.3257455288123405,8.726646000000022,0.0,-3.875211093099589,-0.027966815298903384,0.016090086044097708,0.006913147878546974,-0.0757572740264256,-0.08388314361049108,0.013174392949184047,0.013174392949184047
2.2800000000000002,28.643221043864095,-16.637656375192165,-0.595392667431121,12.124586970863549,-1.193057319397856,8.726645999999922,-9.947598300638081e-11,-3.9519606528454725,-0.028064032854542266,0.014806675981961068,0.005607620184659082,-0.06662089932147951,-0.07440454829239573,0.011916930885127066,0.011916930885127066
2.29,28.74262278239005,-16.707218119922715,-0.5986783242424822,12.138629956752988,-1.2219832158338304,8.726646000000022,0.0,-3.971964979005741,-0.02809021736660782,0.014766243669215508,0.005548404585121713,-0.06441565871828583,-0.0721262172916495,0.011903309947438304,0.011903309947438304
2.3000000000000003,28.84191221274787,-16.777183167419285,-0.6019596908784347,12.152603463423768,-1.0971389121066775,8.726645999999922,-9.947598300638081e-11,-3.998813887433758,-0.02806204372640794,0.013545314438049627,0.004319355042618662,-0.06281006454465636,-0.0704496750458971,0.010708022632540462,0.010708022632540462
2.31,28.941087913000228,-16.84755435367805,-0.6052297126587463,12.166900867060612,-1.168162845696135,8.726646000000022,9.947598300642499e-11,-3.9887198946909717,-0.027981739570688828,0.013883417113601621,0.004656619075440177,-0.061370496405935476,-0.06888764373538703,0.011069016057397501,0.011069016057397501
2.32,29.04014882403295,-16.918331398442287,-0.6084843566114198,12.18095362483664,-1.1117206430684767,8.726646000000022,0.0,-4.0218557205725975,-0.02786498104065809,0.013319265154688672,0.004094291135407477,-0.06374574101549532,-0.07137157071987715,0.010524057322596484,0.010524057322596484
2.33,29.139091989343587,-16.98951568209813,-0.6117173558637478,12.19531093753078,-1.05462162109725,8.726646000000022,9.947598300642499e-11,-3.992468757379781,-0.027713433588964588,0.012642509865389878,0.0034168377451976135,-0.05668140442744744,-0.06392683000583943,0.00986303521061723,0.00986303521061723
2.34,29.237919180334202,-17.061106901776363,-0.6149245514590286,12.20962157708459,-1.1502796998869584,8.726646000000022,0.0,-3.998243849018974,-0.02753490426924853,0.013238414155252887,0.004009405386493876,-0.06336356322045415,-0.07086960989850359,0.010477087273923342,0.010477087273923342
2.35,29.336627335397544,-17.133103667896822,-0.6181020845753781,12.223919779986497,-1.0711309036862047,8.726646000000022,9.947598300642499e-11,-4.013486551198724,-0.027341742951878342,0.012534137737467749,0.0032940759280953615,-0.06045547936626274,-0.06779359941980634,0.009785147158686537,0.009785147158686537
2.36,29.43521649650364,-17.205508762913656,-0.6212463019004515,12.23849064482604,-1.0414800575625098,8.726646000000022,0.0,-3.9696929675244848,-0.027129489506104654,0.012087971889800743,0.0028347764335248495,-0.05547779650344782,-0.0625722036334667,0.009347032113777375,0.009347032113777375
2.37,29.53368761148343,-17.278318209311013,-0.6243541667341078,12.252987061261296,-0.9752335360895775,8.726646000000022,-1.0658141036402677e-11,-3.9304293494716416,-0.026903749111963728,0.011406630063198805,0.002146376608332048,-0.05455926884795251,-0.06156432485142797,0.008670944160831282,0.008670944160831282
2.38,29.632044270821563,-17.351529549950495,-0.6274189233565176,12.267943756084291,-0.8503971985232045,8.464846620000177,-52.35987599995306,-3.819666973924903,-0.026655976735890523,0.010246706239516764,0.000982892160663094,-0.04490733276014492,-0.05137402992729183,0.007515110908094827,0.007515110908094827
2.39,29.73029351742423,-17.425135317283562,-0.6304337025445267,12.282922098714419,-0.7842190510284102,7.9412478600003755,-52.35987599999303,-3.683721450651351,-0.026374838277858005,0.009517293011436586,0.00025323370080997717,-0.04188317365342154,-0.048087387967496335,0.0067909495673993065,0.0067909495673993065
2.4,29.828443561321798,-17.499124303248667,-0.633388891645018,12.298174278780424,-0.7253007984410929,7.417649100000685,-52.35987599995306,-3.5309649128025375,-0.026051023399055837,0.008909962680673966,-0.0003548218557215257,-0.03892596962416335,-0.04477783333468855,0.006187983405747323,0.006187983405747323
2.41,29.92650424101658,-17.573486307417152,-0.6362750740115309,12.313549429991658,-0.7657578891765289,6.941039359752864,-35.56476834023084,-3.4018279483855474,-0.025673939347653597,0.009071372322549086,-0.00019814079118495812,-0.04130696634468356,-0.04699677068301242,0.006350577623095619,0.006350577623095619
2.42,30.024481683037077,-17.648210668912526,-0.6390858845116163,12.328869695408052,-0.7625829424399848,6.707732562831709,-11.829515785934912,-3.3199743765188963,-0.02524415238012893,0.00899275193819347,-0.00029035826034481873,-0.04275907278941374,-0.048314000946497584,0.0062651838951864915,0.0062651838951864915
2.43,30.122381306086197,-17.72329153912169,-0.6418156745367207,12.34446269212742,-0.7064154203671911,6.74229031124126,13.626449492758654,-3.216808335180122,-0.02475754285640666,0.00849878130337043,-0.0008064032301437684,-0.03818992183967952,-0.04344890063955829,0.005756890016174948,0.005756890016174948
2.44,30.220209216150522,-17.798721395149997,-0.6444605195588917,12.360040119938128,-0.7089729002367651,6.914652719490196,18.927826364594534,-3.1201171544303645,-0.02421418465309866,0.008401475007890163,-0.0009311302194270803,-0.03909033568077918,-0.04424373697910614,0.005639975276864222,0.005639975276864222
2.45,30.317970878141765,-17.874493065821152,-0.6470165912013636,12.37580784894115,-0.7194638400029343,7.0927233496440225,11.28545341684429,-3.0521817046200335,-0.023619900934684048,0.008410084523887678,-0.000953566869399145,-0.040370174562130316,-0.04541981846196595,0.005624797224725772,0.005624797224725772
2.46,30.415670039745773,-17.950602420622083,-0.6494831990605884,12.391552625713496,-0.8635707585763106,7.268470001388551,16.965248850979812,-3.0469996841992018,-0.022985357551462703,0.00935118979922693,-4.4092080169684175e-05,-0.049080378917545714,-0.054336305990484446,0.006539200357869677,0.006539200357869677
2.47,30.513304897927434,-18.027048785071337,-0.6518645605217959,12.407230539965564,-0.796992836768543,7.253692627929651,4.4240805162608305,-3.081604526256029,-0.022332490484993854,0.008930315912280166,-0.0004972358447244253,-0.04639100411055987,-0.051549636118468016,0.006085959040103536,0.006085959040103536
2.48,30.6108737420544,-18.103834521819838,-0.6541645873968637,12.423047962278954,-0.8042784786473862,7.328216094351,4.887519812647772,-3.0394733067209345,-0.02166808159290476,0.008859887955183568,-0.0005865948046969221,-0.04329713640871517,-0.048342257027229114,0.005981458920824473,0.005981458920824473
2.49,30.708377485773433,-18.180957123132412,-0.6563894973143177,12.438737810834331,-0.8722232184063557,7.425306895493774,8.705867654477764,-3.06205855582383,-0.021014770308204256,0.009245830564076365,-0.00020570862850744984,-0.051217247823973425,-0.05654140670291866,0.006331138266804225,0.006331138266804225
2.5,30.80581337798317,-18.258417988744835,-0.6585452370901267,12.45448684036591,-0.9061739942680952,7.542654454843199,12.271950009637786,-3.088439836976939,-0.020390035635641218,0.009447709535905055,-1.4964113842603002e-05,-0.05139107111945751,-0.056730903867008395,0.006488370727339686,0.006488370727339686
2.5100000000000002,30.903178113097614,-18.336219608439,-0.6606419180804259,12.470053858810237,-0.8573118037234889,7.6395075311431775,-7.171866097614824,-3.1016200856881424,-0.019807609638151036,0.009094454157368086,-0.0003833931306811821,-0.04869271650165694,-0.05400609511596736,0.006086969848533614,0.006086969848533614
2.52,31.0004697167749,-18.414361389985395,-0.6626875300406287,12.485686886339193,-0.97158880295864,7.4638376260716575,-7.091412318140371,-3.0936263860379105,-0.019278910991504212,0.009703002798164034,0.00022031588758441006,-0.05455137077094682,-0.06006825900807394,0.006656192453173621,0.006656192453173621
2.5300000000000002,31.097686966413278,-18.49284423904312,-0.6646924241286615,12.501178839068329,-0.8701639479648173,7.453846010613228,5.64544848537796,-3.113107976436364,-0.018818859376894904,0.009078692151573841,-0.00040241400334586636,-0.050345867560595864,-0.05577457283111672,0.005991051092556367,0.005991051092556367
2.54,31.194827614069528,-18.57166723778997,-0.6666644870819156,12.516695137229465,-0.9293408325563957,7.502722426821645,6.730686144542051,-3.0362485496577927,-0.018420739968897384,0.009305502852652742,-0.00017862786679765253,-0.04800202804559743,-0.053368783610074313,0.0061677425654971,0.0061677425654971
2.5500000000000003,31.29189560286339,-18.650826191723326,-0.6686128728053584,12.53218570188688,-0.9122936027746485,7.595369663834468,7.203054792804846,-3.0188106749042776,-0.01809229401068899,0.009179001935065182,-0.00031070272919711973,-0.053855348375974256,-0.05941672133473793,0.0059889549503558985,0.0059889549503558985
2.56,31.388890156053172,-18.73031798962871,-0.6705442499100454,12.547583714103157,-0.9498809399705209,7.668240533089966,9.122002402219504,-2.9734339729925456,-0.017828504491825506,0.009320658620152506,-0.00016684863338567012,-0.052451632414895005,-0.057971435505073804,0.0060806700052449805,0.0060806700052449805
2.57,31.485812784731237,-18.810140240850984,-0.6724689780657879,12.562923016140537,-0.9712286549310952,7.812610309748974,12.541924491408057,-2.966610183339604,-0.01762865758128916,0.009407492426967479,-7.730305317575972e-05,-0.05565091306215165,-0.06133542683900416,0.0061066864293538555,0.0061066864293538555
2.58,31.582662439471196,-18.890289912589118,-0.6743953339816101,12.578131215502797,-1.1098361062507929,7.944635651060836,15.028229588292298,-2.9646964225183345,-0.017492394230030076,0.010139883897406162,0.0006487747113204812,-0.06302124667751033,-0.06904894023882152,0.006770262350787418,0.006770262350787418
2.59,31.679437098455026,-18.970768063843682,-0.6763350814358725,12.593250804022054,-0.9628038185339308,8.131322808571214,16.35734415462056,-2.986317654528416,-0.01742097612155344,0.009333146981172815,-0.00014783566969563035,-0.05531117654650685,-0.061137371659441525,0.00591755667900011,0.00591755667900011
2.6,31.77613552445495,-19.051573039666643,-0.6782953605816562,12.608400205103226,-1.1003808009128935,8.279848500621046,14.434669286199222,-2.8914190875628343,-0.017396083926511374,0.009893325444216582,0.00042420264101498007,-0.05377405583609318,-0.05958542665778702,0.00644406218927253,0.00644406218927253
2.61,31.872763194481877,-19.132700069344786,-0.6802837930017296,12.623601424128047,-0.9773184853296668,8.442425813763352,8.978754881263308,-2.877004192284027,-0.017418304038772394,0.009238183562521946,-0.0002378178907017428,-0.05853848566220547,-0.06452892808959225,0.0057457212830983595,0.0057457212830983595
2.62,31.969319764398954,-19.214145685255613,-0.682303677949335,12.638697128778212,-1.0192219304542942,8.283299354757714,-13.981359420304193,-2.8169988155125845,-0.01747060707874624,0.009301556380313894,-0.0001827153859557439,-0.054955257068177436,-0.06081511854258276,0.005768387914094024,0.005768387914094024
2.63,32.065808424539,-19.295906721085434,-0.6843613444624419,12.65381411192487,-1.0129547674830952,8.266563548251527,0.10908292291668212,-2.8182908893080185,-0.01754796345719575,0.009197722591185009,-0.0002859835753001765,-0.05847980959507573,-0.06448305118353165,0.005634762667465903,0.005634762667465903
2.64,32.16222894105189,-19.377979697087895,-0.6864581272545724,12.668861682772764,-0.9106605727847592,8.30586922376611,6.007794529550687,-2.7368717397943536,-0.017636764169693744,0.008590607154246976,-0.0008899632955055,-0.04993854136280173,-0.055614821761609944,0.005006658034361494,0.005006658034361494
2.65,32.25858719435,-19.460360886485248,-0.6885943646097908,12.68418861124418,-0.8443295930202992,8.378334430966396,5.570077618812067,-2.644175764658632,-0.01771851159465084,0.008115101775407498,-0.0013613343623246534,-0.046337580062571306,-0.051817599372905906,0.004519914169347451,0.004519914169347451
2.66,32.35488976034311,-19.543041118909006,-0.6907656787006182,12.699417598671069,-0.7878751192863959,8.409486927116443,1.1261078986671966,-2.518596076633986,-0.017777829618558158,0.007713469359921099,-0.0017523518103462936,-0.04366073304706406,-0.04890906401036392,0.004116326622781515,0.004116326622781515
2.67,32.45114540140514,-19.626012585561966,-0.6929649494525209,12.714964168761082,-0.6648881469543974,8.44448754756648,3.0263124839450266,-2.377943890068613,-0.017792504734500482,0.007017280203232584,-0.0024372406281443952,-0.03560509257740368,-0.040439174439647216,0.003426942115185569,0.003426942115185569
2.68,32.54736453047906,-19.709263478826877,-0.695182309070561,12.730446555631891,-0.6061555747564815,8.408032440115159,-20.67091267469451,-2.1912611269397257,-0.017738679767340945,0.006594278026559104,-0.002847771526169729,-0.03209807667024565,-0.03662676920271894,0.0030199041291759203,0.0030199041291759203
2.69,32.643559666033774,-19.792780441733843,-0.6974046211197825,12.74615964232612,-0.4683596347149421,8.065619212282993,-28.3990403812733,-2.0057105761102667,-0.01759639392687159,0.005871823750440626,-0.0035611963453207373,-0.024941761803528598,-0.029024074869423915,0.002317212339469529,0.002317212339469529
2.7,32.73974444285065,-19.87654920741945,-0.6996159610821993,12.761904953936286,-0.4295100320752663,7.868790378375105,-12.441982610683697,-1.7823942556180081,-0.01733936314951582,0.005561649098356517,-0.0038687040926150174,-0.021061789912562395,-0.02484252373763618,0.0020272405909563724,0.0020272405909563724
2.71,32.83593301716411,-19.96055324715996,-0.701800048106428,12.777659421123841,-0.3503902037318767,7.731901297084806,-12.864798974334764,-1.6103034565113192,-0.016955398652231585,0.0051393739593713975,-0.00428728288167256,-0.019273178623242973,-0.022815652209593095,0.0016299158901333293,0.0016299158901333293
2.72,32.93213736704565,-20.04477928475755,-0.7039398460397182,12.79349581551197,-0.4635953028377142,7.625438413454762,-10.369901998039756,-1.4775771394634263,-0.01643491271237604,0.005473257763477163,-0.003935026597794588,-0.024154094757898918,-0.027618996807500223,0.001998935386743626,0.001998935386743626
2.73,33.02836460737398,-20.129218334096674,-0.7060246900309078,12.809184406638806,-0.5319166068609784,7.559171731685133,-6.597191403279917,-1.505308200341217,-0.015797184205927142,0.005690524218572782,-0.0036894516652566933,-0.03329715095680908,-0.036894998360040225,0.0022534418184929645,0.0022534418184929645
2.74,33.12461295464664,-20.213871812524218,-0.7080476536297778,12.824998460307347,-0.590539306836947,7.508580677226863,-2.5337087499224675,-1.5588165141180381,-0.015063652428744662,0.005836421010210218,-0.0035149714485573553,-0.03399540081343839,-0.03752470676693446,0.0024337672583318085,0.0024337672583318085
2.75,33.220878269095714,-20.298744529297714,-0.7100067073027815,12.840685517953679,-0.4438857023295036,7.494146474037282,-2.83333902051406,-1.6059834460730733,-0.014263188272974327,0.0052217383579258704,-0.004103147060533308,-0.026599853159439284,-0.029905444661917576,0.0018499809280420412,0.0018499809280420412
2.7600000000000002,33.317158325063744,-20.38383810171513,-0.7118955768422986,12.856494229228877,-0.31415725691877233,7.438724365309194,-6.2001446793062245,-1.507835675282533,-0.013408252881104001,0.00461902806720739,-0.0046763844395125535,-0.01524453831019627,-0.018228987060579613,0.0012776145165063805,0.0012776145165063805
2.77,33.41345896147068,-20.46914711429868,-0.7137063126031971,12.872258191330408,-0.35632507397495056,7.372534191091164,-7.354059100463417,-1.4502772567975348,-0.012517124779503012,0.004647539082647836,-0.004617119476096339,-0.02042387232815101,-0.023445363918055566,0.0013297971238662844,0.0013297971238662844
2.7800000000000002,33.50978279316682,-20.55466684224991,-0.7154320486024637,12.888012408646741,-0.40187782092653157,7.303049460249793,-5.794614239629523,-1.4563736264200382,-0.011615024947697351,0.004753071740736663,-0.004482873138380486,-0.024107649210078415,-0.027135708314942133,0.0014495149537530362,0.0014495149537530362
2.79,33.606129208687456,-20.640398892868404,-0.7170701768842632,12.903782629639775,-0.3060660247381789,7.26154897113559,-4.086923048264086,-1.4426483419475225,-0.010720827428944707,0.004410918829473653,-0.0048007200314649535,-0.017164163669919946,-0.020020307548439083,0.001110866215564603,0.001110866215564603
2.8000000000000003,33.70249861331157,-20.726340931970494,-0.7186180449012779,12.919446999586253,-0.34279566301666414,7.207117027610546,-5.2824181115758275,-1.3827108242579038,-0.009849541326545268,0.004456581292735329,-0.004735077572737303,-0.018639783267183935,-0.021481685106527062,0.0011501300736598227,0.0011501300736598227
2.81,33.79889325861392,-20.812490330765087,-0.7200748706988317,12.935150154413245,-0.4717600275453176,7.17597033310037,-1.314173378064754,-1.4394533544632657,-0.009029741112744809,0.0048214407421899716,-0.004354457626572736,-0.02942285403965491,-0.032428339326452664,0.001497389420186333,0.001497389420186333
2.82,33.89530819309934,-20.898851706844397,-0.7214456034828266,12.950760636839627,-0.5521951039012498,7.191299393738541,3.9368358955029668,-1.5545615658206202,-0.008290234329164922,0.005059410448592793,-0.004104094863279972,-0.033503567646142325,-0.03660810489397431,0.0017063312401634978,0.0017063312401634978
2.83,33.99173423227217,-20.985433737653317,-0.7227404494399586,12.966270352607946,-0.6914649267371753,7.260890758451067,9.63321700153958,-1.7086794831921723,-0.007661437920403008,0.0054336946844094,-0.003725069281025446,-0.04173313184888463,-0.04509032284659303,0.002038736229895333,0.002038736229895333
2.84,34.08815896844331,-21.072248034906153,-0.7239741717389601,12.981652955325771,-0.8289136279996467,7.388271927214066,15.202577927534554,-1.9331557739790663,-0.007182857686887442,0.005799780762002171,-0.0033623317662815387,-0.05106126688497879,-0.0547064435423548,0.002350428490915597,0.002350428490915597
2.85,34.18456555771262,-21.159310622464385,-0.7251645591690284,12.996838346291256,-0.724483930009227,7.566503415502857,18.71577434589195,-2.094223682184504,-0.0068809559824063865,0.0055338069515921805,-0.003628187140153674,-0.04301150216487127,-0.0464975071345717,0.0020278279720227924,0.0020278279720227924
2.86,34.28094201916184,-21.24663196541304,-0.7263273583479485,13.01196746625488,-0.7269602294702044,7.748833176859447,18.579278693979177,-2.132458089579104,-0.006760013085574078,0.005470870098005913,-0.0036792438239788695,-0.04019421953626379,-0.04369280905738074,0.0019154701472530017,0.0019154701472530017
2.87,34.37728534563093,-21.334215836103215,-0.7274751835055058,13.027186085509088,-0.6419502075452304,7.929287242926282,16.516583977352937,-2.142928553476857,-0.006823570937543677,0.005237229898594733,-0.0038968498808769477,-0.038446320748493856,-0.04193281144674115,0.001633646297565681,0.001633646297565681
2.88,34.47359425097482,-21.422063003299566,-0.728616868747962,13.042345819167743,-0.6539120450306628,8.092510831682723,17.75960042560794,-2.080319909734659,-0.007049857263774715,0.00521448713593146,-0.003906337760663583,-0.03542857934011109,-0.038890906634586504,0.0015585505376214147,0.0015585505376214147
2.89,34.56987191341759,-21.510169314079896,-0.729761693568402,13.057530030318015,-0.6008422195602138,8.268938312702835,15.441166447255053,-2.0261897070230495,-0.007419547921537325,0.0050728326667919335,-0.004030745926318981,-0.0351608529644628,-0.03865254301006013,0.0013722253947438768,0.0013722253947438768
2.9,34.66612231471593,-21.5985298511505,-0.7309148497838721,13.07268177514346,-0.6578455939579672,8.415096440266984,16.523626427238412,-1.9294112188311405,-0.00790037593897987,0.005139990502446784,-0.00395431929395446,-0.035988684584883905,-0.039534878839715404,0.001395670370562357,0.001395670370562357
2.91,34.76234989406718,-21.687138433935587,-0.7320842869852551,13.087732138469981,-0.71960846778638,8.598401617161137,17.73916295648288,-1.924400537269848,-0.008470981826628957,0.005219411430564447,-0.003871698652096011,-0.042561219668475724,-0.04633807625472733,0.0014390800084328231,0.0014390800084328231
2.92,34.85855469200144,-21.77599252186725,-0.7332769638434907,13.1026613436251,-0.746087937026091,8.726646000000022,0.0,-1.9066766536641957,-0.009106273915384495,0.0052153062408301365,-0.0038756915850654172,-0.042536544156170815,-0.04637571939638029,0.0014089881596374408,0.0014089881596374408
2.93,34.95473681451324,-21.865090939799078,-0.7345007480707466,13.117581148600372,-0.5988063200998943,8.726646000000022,-1.0658141036402677e-11,-1.857184095363962,-0.009777826684344643,0.004920403099147902,-0.00418327802437647,-0.03371510655164602,-0.03740806404546123,0.0010880543855062573,0.0010880543855062573
2.94,35.05090114529913,-21.954428342213205,-0.735757818368033,13.132578300168767,-0.6260419688809544,8.726646000000022,0.0,-1.7223661942350998,-0.010447121175788656,0.004887112471456224,-0.004239500048481054,-0.031757644312279655,-0.03542213989134533,0.0010291657295305185,0.0010291657295305185
2.95,35.14705641393075,-22.043996099007188,-0.7370484075389265,13.14758598479488,-0.5267145387519008,8.726646000000033,1.0658141036397944e-11,-1.642225633006479,-0.011088245247051215,0.004696104785703564,-0.004450460709770556,-0.031255321371463515,-0.03492041860967842,0.0008202768696698804,0.0008202768696698804
2.96,35.24320914860716,-22.13378664881292,-0.7383690101853564,13.16264831949731,-0.41245968562251645,8.726646000000022,0.0,-1.4636967992317775,-0.01165918761529758,0.004479728489015928,-0.004682843649521181,-0.01958833001308226,-0.022959740425570516,0.0005958678527101136,0.0005958678527101136
2.96,35.24320914860716,-22.13378664881292,-0.7383690101853564,13.16264831949731,-0.41245968562251645,8.726646000000022,0.0,-1.4636967992317775,-0.01165918761529758,0.004479728489015928,-0.004682843649521181,-0.01958833001308226,-0.022959740425570516,0.0005958678527101136,0.0005958678527101136
0.0,0.0,0.0,0.0,0.0,0.0,0.0,0.0,0.0,0.0,0.0,0.0,0.0,0.0,0.0,0.0
