#{"t_start": 1699348979.3045216, "env_id": null}
r,l,t
-529234.0,453,2119.693113
-903243.94,624,2130.546665
-459131.0,265,2138.670529
-429116.9,268,2149.616364
-496251.97,376,2161.645159
-384455.88,244,2167.123652
-443174.88,261,2179.477515
-465425.34,266,2185.026125
-475712.1,268,2197.457765
-475638.56,268,2203.19682
-475772.4,268,2215.891854
-475769.75,268,2221.454745
-475764.25,268,2234.209193
-475460.84,268,2239.999113
-476155.1,268,2252.322892
-474035.4,268,2258.000196
-473532.78,268,2270.541309
-473391.88,268,2276.329788
-475338.84,268,2288.875272
-473769.6,268,2294.64457
-472024.03,267,2306.58837
-470130.0,267,2312.214706
-467008.38,266,2324.506045
-470540.66,267,2330.237961
-471599.3,267,2342.553787
-472349.03,267,2348.315913
-472238.16,267,2360.905156
-472130.22,267,2366.648342
-472138.53,267,2378.989553
-471970.62,267,2384.770082
-466144.0,266,2396.290707
-468245.25,266,2402.127465
-464637.94,265,2414.57953
-462608.5,265,2419.90953
-458615.75,263,2432.094216
-464841.66,265,2437.879032
-450821.03,261,2449.870014
-443146.12,259,2455.62292
-421606.66,252,2467.476572
-395617.5,242,2472.852279
-401775.44,255,2485.127983
-419364.16,264,2490.612046
-909746.6,479,2511.965261
-843665.6,462,2516.983157
-843091.75,462,2539.681901
-600111.75,385,2558.663884
-373694.5,279,2573.522812
-407979.97,316,2589.571994
-375080.06,288,2604.889708
-423679.44,312,2620.670186
-448111.06,337,2637.587668
-528720.75,454,2659.02927
-633421.3,582,2685.619134
-590714.6,586,2712.85914
-650708.7,695,2744.545192
-746148.4,778,2779.012692
-2302608.5,1654,2848.752655
-13744911.0,7310,2858.470411
-2007610.8,1815,2928.277609
-1753695.5,1664,2931.986802
-275429.8,1338,2988.157249
-235803.42,1351,2992.412829
-992687.9,1333,3048.263363
-973976.9,1331,3052.434917
-853991.7,1166,3103.575238
-895425.6,1192,3107.833827
-714098.06,1333,3162.770922
-717140.6,1328,3166.969985
-517592.1,1328,3223.174102
-506527.75,1328,3227.39894
-561247.1,1325,3283.474061
-553034.44,1326,3287.664323
-678347.2,1328,3344.056091
-710488.2,1327,3348.625362
-602672.4,1327,3405.284935
-647206.3,1329,3409.584365
-705964.75,1326,3465.404356
-702492.56,1325,3469.541448
-656013.44,1334,3525.709094
-664750.2,1332,3529.805301
-617086.1,1334,3586.320303
-635848.06,1346,3590.955193
-431939.7,1341,3647.529821
-419266.8,1337,3652.155663
-370676.3,1337,3708.07949
-377821.6,1335,3712.421954
-361969.97,1334,3768.984242
-380422.97,1333,3773.354094
-356977.44,1340,3830.059717
-367354.94,1353,3834.881419
-355734.97,1357,3891.55756
-344625.53,1359,3896.439665
-327642.8,1354,3952.400219
-332109.34,1354,3957.358094
-627890.75,1041,4002.667059
-392459.34,1369,4018.312334
-615354.1,1010,4050.061093
-590415.4,998,4065.389888
-618330.44,995,4097.875632
-543582.3,1360,4127.300509
-747279.0,1097,4148.702408
-778867.56,1087,4178.437938
-813611.1,1124,4201.353525
-623580.7,987,4225.299003
-620577.3,988,4248.298186
-625878.6,996,4272.341607
-608339.0,990,4295.062283
-673566.7,1014,4319.799047
-643566.6,1009,4342.321567
-677346.9,1018,4367.981435
-658762.06,1013,4389.954488
-671288.75,1015,4414.861292
-626683.2,1022,4437.178895
-331046.9,1363,4476.085876
-294536.9,1360,4498.116626
-253035.52,1357,4537.418206
-231516.05,1364,4560.010999
-214269.0,1359,4598.537664
-242729.27,1355,4620.905803
-234892.95,1353,4659.936281
-204074.77,1357,4682.325205
-224373.55,1351,4720.563144
-228456.19,1347,4743.366234
-208572.47,1361,4782.734838
-243717.08,1347,4804.696004
-228888.97,1352,4843.772774
-284768.7,1462,4869.902513
-720379.8,2016,4931.565718
-2365833.8,1775,4948.611335
-420297.72,909,4988.021558
-1432397.6,1885,5017.010895
-256059.73,1342,5048.415947
-276379.03,1338,5078.03041
-264757.0,1335,5109.508619
-247106.12,1336,5139.161254
-258828.8,1332,5170.337443
-452997.1,919,5183.213917
-245772.2,1338,5231.89312
-232130.88,1340,5245.030277
-214685.31,1343,5293.192707
-258170.77,1336,5306.155858
-277253.1,1331,5354.125911
-261763.4,1336,5367.141773
-276639.47,1331,5414.50469
-264581.88,1334,5427.632689
-271969.22,1333,5475.209974
-286144.88,1329,5488.070961
-284261.0,1329,5536.124725
-288532.28,1327,5548.844449
-277629.7,1330,5596.17713
-261472.4,1330,5609.203793
-289751.88,1332,5657.144454
-286023.75,1331,5669.692947
-299781.25,1333,5716.813649
-292550.62,1329,5729.524648
-301176.9,1328,5777.052976
-296914.25,1333,5789.758343
-305567.53,1332,5838.035016
-304591.66,1332,5850.915314
-298652.5,1333,5898.498012
-288336.25,1331,5911.37764
-275257.88,1332,5959.005648
-280088.03,1330,5971.741332
-260535.9,1332,6019.289494
-277236.97,1330,6031.745588
-284260.78,1329,6079.050794
-267326.1,1334,6091.692981
-273457.6,1333,6139.571348
-262624.12,1336,6152.571129
-280634.44,1331,6200.165224
-268593.7,1334,6213.145025
-265437.75,1334,6259.938613
-254393.69,1335,6273.059545
-240863.23,1340,6321.376795
-252318.23,1334,6334.318769
-253376.44,1332,6382.315203
-237019.44,1344,6395.541144
-235898.3,1345,6443.742318
-229157.2,1346,6457.265894
-232455.56,1345,6505.505699
-234920.94,1344,6518.688884
-226160.7,1349,6566.522347
-251519.61,1332,6579.197085
-256881.61,1332,6626.55736
-247780.61,1332,6639.090114
-231926.94,1345,6687.252549
-232864.14,1354,6700.155253
-253526.38,1336,6747.974506
-222806.94,1347,6761.500878
-225548.58,1350,6809.333021
-216896.77,1351,6822.733697
-206856.6,1353,6870.848503
-225615.66,1348,6884.694909
-209321.52,1353,6933.183601
-200273.88,1357,6946.571435
-202885.72,1348,6994.970042
-220217.2,1346,7008.22128
-205943.03,1349,7056.271053
-193696.7,1358,7069.917003
-183481.38,1353,7117.863463
-213060.73,1358,7131.358058
-176064.17,1362,7179.649984
-191357.16,1359,7193.310891
-189884.14,1364,7241.512755
-198347.58,1358,7254.689872
-193273.69,1352,7302.401721
-188917.16,1360,7316.025651
-201087.0,1371,7363.965851
-204194.0,1353,7377.362557
-194838.4,1358,7426.146961
-198755.77,1362,7439.596033
-191590.86,1366,7488.511346
-196896.3,1356,7501.950886
-191328.97,1374,7551.291609
-182952.75,1376,7564.293458
-189744.67,1366,7612.828344
-190476.19,1365,7625.685583
-202229.73,1362,7674.929038
-196395.6,1361,7688.393472
-198413.23,1356,7736.952195
-187063.81,1362,7750.017847
-202546.83,1356,7798.036089
-202325.42,1360,7811.381873
-212052.56,1350,7859.470709
-196805.97,1356,7873.02107
-199816.28,1347,7919.891802
-211601.62,1344,7933.429096
-192279.05,1348,7981.557511
-207023.28,1344,7994.990819
-207754.45,1353,8043.122597
-214043.42,1344,8055.985293
-203256.66,1346,8104.526816
-208729.92,1344,8117.501473
-223337.19,1348,8165.151385
-219904.81,1345,8177.942291
-226465.3,1352,8226.817144
-221534.86,1344,8239.203243
-225702.02,1352,8288.539334
-234970.17,1346,8300.633627
-222603.89,1343,8349.513904
-213589.52,1343,8361.472098
-212838.33,1356,8411.165111
-214836.28,1346,8423.344556
-214617.14,1359,8472.781039
-221917.17,1354,8484.469568
-232740.25,1352,8533.784747
-222093.69,1342,8544.919337
-224106.25,1353,8595.039377
-237865.97,1352,8606.237667
-206763.64,1349,8656.492618
-215239.95,1343,8667.584146
-220983.3,1345,8718.238381
-199546.66,1351,8729.226485
-207793.7,1345,8779.664359
-194069.94,1345,8790.777663
-201305.17,1344,8840.895042
-217162.72,1345,8851.836582
-209386.9,1343,8901.145818
-199760.4,1346,8912.40455
-209588.44,1341,8961.716477
-198232.23,1345,8973.031473
-202832.9,1348,9025.191998
-202254.02,1344,9036.518775
-198451.28,1348,9087.496044
-210749.9,1344,9098.857108
-209603.7,1344,9149.789458
-198275.88,1350,9161.171307
-207303.7,1344,9211.573048
-194886.25,1350,9223.227645
-201920.75,1347,9273.487072
-198653.75,1352,9285.495101
-205201.73,1345,9335.393953
-215264.78,1344,9347.192383
-214799.3,1344,9396.79659
-174526.45,1356,9409.013155
-192570.0,1351,9458.849388
-186037.6,1353,9471.3249
-215450.06,1343,9520.373709
-217334.75,1346,9532.905103
-185976.84,1355,9582.935056
-177266.95,1355,9595.46593
-180403.5,1352,9645.577639
-186712.28,1353,9658.522699
-204938.62,1345,9708.340034
-203762.47,1345,9721.061735
-183363.06,1353,9771.305745
-198076.34,1349,9783.76531
-200364.39,1347,9834.117
-202232.05,1346,9846.313495
-192965.52,1347,9895.89034
-167388.73,1355,9908.607138
-178331.02,1350,9957.597418
-167045.28,1353,9970.595011
-182803.19,1349,10019.740464
-172193.34,1349,10032.42222
-177189.88,1354,10081.145144
-168898.14,1352,10094.11409
-164149.61,1354,10143.953618
-177854.78,1351,10156.20854
-171218.03,1353,10205.109439
-194848.75,1354,10217.661616
-163480.92,1358,10266.370778
-172019.95,1355,10278.75161
-174657.28,1354,10327.409416
-155277.58,1358,10340.04368
-160710.06,1361,10388.689103
-176543.84,1356,10401.200248
-174619.52,1359,10450.466112
-173831.38,1355,10462.598546
-151621.47,1361,10511.929583
-161754.7,1357,10523.894929
-165542.69,1356,10573.666012
-165915.67,1356,10585.756922
-166256.98,1356,10635.749366
-163189.89,1357,10648.078452
-162271.14,1356,10697.624628
-170842.92,1351,10709.497718
-180270.8,1353,10758.501458
-182697.3,1351,10770.312227
-153389.03,1361,10820.098048
-169771.05,1354,10831.437177
-181221.03,1355,10881.56747
-170160.52,1355,10893.326288
-191878.27,1353,10943.154996
-185440.36,1355,10954.917263
-186549.75,1359,11004.81243
-183525.69,1356,11016.222506
-184201.38,1358,11065.943662
-178423.56,1353,11077.188205
-168438.55,1355,11127.424995
-171675.02,1356,11138.874004
-181145.84,1358,11189.140711
-170624.14,1363,11200.492045
-166592.55,1357,11249.792043
-153219.86,1362,11261.391758
-165354.25,1359,11310.656286
-165528.6,1359,11322.270361
-166472.11,1366,11372.969845
-170486.19,1357,11384.565096
-159654.81,1361,11435.076109
-166504.33,1360,11446.448471
-175038.2,1364,11497.197566
-167637.7,1360,11508.103902
-154181.14,1367,11559.547776
-156707.28,1369,11570.923467
-153373.03,1373,11622.047219
-179271.84,1360,11632.560039
-157840.56,1375,11683.530445
-165295.64,1364,11694.115836
-156714.48,1379,11746.146035
-165538.72,1370,11756.1479
-158978.36,1369,11808.618801
-157545.39,1372,11818.558141
-170055.92,1367,11870.238097
-160484.31,1372,11880.097582
-172991.94,1364,11931.43735
-171690.17,1363,11941.604631
-177404.64,1362,11993.418963
-185971.02,1358,12003.653756
-177613.06,1358,12054.02337
-184923.98,1359,12064.001263
-164420.05,1365,12116.00286
-167959.44,1361,12126.014743
-166368.64,1366,12178.345084
-175132.22,1363,12188.252631
-162718.0,1359,12240.752934
-174652.05,1361,12250.516759
-168791.44,1358,12302.725512
-168015.94,1360,12312.467758
-173717.06,1358,12364.050953
-163604.75,1361,12374.038322
-173021.19,1358,12425.929206
-167704.08,1359,12435.8945
-163814.53,1360,12487.54419
-160262.48,1357,12497.591722
-166260.62,1357,12548.828256
-155856.94,1362,12559.253892
-162404.98,1360,12611.150627
-156365.77,1359,12621.24903
-161828.14,1359,12673.446316
-159859.7,1363,12683.599931
-169254.12,1358,12734.898052
-164877.89,1355,12745.094403
-155762.98,1359,12796.887605
-161718.1,1357,12807.615699
-170270.7,1356,12858.645735
-153875.25,1359,12869.014414
-158612.02,1357,12920.179061
-157098.36,1355,12930.362901
-166763.28,1355,12981.842889
-167503.97,1359,12992.415071
-150722.48,1364,13044.705366
-158064.53,1359,13054.824943
-157732.22,1356,13105.279254
-159327.27,1357,13115.445122
-162907.34,1359,13167.461701
-157840.33,1361,13177.615049
-163048.17,1361,13228.629677
-162647.81,1355,13238.509026
-161558.28,1361,13289.856968
-163615.17,1360,13299.893304
-161268.31,1357,13351.402778
-161188.84,1356,13361.453564
-150860.58,1367,13413.477336
-158557.14,1366,13423.232173
-155900.23,1363,13475.455796
-161138.56,1358,13485.232757
-156417.92,1364,13537.527727
-162014.94,1364,13547.187055
-153291.31,1368,13599.516389
-164005.89,1360,13608.877449
-161793.45,1362,13661.473182
-166549.33,1358,13670.667029
-160059.61,1362,13723.680925
-154905.6,1362,13732.598857
-158480.1,1360,13785.41327
-158825.44,1363,13794.654101
-159376.27,1364,13847.104982
-157192.42,1364,13856.332608
-153075.31,1362,13908.623782
-156032.2,1360,13917.868138
-156859.19,1360,13970.053801
-158322.77,1362,13979.448077
-147496.38,1362,14031.66147
-145020.7,1365,14040.973946
-156336.84,1359,14092.744914
-161300.75,1356,14102.194851
-154999.16,1356,14154.415314
-143307.95,1361,14163.809109
-155581.73,1360,14216.484237
-149983.28,1358,14225.560439
-145482.62,1364,14278.032569
-154324.16,1357,14287.224928
-163007.47,1358,14339.672323
-158057.45,1358,14348.839075
-149447.27,1362,14401.152629
-158613.38,1362,14410.548546
-160457.08,1358,14462.786285
-160842.17,1361,14471.948044
-156003.53,1358,14524.522508
-160275.64,1357,14533.623838
-146530.36,1358,14585.976701
-149969.06,1363,14595.658168
-152311.73,1355,14648.496212
-156373.61,1354,14658.010073
-140726.3,1360,14710.039723
-149109.33,1358,14719.369982
-158913.47,1355,14771.876989
-161646.62,1355,14781.182192
-146036.06,1362,14833.693751
-149957.58,1358,14843.537373
-164694.33,1354,14895.360534
-159189.97,1355,14904.557475
-150302.73,1361,14957.11351
-153655.86,1355,14966.166861
-154995.31,1357,15018.874884
-159658.78,1358,15028.239408
-159728.6,1355,15079.985629
-156341.08,1363,15089.243366
-159460.1,1356,15141.283806
-161106.4,1355,15150.650028
-157129.69,1357,15203.516189
-157998.38,1356,15212.826384
-159092.36,1357,15265.206179
-153435.11,1357,15274.534887
-152791.52,1354,15326.437091
-163740.97,1353,15335.68501
-158096.81,1357,15388.129309
-156483.16,1356,15397.298069
-160195.66,1354,15449.45452
-164509.38,1354,15458.543551
-163331.03,1359,15511.394789
-163885.6,1358,15520.725578
-166223.56,1353,15573.600862
-156603.86,1361,15583.141148
-160210.69,1354,15635.250328
-152208.34,1360,15644.959943
-160887.47,1360,15696.238667
-164910.53,1354,15705.587991
-159340.48,1356,15757.479955
-170418.22,1352,15766.882523
-168554.33,1351,15818.881539
-162754.44,1356,15828.207475
-161418.86,1354,15880.390554
-164561.53,1354,15890.020258
-165524.84,1357,15942.224038
-168240.89,1354,15951.435824
-154698.39,1358,16004.094807
-164684.75,1357,16013.345743
-163972.69,1357,16066.163307
-162239.53,1356,16075.462567
-162714.61,1355,16128.335759
-170249.97,1352,16137.50134
-163956.42,1355,16190.203692
-160045.67,1356,16199.296195
-170534.5,1353,16251.319344
-155271.27,1362,16260.827811
-163728.97,1362,16313.036539
-169174.9,1354,16322.648201
-164217.56,1357,16374.673854
-168807.72,1356,16383.916753
-166074.58,1359,16435.742934
-167387.98,1357,16444.767128
-170256.22,1355,16497.185655
-166237.69,1357,16506.342122
-152951.02,1363,16558.723373
-164708.56,1360,16567.914335
-156830.06,1362,16620.872395
-142548.89,1369,16630.215606
-150380.03,1368,16683.317221
-159873.83,1356,16692.322841
-165202.39,1352,16744.586374
-158503.16,1360,16753.752647
-155305.44,1362,16806.068706
-158541.06,1363,16815.373551
-154372.8,1369,16868.663953
-162487.55,1361,16877.577833
-161857.05,1363,16930.139616
-164530.97,1361,16938.885442
-164183.94,1358,16991.032643
-161687.3,1363,17000.04278
-140096.23,1370,17053.709032
-153786.92,1366,17062.652607
-143269.19,1367,17115.145812
-157884.4,1368,17123.999899
-155355.7,1365,17176.662119
-165185.05,1357,17185.112234
-161714.56,1364,17238.48056
-151192.88,1368,17247.072061
-149775.31,1369,17299.900298
-151100.56,1369,17308.672948
-154308.67,1363,17361.440547
-150992.34,1360,17369.960971
-155660.69,1366,17423.358937
-151460.66,1367,17432.465837
-154538.39,1365,17485.527434
-149037.36,1367,17494.313183
-159383.28,1362,17547.359486
-157551.7,1361,17556.116716
-154794.36,1363,17607.777402
-158222.16,1364,17615.772785
-143643.06,1371,17663.327928
-161242.78,1358,17670.724238
-149004.34,1367,17717.379408
-168809.66,1358,17724.637367
-149219.67,1364,17771.300321
-154096.33,1364,17778.960151
-152035.02,1363,17825.442698
-154529.95,1363,17832.702762
-163982.55,1357,17879.061037
-150136.89,1366,17886.527382
-159833.28,1362,17933.219795
-155834.03,1364,17940.675903
-154577.4,1363,17986.785383
-161370.5,1360,17994.203104
-144438.16,1363,18040.408929
-142037.94,1369,18048.217267
-157282.06,1359,18094.005053
-158640.52,1358,18101.589278
-164718.42,1360,18147.551997
-156960.31,1362,18155.234955
-158785.33,1361,18201.10222
-155305.45,1366,18208.87496
-155870.6,1362,18254.833544
-159807.11,1361,18262.559448
-159115.89,1361,18308.53865
-158886.95,1361,18316.321664
-153129.11,1361,18362.123531
-151885.55,1360,18369.948458
-147681.22,1360,18416.039599
-152305.55,1362,18423.942447
-151237.77,1366,18469.8691
-148377.1,1365,18478.225635
-151949.38,1363,18524.223464
-153743.19,1363,18532.193928
-154563.86,1362,18578.274864
-154663.77,1362,18586.210837
-153194.0,1364,18632.283331
-157522.61,1361,18639.991367
-157363.19,1365,18685.925945
-154534.31,1362,18693.613987
-155408.66,1363,18739.691238
-161152.3,1363,18747.309515
-156738.47,1360,18793.504433
-157541.58,1361,18801.196232
-158705.36,1362,18847.49459
-156736.27,1362,18855.239225
-152054.61,1362,18901.336581
-141464.48,1371,18909.364315
-140142.14,1373,18955.35634
-154354.38,1362,18962.879303
-157773.16,1362,19009.195482
-147949.92,1364,19016.826063
-148912.02,1361,19062.673689
-153509.98,1362,19070.423776
-152321.89,1363,19116.475335
-155836.39,1361,19124.19111
-150787.83,1364,19170.179407
-152489.9,1364,19177.854119
-152942.72,1361,19224.182049
-152083.81,1364,19231.885031
-156099.39,1362,19277.731877
-154350.22,1360,19285.420049
-143061.23,1373,19331.906306
-149698.05,1367,19339.329975
-146178.28,1364,19385.560456
-155989.02,1362,19392.919054
-145229.27,1370,19439.720465
-151348.98,1360,19446.817947
-156394.47,1361,19493.646354
-159949.62,1360,19500.65416
-156234.97,1359,19547.28573
-154989.95,1361,19554.341777
-153566.0,1367,19601.104187
-157637.47,1361,19607.97416
-154711.14,1360,19654.75677
-152281.45,1361,19661.688184
-155080.88,1361,19708.464093
-152431.67,1360,19715.387721
-151996.1,1360,19762.164515
-152307.8,1362,19769.135455
-162482.94,1357,19815.591311
-146259.75,1368,19822.956089
-153968.56,1363,19869.186564
-155562.97,1363,19876.53001
-152734.64,1364,19922.666554
-157880.77,1359,19929.809053
-155849.97,1358,19976.385286
-149604.31,1367,19983.868269
-154857.78,1361,20030.208143
-147820.61,1367,20037.901235
-143738.8,1370,20084.282086
-151353.45,1365,20091.851377
-143097.98,1369,20138.080559
-147459.88,1363,20145.357838
-150966.23,1363,20192.045139
-152450.33,1361,20199.273838
-161397.81,1355,20246.006653
-138813.56,1372,20253.773942
-156672.38,1357,20300.26073
-158948.94,1359,20308.272063
-151777.94,1366,20354.49199
-164058.61,1354,20362.00299
-149631.84,1369,20408.256141
-156396.92,1361,20415.3414
-151681.88,1366,20462.162139
-165208.72,1353,20468.94861
-160423.19,1354,20515.529294
-155181.61,1358,20522.880179
-160231.45,1361,20570.255697
-159902.75,1357,20576.979803
-156810.03,1358,20624.003175
-155904.05,1361,20630.795963
-154970.55,1359,20677.65799
-145558.1,1369,20684.765407
-151274.58,1361,20731.268873
-158429.7,1361,20738.423642
-160345.97,1357,20784.89789
-162138.4,1358,20792.179114
-158766.16,1362,20838.756457
-147796.05,1368,20846.244413
-157988.44,1365,20892.679879
-158324.34,1361,20899.995008
-156438.67,1361,20946.68934
-147641.69,1368,20954.161698
-156345.28,1359,21000.307764
-150383.44,1362,21008.016211
-157281.22,1360,21053.564361
-154421.94,1363,21061.271238
-155122.84,1361,21107.307256
-164044.7,1356,21114.953056
-158886.7,1358,21160.96349
-156180.52,1358,21168.598961
-156665.38,1359,21214.668348
-157381.7,1360,21222.27524
-164397.53,1356,21267.863886
-152544.5,1358,21275.516251
-150659.8,1364,21321.48528
-151004.12,1368,21329.325823
-155335.78,1360,21375.002302
-160768.11,1358,21382.642425
-151438.53,1360,21428.446085
-157862.05,1361,21436.19674
-150328.25,1361,21481.810092
-156367.34,1357,21489.423268
-153850.67,1360,21535.289963
-156171.67,1361,21542.962806
-152460.44,1363,21589.099684
-155530.61,1364,21596.715617
-152566.64,1363,21642.879182
-162643.14,1357,21650.336288
-154432.33,1361,21696.551496
-144760.56,1366,21704.135202
-149275.78,1366,21750.145199
-151046.7,1364,21757.80458
-152320.47,1361,21804.079718
-150768.3,1364,21811.748158
-161332.6,1362,21857.930133
-164234.45,1358,21865.374438
-158017.78,1363,21911.912104
-141479.14,1371,21919.76281
-143717.53,1373,21965.913777
-156481.3,1365,21973.422031
-134595.08,1380,22020.038686
-150709.7,1366,22027.214188
-154397.42,1364,22074.231556
-139151.5,1375,22081.652449
-152252.3,1366,22128.228291
-125693.984,1391,22136.459658
-154862.55,1358,22181.651422
-156763.75,1362,22190.207373
-152093.8,1365,22235.706266
-153469.28,1363,22244.062928
-158956.92,1360,22289.205226
-142003.67,1369,22297.992169
-152379.73,1363,22343.386919
-154104.5,1363,22352.175828
-153792.7,1364,22397.296718
-156235.52,1362,22406.022512
-155204.89,1362,22451.128329
-157001.42,1363,22459.928032
-156617.75,1363,22506.588434
-156853.83,1360,22515.194923
-145941.84,1366,22562.968622
-151649.69,1363,22571.154206
-151933.45,1366,22619.006328
-155899.44,1364,22627.151147
-149768.48,1371,22675.19857
-154607.02,1360,22682.930439
-152413.17,1364,22731.372808
-149934.45,1362,22739.135401
-163878.2,1358,22787.172076
-146139.3,1363,22795.081646
-156350.97,1362,22843.297132
-139192.98,1373,22851.423114
-149034.81,1366,22899.760235
-154387.3,1365,22907.811531
-155908.89,1361,22955.648925
-143350.45,1370,22964.231589
-146402.55,1371,23012.482718
-155514.7,1362,23020.548738
-154167.05,1364,23068.602217
-144718.78,1368,23077.029395
-157007.31,1364,23124.728199
-159379.72,1363,23133.031003
-149308.98,1371,23181.240308
-155631.31,1364,23189.099822
-150525.16,1366,23237.355783
-157773.67,1364,23245.390096
-155405.02,1366,23293.570023
-154404.42,1368,23301.591533
-143591.55,1374,23349.878936
-148920.45,1368,23357.693097
-150516.06,1364,23406.341613
-155948.19,1360,23414.200785
-144862.1,1368,23462.56655
-148565.05,1371,23470.411727
-161648.19,1358,23518.323233
-154853.81,1363,23526.45018
-153555.92,1362,23578.523843
-161419.31,1363,23586.54959
-156969.31,1363,23642.216686
-158938.22,1362,23650.602992
-152443.38,1364,23703.686694
-155719.67,1362,23712.507754
-156084.44,1360,23761.494481
-141425.9,1372,23769.923141
-155898.9,1363,23817.386911
-148833.03,1371,23826.032233
-144356.77,1374,23876.142699
-152593.61,1370,23885.340711
-155948.72,1368,23935.249186
-151584.16,1361,23943.829567
-164804.69,1361,23995.147924
-152014.48,1360,24003.782825
-164308.42,1364,24053.976938
-160936.92,1360,24062.318019
-157461.27,1364,24110.690213
-153611.27,1367,24118.907729
-157075.11,1361,24167.688979
-158631.83,1366,24176.13523
-160806.11,1359,24224.316643
-156200.52,1365,24232.894604
-157894.1,1359,24280.573348
-161654.38,1360,24289.395746
-159347.08,1366,24337.487465
-160942.31,1361,24346.090782
-155106.64,1368,24394.911153
-162770.22,1360,24403.239792
-155057.33,1366,24451.922677
-160109.84,1358,24459.720511
-159161.17,1355,24507.417756
-150902.06,1370,24515.739732
-154603.4,1364,24563.428576
-159505.5,1366,24571.756703
-162376.9,1363,24618.727645
-153663.69,1367,24627.570356
-156537.19,1363,24675.05451
-151407.44,1368,24683.868557
-157287.69,1365,24731.057526
-153880.31,1369,24740.112761
-156242.14,1363,24787.329374
-154515.72,1363,24796.343773
-159289.0,1361,24843.234408
-157116.05,1364,24852.160755
-158246.62,1364,24899.657602
-154289.27,1359,24908.584633
-152121.12,1364,24955.197567
-154181.94,1362,24964.31479
-149222.38,1366,25011.629956
-154335.94,1368,25020.410422
-152161.62,1363,25067.253575
-150188.33,1367,25076.081787
-161029.44,1361,25123.144177
-153693.4,1360,25132.03645
-138115.97,1374,25179.008125
-149076.16,1368,25187.881582
-153579.88,1362,25234.667543
-156481.88,1360,25243.414092
-151942.9,1359,25290.473601
-156823.12,1361,25299.179139
-160031.0,1362,25346.432601
-163073.69,1360,25355.14871
-154958.52,1360,25401.951184
-155656.64,1365,25410.757776
-159905.44,1360,25457.65963
-155360.4,1359,25466.313771
-151383.39,1362,25513.330654
-151361.03,1365,25522.197666
-163347.81,1362,25569.255936
-156843.25,1360,25578.116786
-157461.23,1363,25625.189503
-152585.38,1362,25634.231512
-155401.11,1359,25680.874724
-157354.05,1360,25689.60489
-154380.48,1359,25736.594485
-156413.6,1358,25745.508556
-159692.89,1358,25792.36028
-158942.89,1359,25801.111997
-159820.64,1359,25849.174145
-155026.5,1358,25857.790655
-157690.56,1357,25905.243989
-151537.17,1359,25914.312774
-153860.08,1358,25961.424456
-158283.16,1357,25970.249003
-151161.03,1358,26017.088924
-150044.05,1357,26025.825231
-160125.02,1358,26072.24864
-155868.9,1360,26081.039619
-151935.73,1360,26127.802693
-143831.12,1359,26136.665776
-146289.52,1359,26183.583614
-154557.75,1361,26192.470342
-149726.25,1360,26239.588775
-153196.16,1360,26248.478849
-146371.08,1360,26295.55913
-151874.88,1360,26304.461892
-156416.97,1357,26351.025137
-156987.73,1356,26359.82015
-153476.12,1358,26406.652012
-147708.72,1357,26415.413181
-143306.89,1361,26462.287774
-152599.67,1358,26471.074476
-154577.7,1356,26517.789768
-149753.2,1359,26526.582129
-153976.9,1358,26573.123868
-152272.38,1361,26582.240579
-153577.3,1354,26628.476732
-152231.12,1356,26637.708734
-153616.39,1358,26689.10347
-147900.52,1358,26698.345817
-145937.53,1359,26749.778769
-147770.9,1359,26758.881693
-150239.1,1356,26806.76812
-142754.08,1357,26816.472941
-141254.27,1361,26866.778203
-146582.3,1356,26876.858197
-142837.62,1362,26933.350339
-141488.19,1359,26942.50601
-138251.47,1360,26994.089081
-142278.9,1362,27004.178681
-141304.53,1359,27054.535435
-140716.78,1361,27064.335175
-139645.9,1357,27114.628941
-139511.92,1363,27124.531131
-150549.97,1358,27176.910396
-145929.73,1361,27187.617893
-136227.05,1358,27237.574856
-135094.25,1362,27248.562895
-137474.27,1360,27299.795334
-135237.66,1357,27309.653245
-139057.86,1358,27358.598021
-140697.28,1361,27369.341834
-139651.53,1361,27421.161078
-142337.03,1359,27431.689038
-141294.02,1358,27482.396226
-134041.95,1363,27493.058294
-135468.72,1360,27543.595699
-136082.78,1357,27553.709383
-143197.38,1367,27603.097952
-139551.14,1359,27613.245866
-133504.92,1367,27661.995033
-139755.98,1360,27671.306894
-140467.69,1363,27723.682868
-140137.25,1362,27733.031897
-131360.22,1363,27781.3197
-137141.8,1364,27790.680921
-134863.64,1366,27840.837008
-134985.9,1361,27849.810939
-135122.89,1361,27898.380044
-135860.89,1366,27907.62974
-132753.08,1364,27956.546703
-132083.58,1365,27966.144269
-133660.81,1361,28016.527204
-134712.81,1364,28026.026814
-136703.94,1364,28076.139855
-148616.52,1358,28085.76918
-134514.64,1365,28137.929007
-132273.98,1368,28147.346637
-131014.73,1370,28195.866863
-137427.36,1363,28204.945915
-137517.81,1365,28253.217141
-136691.58,1368,28262.395324
-137446.56,1365,28310.232128
-134181.28,1368,28319.558982
-136969.53,1372,28368.370137
-138179.95,1371,28377.753877
-135353.64,1367,28427.393097
-133867.27,1372,28436.8456
-127784.6,1369,28485.460637
-127277.42,1374,28494.975952
-137119.19,1371,28544.706576
-140311.95,1376,28554.660005
-138374.27,1373,28603.192133
-134444.23,1369,28612.948505
-132994.64,1371,28661.601835
-135094.19,1369,28671.518853
-136627.9,1364,28720.439428
-135726.42,1369,28730.06549
-134976.06,1369,28778.001444
-132069.08,1369,28787.796512
-135799.72,1373,28835.272092
-136547.81,1374,28844.860103
-136338.64,1368,28894.4752
-135309.5,1368,28904.210501
-131666.47,1371,28952.88543
-132689.28,1371,28963.122339
-124808.64,1399,29013.587534
-138721.88,1366,29022.133566
-136269.12,1368,29070.758398
-131558.89,1373,29079.452301
-129062.18,1374,29128.052553
-124406.734,1377,29136.945339
-128853.45,1380,29186.160558
-130251.164,1373,29195.217447
-129739.42,1392,29245.446609
-129303.97,1375,29253.978293
-124171.72,1373,29305.876783
-125051.79,1381,29314.403445
-124392.49,1380,29367.591087
-125820.3,1369,29375.405446
-120694.41,1379,29426.975343
-122765.61,1379,29435.126201
-117464.71,1378,29487.851434
-120607.766,1374,29495.855874
-114935.53,1380,29548.03509
-117749.76,1374,29555.884465
-126119.65,1375,29606.502278
-124778.53,1370,29614.395642
-122779.61,1376,29666.502966
-121303.04,1377,29674.153246
-121846.8,1374,29728.019504
-120336.69,1374,29735.357629
-131551.8,1366,29785.115673
-134572.14,1377,29793.062563
-136290.92,1366,29843.052818
-128708.72,1366,29851.006427
-140711.34,1368,29904.218214
-139623.17,1363,29912.004434
-138212.38,1367,29961.99628
-137845.61,1368,29969.534355
-134918.86,1369,30019.280632
-141858.38,1367,30026.641377
-136724.52,1367,30076.356341
-131561.22,1370,30083.978158
-134046.72,1370,30134.130489
-128272.52,1376,30141.92062
-132774.2,1368,30193.473403
-144138.69,1371,30201.501813
-125364.1,1378,30254.30029
-129325.82,1378,30262.26083
-129773.06,1376,30315.286339
-134066.38,1371,30323.239623
-138420.98,1375,30373.506588
-136766.31,1376,30381.251848
-124855.4,1374,30431.036167
-134450.67,1376,30438.87263
-128753.1,1373,30490.822559
-134905.6,1373,30498.762333
-141228.5,1371,30548.640799
-130719.03,1376,30556.501772
-136471.62,1379,30605.876253
-137227.7,1375,30613.588811
-144558.66,1377,30665.918656
-147416.9,1371,30674.050979
-144815.77,1369,30725.396928
-147287.12,1372,30733.599089
-146741.45,1375,30783.9735
-137462.22,1370,30791.50982
-145515.25,1373,30841.686957
-144261.89,1373,30849.189888
-144055.17,1373,30899.208617
-144798.72,1376,30906.840113
-135276.75,1369,30956.140686
-145309.73,1371,30964.64194
-135381.61,1370,31016.028413
-136914.03,1377,31024.204304
-148401.22,1369,31075.922535
-134213.19,1368,31084.057679
-151723.14,1370,31135.764043
-135774.83,1363,31143.890105
-152406.06,1369,31196.72013
-146361.1,1371,31204.741067
-145631.73,1368,31253.839097
-138038.2,1371,31261.56234
-157977.38,1370,31310.53647
-139322.27,1368,31318.190296
-150012.77,1372,31371.139949
-153102.78,1371,31379.700297
-140698.75,1367,31430.729101
-157121.92,1368,31439.304238
-136949.95,1370,31489.516207
-152533.05,1370,31497.48431
-133222.8,1369,31547.450022
-137907.77,1371,31555.757927
-146670.6,1366,31606.234952
-136394.48,1369,31614.534126
-131199.94,1368,31664.010224
-136265.94,1362,31672.118187
-163424.81,1366,31722.376274
-140466.77,1376,31730.733035
-130968.58,1367,31780.909025
-139513.12,1368,31789.464454
-150452.2,1371,31839.238175
-129082.42,1370,31847.638936
-160776.03,1362,31896.956045
-130014.77,1369,31905.497075
-144975.08,1376,31956.564036
-140786.14,1374,31966.133965
-140246.55,1374,32018.774248
-137566.89,1371,32027.144956
-150973.48,1373,32076.845624
-138290.05,1365,32084.776768
-137318.81,1368,32135.948926
-135489.03,1372,32143.93781
-148218.3,1361,32194.083746
-126452.914,1371,32202.580617
-127588.375,1369,32252.106024
-139110.95,1364,32260.755222
-149743.27,1372,32310.530035
-163718.48,1365,32318.817841
-131400.73,1369,32370.066045
-145153.88,1370,32378.670724
-130616.61,1372,32429.969729
-136419.03,1369,32438.260498
-129466.375,1370,32490.067551
-158054.06,1363,32497.703906
-151155.17,1361,32551.163251
-148872.6,1361,32558.95377
-129748.51,1372,32609.044533
-133172.95,1370,32616.816772
-160200.88,1377,32668.388744
-135207.44,1365,32675.488082
-132159.25,1372,32726.02933
-138215.61,1364,32733.429697
-137920.8,1375,32784.830506
-249678.69,1386,32792.415746
-125993.36,1380,32843.881815
-127192.94,1370,32850.995601
-126651.37,1375,32901.79075
-123800.055,1374,32908.920584
-120078.33,1383,32961.044575
-130764.1,1379,32968.051752
-123071.32,1377,33021.079199
-123860.48,1383,33028.360791
-126608.56,1380,33080.520389
-129046.76,1389,33088.120862
-125960.586,1379,33142.122153
-133550.05,1386,33149.893709
-128466.82,1380,33200.421869
-118130.484,1382,33208.286312
-134909.0,1372,33259.966779
-121661.01,1383,33268.118969
-134433.52,1376,33319.662781
-126350.24,1373,33327.759398
-114752.45,1384,33378.338958
-226968.94,1383,33386.34774
-124143.16,1381,33436.332587
-123786.57,1377,33444.071888
-116812.67,1381,33497.136286
-119630.97,1380,33505.679276
-124159.79,1373,33557.260539
-125782.07,1377,33566.130632
-134617.19,1372,33619.447117
-123591.06,1384,33628.724628
-123455.76,1380,33685.316559
-124910.766,1381,33694.045271
-129833.52,1379,33747.30095
-129733.63,1376,33756.409376
-126409.23,1376,33811.12394
-130353.83,1366,33819.566769
-131126.06,1370,33872.600594
-131867.72,1375,33881.53914
-124540.49,1385,33934.107662
-159816.19,1380,33943.053683
-133534.0,1375,33997.344529
-134383.98,1373,34005.068456
-133427.47,1373,34061.926828
-133408.88,1375,34069.886895
-131575.67,1375,34123.9806
-135963.44,1376,34133.10134
-127018.53,1376,34185.083845
-128574.57,1376,34193.622473
-137608.47,1370,34248.115765
-128258.93,1373,34256.3166
-127283.68,1378,34306.897606
-132283.66,1375,34314.855077
-130656.484,1379,34366.26775
-131550.6,1376,34374.304813
-129008.39,1378,34425.222554
-125430.43,1379,34433.246109
-121182.36,1381,34484.868689
-128357.55,1380,34493.606808
-125576.1,1384,34545.209777
-129547.59,1373,34553.08047
-124989.38,1380,34604.608621
-118548.64,1387,34612.245752
-121561.96,1380,34663.64462
-120285.805,1382,34671.667526
-120967.125,1385,34722.935744
-120656.26,1382,34731.025676
-131121.48,1377,34782.785731
-125782.29,1382,34790.759117
-119873.984,1382,34843.916952
-123034.16,1380,34851.654121
-132666.72,1386,34904.085614
-130829.65,1378,34911.995546
-116816.69,1380,34962.64739
-123283.25,1383,34970.462596
-129479.91,1380,35021.446629
-128401.016,1386,35029.354433
-131117.89,1376,35080.701639
-130238.68,1378,35088.541674
-136371.28,1380,35139.904717
-128126.13,1380,35147.806975
-122392.7,1382,35199.181678
-125600.914,1384,35207.098165
-131969.33,1381,35257.888396
-132257.7,1377,35265.798924
-135101.45,1377,35315.76018
-126154.586,1379,35323.63069
-131016.97,1377,35373.81737
-137904.66,1378,35382.061246
-126860.945,1380,35431.755286
-133855.72,1376,35439.628148
-121672.91,1380,35489.963861
-131589.83,1379,35497.898555
-130736.45,1381,35548.141948
-135470.88,1382,35556.091804
-124243.945,1381,35606.884875
-126784.65,1381,35614.594342
-128385.02,1381,35665.211686
-122413.44,1382,35673.050096
-126567.49,1380,35722.654441
-123412.13,1382,35730.655726
-123695.44,1380,35780.45499
-120953.57,1380,35788.153855
-126226.7,1384,35838.631166
-131558.05,1377,35846.305907
-134678.0,1375,35896.17096
-135104.16,1377,35903.745456
-126846.61,1377,35954.020526
-128464.1,1378,35961.672316
-131361.7,1378,36012.447279
-128971.445,1378,36020.308519
-123397.22,1378,36071.111123
-123850.67,1379,36078.816036
-134227.98,1375,36128.947977
-132574.77,1378,36136.57369
-128698.46,1380,36186.831059
-128014.97,1377,36194.689795
-129048.62,1378,36245.036206
-124873.9,1378,36253.260309
-134988.22,1379,36304.304031
-130558.36,1377,36311.805799
-131920.16,1379,36362.734003
-130656.414,1377,36370.702718
-131841.25,1376,36423.835514
-150581.92,1373,36432.183419
-129848.49,1384,36487.098303
-137094.84,1373,36494.703879
-135081.42,1376,36545.356132
-147595.27,1378,36552.443189
-137305.11,1379,36602.881901
-127776.17,1377,36609.862273
-134424.08,1370,36660.350084
-135078.95,1377,36667.744482
-132250.27,1374,36717.793025
-128229.27,1375,36725.176828
-129461.79,1373,36774.789353
-126622.836,1375,36782.315304
-129167.58,1379,36832.501902
-128315.85,1380,36840.021612
-122867.94,1375,36890.192912
-125300.84,1380,36897.807517
-126614.26,1378,36947.99546
-125793.984,1379,36955.5892
-124631.54,1380,37005.4495
-120342.85,1380,37012.922558
-122983.58,1377,37063.041147
-125541.04,1377,37070.652337
-127559.36,1375,37120.557337
-128296.54,1375,37128.298348
-125611.13,1378,37178.403509
-125142.83,1382,37186.321774
-124790.516,1377,37235.976332
-123435.05,1380,37244.024514
-137085.38,1384,37294.110129
-125800.61,1387,37302.268149
-123763.98,1380,37352.178269
-126047.14,1380,37360.290255
-122511.516,1377,37409.842566
-123514.72,1379,37417.972891
-125416.94,1383,37467.674149
-125428.96,1381,37475.718292
-125946.914,1375,37524.966865
-127282.14,1375,37533.229692
-126456.98,1382,37583.047641
-126981.37,1385,37591.111577
-138255.64,1381,37640.767885
-129037.7,1384,37648.97521
-125288.04,1380,37698.753351
-127580.4,1380,37707.042635
-121412.6,1381,37757.057486
-128322.55,1384,37765.33067
-115792.06,1388,37814.836152
-117184.03,1385,37823.310475
-123408.81,1387,37872.921156
-125974.72,1386,37881.052518
-119872.47,1388,37930.930636
-118628.22,1384,37938.966829
-125409.77,1379,37988.400427
-119980.13,1379,37996.534681
-137111.5,1381,38046.130424
-122952.39,1386,38054.397141
-128073.74,1388,38104.05461
-119642.54,1385,38112.159938
-123518.19,1384,38161.51022
-129647.625,1382,38169.515162
-123176.99,1378,38219.165778
-123676.305,1383,38227.500434
-129270.42,1380,38276.977466
-124967.76,1384,38285.399374
-124727.36,1383,38334.923424
-128672.414,1382,38343.357395
-128956.96,1384,38393.013007
-124094.875,1381,38401.715925
-138294.27,1374,38451.383789
-135481.05,1378,38460.177313
-133801.94,1382,38509.792451
-132623.78,1381,38518.358645
-127007.92,1380,38567.798755
-129210.01,1379,38576.474641
-130825.16,1382,38626.493411
-134657.81,1377,38635.087668
-128543.08,1382,38684.989319
-130623.1,1381,38693.279914
-127253.33,1386,38743.59604
-148448.39,1389,38752.142735
-136638.7,1382,38802.096339
-126641.01,1382,38810.628035
-130420.66,1382,38860.581842
-124829.414,1386,38869.234541
-131017.38,1382,38919.177917
-129876.805,1385,38928.199703
-116482.55,1382,38978.116115
-118276.04,1381,38986.902325
-119618.07,1385,39036.785107
-129070.57,1383,39045.54904
-126672.87,1383,39095.078109
-125636.15,1380,39103.850088
-126016.336,1378,39153.394805
-129038.92,1378,39162.159217
-123181.98,1380,39212.475904
-124526.92,1382,39221.238544
-128049.875,1380,39270.34328
-126995.29,1384,39279.233366
-126497.15,1376,39328.70699
-128063.98,1375,39337.36189
-128019.08,1380,39387.20977
-131730.69,1377,39395.762073
-140422.94,1377,39445.100068
-128173.39,1378,39453.88625
-131178.48,1374,39503.809733
-131577.8,1377,39512.752561
-125207.08,1374,39561.802352
-130330.19,1368,39570.351272
-132284.17,1374,39619.448453
-125826.1,1379,39628.197293
-128755.15,1374,39677.618048
-129662.28,1369,39686.414393
-128565.484,1370,39735.717953
-128044.75,1374,39744.372014
-126663.69,1376,39793.917507
-132084.31,1370,39802.760966
-132816.88,1377,39852.526454
-129752.56,1373,39860.744216
-130020.3,1377,39910.775779
-133159.45,1374,39919.0686
-128195.805,1374,39968.697168
-132835.0,1371,39976.824851
-128300.875,1378,40027.019849
-128104.42,1376,40035.074196
-122471.75,1380,40085.29596
-123786.555,1376,40093.566486
-126112.26,1379,40143.901029
-124814.06,1377,40151.679793
-117601.83,1379,40202.603508
-124590.625,1379,40210.490882
-125955.42,1381,40261.06506
-127368.38,1380,40268.818533
-122813.516,1380,40319.515931
-121321.98,1380,40327.394965
-126286.39,1374,40378.013343
-120564.77,1379,40386.036045
-125547.7,1377,40437.078088
-123135.695,1380,40444.976293
-125012.94,1374,40495.50676
-122118.89,1376,40503.617305
-130498.125,1372,40553.570622
-127701.875,1376,40562.244899
-121834.84,1377,40612.14915
-130438.305,1373,40620.481584
-133664.17,1378,40670.736799
-129801.555,1375,40678.83224
-126345.19,1371,40729.191326
-122483.12,1374,40737.584608
-121605.98,1377,40788.049001
-124533.04,1374,40796.200085
-122011.91,1376,40846.851413
-122051.31,1375,40854.845451
-119999.484,1379,40905.477485
-119966.97,1381,40913.805527
-121532.484,1381,40964.047265
-120999.625,1378,40972.15512
-119793.85,1379,41022.387544
-120967.81,1377,41030.077714
-115934.84,1383,41080.814589
-119362.57,1381,41088.897352
-114120.31,1382,41139.789853
-113442.44,1385,41147.810798
-114444.89,1383,41198.535954
-115486.82,1384,41206.5427
-116539.13,1382,41256.683925
-119533.3,1382,41264.934926
-110754.32,1389,41315.144573
-114033.42,1388,41323.360025
-118103.516,1387,41374.128797
-117952.76,1388,41382.20513
-117834.68,1384,41433.535942
-120204.0,1385,41441.419971
-112770.664,1389,41492.181724
-116217.414,1383,41499.926359
-121029.4,1384,41550.937689
-117077.164,1384,41558.906932
-116109.016,1385,41609.808342
-113365.56,1387,41617.704111
-115871.93,1378,41668.126761
-119616.55,1385,41676.283808
-113438.06,1384,41726.884541
-121125.32,1380,41734.892886
-116531.43,1385,41785.425155
-112541.88,1389,41793.669258
-118179.336,1384,41844.273019
-118113.64,1386,41852.477693
-120712.56,1386,41903.03499
-115305.016,1382,41911.327226
-119892.484,1376,41961.467034
-114615.23,1382,41970.495451
-116623.61,1384,42021.090904
-119452.02,1380,42029.21833
-121202.414,1379,42079.690938
-112771.055,1386,42088.07786
-122192.016,1379,42137.913919
-124145.14,1377,42146.366895
-115412.22,1385,42196.823422
-114535.984,1381,42205.178124
-114312.15,1387,42255.6058
-120200.836,1380,42263.451509
-122941.53,1383,42314.423248
-120879.27,1383,42322.387318
-119276.51,1380,42372.941191
-123138.49,1378,42380.852216
-125919.18,1378,42431.515346
-120588.11,1377,42439.353206
-112720.54,1383,42490.005465
-114658.87,1381,42497.457461
-118413.61,1379,42547.851108
-117640.055,1379,42555.388644
-123285.96,1382,42605.952897
-115514.46,1390,42614.364118
-119230.94,1375,42664.660837
-118221.69,1383,42672.969569
-116840.21,1378,42722.895669
-117905.99,1386,42731.523036
-117149.24,1386,42781.429436
-111673.0,1386,42790.201005
-120105.0,1380,42840.061985
-118053.89,1385,42848.794666
-114453.82,1385,42898.490713
-116800.66,1386,42907.330278
-115848.03,1384,42957.265379
-120914.45,1381,42966.225167
-119038.66,1382,43016.150006
-120868.62,1381,43024.916072
-121718.23,1381,43074.173617
-119497.17,1379,43082.785701
-125848.836,1377,43132.293575
-125134.5,1380,43141.054756
-119290.586,1380,43190.925205
-121150.11,1381,43199.83604
-122608.37,1379,43249.665593
-122650.09,1384,43258.52898
-129628.055,1376,43308.080714
-126850.414,1379,43317.288248
-117585.484,1387,43367.240786
-118410.984,1382,43376.196102
-118771.08,1386,43426.10971
-127390.99,1378,43434.73754
-122288.21,1380,43484.986788
-121611.45,1380,43493.862387
-122519.07,1383,43543.609601
-124160.99,1384,43552.292684
-114783.766,1386,43602.065649
-120177.18,1380,43610.472156
-124463.32,1385,43660.451352
-114278.14,1393,43668.935711
-118770.555,1388,43718.672
-114397.484,1386,43727.319283
-115359.586,1385,43777.051949
-114188.23,1384,43785.764013
-110638.52,1385,43835.625286
-113809.94,1385,43844.365554
-112785.695,1391,43895.03104
-114215.85,1386,43903.391932
-116409.766,1391,43953.734448
-121421.96,1384,43962.010426
-115700.234,1389,44012.627255
-115662.1,1390,44020.906356
-117041.74,1389,44071.667091
-115239.37,1390,44079.990438
-114873.44,1388,44130.145885
-117867.195,1383,44138.224911
-117359.27,1388,44189.057578
-121863.72,1386,44197.026368
-112684.984,1390,44248.290159
-116718.305,1390,44256.413572
-115746.23,1388,44306.911016
-118072.24,1385,44314.787149
-113476.54,1391,44365.754167
-113346.22,1393,44373.660129
-115511.33,1388,44424.295866
-116695.62,1390,44432.308214
-111156.47,1394,44483.677244
-115747.055,1391,44491.537842
-112864.984,1392,44542.635325
-112294.56,1389,44550.599243
-114822.46,1392,44602.071379
-113370.625,1390,44609.818788
-118215.8,1390,44661.034275
-117266.414,1390,44668.601121
-113799.38,1391,44719.340135
-117759.14,1396,44727.446052
-118412.45,1391,44778.611803
-115688.16,1393,44786.589105
-122237.516,1393,44838.041229
-121105.98,1385,44845.5625
-118475.42,1391,44896.472839
-113842.59,1395,44904.495998
-115814.68,1395,44955.647172
-113812.28,1394,44963.429054
-116209.81,1394,45014.608303
-116338.52,1398,45022.631167
-116933.5,1397,45073.82793
-117485.1,1395,45081.674559
-115791.266,1394,45133.081344
-115915.95,1395,45140.869994
-118412.31,1401,45191.732739
-119329.414,1395,45199.359577
-121770.99,1391,45249.898237
-128580.48,1393,45257.724817
-116566.23,1398,45308.751201
-119232.65,1397,45316.614554
-117596.44,1393,45367.107415
-115521.13,1394,45374.969375
-118019.914,1387,45425.6266
-117381.7,1398,45433.784827
-119533.96,1394,45484.177362
-116400.37,1390,45492.632451
-119791.51,1389,45543.477174
-121802.89,1388,45551.453414
-119246.44,1396,45602.674515
-121034.95,1385,45610.267277
-120437.88,1389,45661.790586
-117645.79,1396,45669.5829
-117389.53,1391,45720.594897
-119480.64,1388,45728.066383
-117953.836,1394,45779.433596
-119437.42,1393,45787.142485
-116174.82,1390,45838.433017
-114900.914,1398,45846.537407
-116527.43,1390,45896.891881
-114326.484,1393,45904.605839
-117646.97,1387,45954.965954
-117372.72,1389,45962.872539
-114960.914,1395,46012.584449
-116001.66,1391,46020.223404
-113185.695,1389,46070.333103
-117175.73,1389,46078.116122
-113493.58,1393,46128.332089
-118541.016,1391,46135.912204
-115577.88,1386,46186.124707
-117668.03,1383,46193.680356
-116072.65,1395,46244.098535
-115129.67,1386,46251.36391
-114749.81,1393,46302.26431
-113927.016,1391,46309.329897
-120043.65,1389,46360.188573
-118524.914,1384,46367.14444
-114162.02,1389,46418.62718
-116575.13,1387,46425.487271
-110913.36,1393,46477.374541
-116816.305,1397,46484.295164
-111143.17,1395,46535.534772
-112489.02,1390,46542.396087
-113007.57,1404,46594.371389
-115140.23,1391,46600.751987
-113685.8,1393,46652.785773
-112012.84,1391,46659.160616
-109499.78,1392,46711.390748
-112949.06,1397,46718.129568
-111721.21,1395,46770.811864
-113644.26,1392,46777.350593
-106952.47,1391,46829.681465
-110289.13,1391,46836.49954
-109819.68,1392,46888.786634
-109015.14,1392,46895.681078
-110074.055,1395,46948.101915
-106620.69,1393,46954.79958
-112100.58,1389,47006.814691
-111336.766,1392,47013.489754
-110652.89,1393,47065.896543
-110824.984,1389,47072.392384
-106262.4,1390,47124.923887
-107014.766,1391,47131.445365
-108554.67,1387,47183.257
-115687.11,1389,47189.850915
-105487.45,1392,47241.983227
-106081.46,1391,47248.847895
-104121.82,1391,47301.164306
-107922.86,1388,47307.771544
-109824.16,1384,47359.733486
-103830.69,1397,47366.625122
-106770.15,1389,47418.956021
-102874.36,1391,47426.081312
-105019.52,1393,47477.424408
-99939.99,1394,47484.628668
-105676.77,1386,47535.829719
-108850.32,1389,47543.053402
-108285.0,1389,47594.001973
-113985.836,1385,47600.523041
-111870.44,1384,47651.671787
-117182.69,1385,47658.760397
-108833.17,1388,47710.535831
-105774.67,1393,47717.988589
-100997.42,1393,47769.746631
-103496.77,1393,47777.044702
-107327.11,1385,47828.507234
-102941.56,1387,47835.774887
-107133.83,1391,47887.421268
-107775.25,1385,47894.637694
-104543.49,1386,47946.277957
-104827.23,1389,47953.598707
-102399.26,1393,48005.154058
-107820.76,1383,48011.815424
-102388.8,1392,48063.674667
-113678.445,1382,48070.367445
-109316.03,1382,48121.866138
-109194.28,1378,48128.348509
-109754.91,1392,48181.257095
-107902.58,1380,48187.097164
-106273.695,1386,48240.078039
-106850.35,1383,48245.665061
-107343.13,1386,48298.342957
-108455.555,1390,48304.372497
-105790.86,1386,48356.779012
-113240.91,1388,48362.663786
-111355.586,1390,48415.529478
-105739.65,1382,48421.36202
-102889.16,1391,48474.747407
-106479.9,1381,48480.191435
-108585.875,1379,48532.992804
-108146.195,1381,48538.411174
-113219.76,1381,48590.811656
-105097.875,1380,48596.492405
-101140.984,1391,48650.051652
-102622.82,1384,48655.166691
-102500.72,1381,48708.415307
-100766.0,1389,48713.86736
-101044.53,1386,48767.24962
-104481.984,1383,48772.73357
-104806.11,1381,48825.756929
-104837.21,1380,48831.23968
-104261.266,1381,48884.049173
-103934.84,1381,48889.610226
-102523.47,1380,48942.283573
-104623.0,1381,48947.533933
-104417.34,1381,49000.791145
-104143.83,1379,49006.194979
-109045.94,1378,49058.684307
-105441.8,1383,49064.311365
-103395.22,1384,49117.4125
-98537.89,1384,49122.957009
-101382.266,1384,49176.006068
-103853.34,1380,49181.334121
-98860.76,1386,49234.468073
-104568.28,1386,49239.937647
-105831.64,1381,49293.191533
-103468.99,1380,49298.620849
-99887.72,1388,49352.080056
-103830.8,1382,49357.13356
-104360.016,1383,49410.654787
-110298.836,1383,49415.714474
-103836.86,1385,49469.585835
-103981.19,1384,49474.648926
-104582.22,1380,49528.236516
-105098.97,1382,49533.38831
-105158.3,1380,49587.105242
-108096.24,1380,49592.205653
-108716.71,1381,49645.588179
-105529.89,1381,49650.776845
-105228.16,1380,49703.844491
-103213.01,1384,49709.081287
-109561.23,1383,49762.470599
-111254.35,1380,49767.480297
-113529.73,1378,49820.695388
-108405.914,1381,49825.994573
-110640.305,1381,49879.696503
-107525.29,1381,49884.961714
-112685.52,1380,49938.200217
-111709.1,1379,49943.487488
-112523.68,1381,49996.408341
-111513.14,1379,50001.615332
-118103.11,1378,50055.103531
-114593.96,1380,50060.415443
-113106.13,1376,50113.741269
-111963.984,1379,50119.114135
-111206.66,1378,50171.747086
-112559.15,1377,50177.024862
-106679.18,1385,50230.55509
-110400.24,1379,50235.809105
-100622.23,1395,50289.836745
-102038.23,1385,50294.570953
-114039.38,1380,50348.501884
-103115.586,1382,50353.428881
-100751.34,1400,50407.981848
-100191.17,1394,50412.577618
-102934.95,1402,50467.021965
-110373.5,1382,50471.074936
-105798.836,1381,50525.873941
-106525.48,1380,50529.573168
-101465.4,1391,50583.986153
-111292.805,1411,50589.240885
-105123.61,1409,50643.6958
-103687.81,1409,50649.043455
-112123.66,1383,50702.611157
-104060.54,1386,50708.232956
-108253.84,1414,50762.828731
-108397.88,1412,50768.165597
-108200.49,1413,50822.930689
-1660828.5,1722,50837.250044
-108607.01,1395,50882.559832
-109103.664,1395,50896.959923
-105696.79,1399,50941.878189
-104041.34,1402,50956.481954
-107601.74,1395,51001.308532
-110165.1,1395,51015.734592
-108688.016,1390,51059.744986
-109374.57,1391,51073.891821
-107841.27,1390,51117.689692
-239781.66,1439,51133.523453
-112213.99,1384,51175.804201
-112582.98,1389,51191.823688
-114710.74,1385,51233.771178
-112959.49,1383,51250.027156
-115525.22,1383,51291.690906
-110415.57,1384,51307.737535
-114145.9,1386,51349.636691
-110571.81,1384,51365.581684
-114277.305,1386,51407.776422
-111015.164,1387,51423.597826
-111559.95,1389,51465.600905
-110487.75,1388,51481.879327
-111465.76,1388,51524.312555
-109958.03,1392,51540.498273
-114109.49,1382,51582.317605
-109596.13,1387,51598.420194
-114053.78,1384,51640.276329
-110374.945,1386,51656.45617
-111933.53,1397,51698.332316
-111217.65,1389,51714.501099
-106271.15,1388,51756.31832
-109562.74,1388,51772.389351
-107586.78,1388,51814.271073
-107100.43,1393,51830.781929
-109619.47,1386,51872.743252
-107024.19,1387,51888.86569
-109466.07,1388,51930.257881
-107921.02,1384,51946.397272
-107203.74,1391,51988.45493
-108392.33,1388,52004.456255
-109516.85,1385,52046.323276
-108643.84,1384,52062.509636
-108144.61,1388,52104.766488
-108318.97,1384,52120.735258
-108095.83,1381,52162.651311
-107168.23,1382,52178.304504
-113063.67,1379,52220.524842
-113204.37,1380,52236.27874
-104379.81,1382,52278.293809
-105167.125,1383,52294.070712
-110456.87,1380,52336.022373
-106074.586,1383,52352.024343
-111384.08,1381,52393.592463
-102746.5,1385,52409.774199
-107969.81,1383,52451.756638
-102230.61,1389,52467.93639
-105805.13,1385,52508.967128
-102219.83,1389,52525.765885
-110451.55,1379,52566.69188
-109233.82,1380,52583.36133
-105983.55,1384,52624.798114
-101474.36,1386,52641.524024
-104279.63,1385,52682.694761
-103560.63,1387,52699.423449
-103211.72,1386,52740.632528
-104277.336,1386,52757.15527
-103589.555,1385,52798.429916
-101842.43,1387,52815.522422
-105653.22,1384,52856.751014
-103500.04,1383,52873.495794
-103119.9,1385,52914.709313
-100656.74,1388,52931.675178
-99519.0,1389,52972.641875
-102603.57,1387,52989.369372
-105523.91,1384,53030.301287
-102774.24,1387,53047.277084
-106452.38,1388,53088.977213
-105571.95,1388,53105.834944
-104801.42,1392,53146.866858
-104462.336,1388,53163.714913
-104715.93,1386,53204.851195
-106728.54,1388,53221.749396
-104448.305,1384,53263.07997
-104513.695,1385,53279.950071
-104969.766,1388,53321.31752
-105141.87,1388,53338.358287
-102322.4,1385,53379.633694
-111642.34,1382,53396.385062
-106907.92,1381,53437.644111
-104133.93,1385,53454.452657
-105250.93,1386,53495.59473
-108868.86,1383,53512.4305
-104243.25,1384,53553.592437
-102844.87,1385,53570.547373
-104599.336,1383,53611.474672
-103686.47,1384,53628.276697
-107832.06,1384,53669.386985
-107185.4,1383,53686.312074
-108231.94,1383,53727.450558
-107138.016,1384,53744.159581
-106747.445,1381,53785.172541
-106540.98,1384,53802.184613
-107046.805,1383,53842.710889
-108068.23,1386,53859.750089
-108051.01,1387,53900.48911
-105332.97,1384,53917.582407
-115429.03,1379,53958.381189
-106358.234,1383,53975.449795
-106117.195,1385,54016.159395
-110188.695,1384,54033.094732
-107707.03,1384,54074.46727
-110156.375,1384,54091.649945
-106905.88,1384,54132.226393
-108148.086,1386,54149.500219
-107709.13,1383,54189.926219
-110067.3,1384,54207.203166
-106271.016,1385,54248.625424
-109244.805,1385,54266.326402
-108607.305,1382,54307.26526
-105768.22,1383,54324.783327
-107714.8,1386,54365.815974
-458579.1,275,54379.538337
-107702.9,1384,54387.020106
-107762.88,1388,54438.523756
-107188.875,1383,54446.015835
-110475.73,1383,54496.452926
-108646.9,1383,54503.6666
-108912.59,1382,54554.513659
-112102.6,1377,54561.688286
-105649.42,1383,54613.232146
-106864.91,1383,54620.470782
-107061.92,1385,54671.936037
-106034.305,1384,54679.297076
-109287.4,1385,54730.647735
-110878.055,1381,54737.686924
-108842.63,1382,54789.581848
-106876.94,1383,54796.596459
-108855.64,1381,54848.269965
-108433.96,1383,54855.342615
-109862.11,1381,54906.59119
-106250.24,1383,54913.811829
-107870.73,1382,54965.240291
-107260.125,1381,54972.36228
-108185.28,1384,55023.606488
-108599.984,1381,55030.61833
-112665.58,1377,55082.083142
-106855.61,1380,55089.461697
-111103.9,1377,55140.875276
-109523.516,1378,55147.981949
-110600.984,1381,55199.442238
-110708.914,1379,55206.80847
-106619.45,1385,55258.85591
-110038.94,1381,55265.806237
-111132.25,1385,55317.502038
-109923.57,1383,55324.29925
-110821.68,1385,55375.989425
-109405.25,1382,55382.653468
-119456.55,1388,55434.592045
-112406.47,1385,55441.097455
-109824.71,1380,55492.452823
-110389.06,1386,55499.44328
-109098.36,1385,55551.35345
-111859.125,1385,55558.143003
-110423.69,1383,55610.020002
-112251.836,1384,55616.993531
-110106.164,1378,55668.334989
-115395.28,1385,55675.717677
-115327.6,1387,55727.543195
-116345.39,1383,55734.73567
-115658.086,1387,55786.781532
-110778.67,1387,55793.807086
-114463.81,1383,55845.638115
-107736.52,1381,55852.446051
-108013.68,1382,55904.043911
-111574.84,1381,55911.021439
-112774.375,1383,55962.83131
-110049.914,1383,55969.783838
-118877.23,1385,56021.401598
-118472.69,1388,56028.496075
-110770.945,1382,56080.33596
-125960.9,1386,56087.313493
-123989.62,1378,56138.448597
-113212.94,1381,56145.918926
-116742.14,1388,56197.5365
-114063.37,1382,56204.690724
-109561.7,1381,56256.266261
-112302.11,1385,56263.562635
-110927.92,1379,56314.785487
-113095.234,1380,56322.1155
-116459.12,1383,56373.68338
-119651.38,1386,56381.029427
-113284.79,1380,56432.721619
-112848.53,1382,56440.393313
-113483.97,1382,56491.448635
-111170.54,1382,56498.920114
-113506.84,1381,56549.822885
-112664.81,1382,56557.31776
-111624.49,1381,56608.241417
-113137.68,1383,56615.735962
-114563.28,1382,56666.747866
-114095.24,1381,56674.176762
-115433.63,1383,56725.704802
-114331.43,1383,56733.275908
-116182.93,1384,56784.406174
-111968.055,1383,56791.688417
-114378.625,1382,56842.980205
-115119.14,1384,56850.541945
-113604.445,1385,56901.488758
-116597.93,1381,56908.999129
-113592.64,1381,56960.245329
-111047.91,1381,56967.600303
-111053.54,1381,57018.450175
-114684.375,1381,57026.016412
-115390.37,1383,57077.2001
-115022.82,1385,57084.720521
-112688.65,1378,57135.536979
-111004.1,1385,57143.161003
-114742.16,1381,57194.052312
-113980.2,1385,57201.807891
-111834.83,1381,57252.195913
-109333.336,1383,57260.018066
-121067.984,1381,57310.623992
-109514.836,1384,57318.618794
-111364.51,1381,57369.640814
-108578.11,1381,57377.619082
-107613.9,1379,57427.59955
-111470.695,1381,57435.804106
-111159.055,1382,57486.26735
-112426.01,1383,57494.43605
-113275.09,1380,57544.30275
-111690.766,1378,57552.332037
-108954.0,1379,57602.460345
-109739.03,1381,57610.446339
-110764.82,1379,57661.134924
-112474.42,1379,57669.322755
-116004.266,1378,57719.904475
-113504.375,1379,57727.964888
-116221.41,1375,57778.006865
-114722.31,1379,57786.439876
-114060.664,1376,57836.05338
-110057.98,1380,57844.742963
-109692.37,1381,57894.771406
-110505.99,1378,57903.199149
-112356.93,1380,57953.171489
-111754.2,1380,57961.534988
-113689.89,1380,58012.263002
-110561.22,1377,58020.490711
-109296.08,1380,58070.54722
-113107.24,1376,58078.567909
-110994.875,1379,58128.311489
-109061.39,1382,58136.541713
-115434.58,1381,58186.891544
-103727.18,1382,58195.185533
-106879.36,1383,58245.660866
-110568.48,1380,58253.983213
-112603.88,1380,58304.823033
-108309.88,1379,58312.859268
-109267.555,1380,58363.504417
-106163.32,1382,58371.637479
-112875.8,1382,58422.277367
-111942.52,1378,58430.211512
-105800.33,1381,58480.479378
-104390.35,1382,58488.633178
-110675.04,1382,58539.24995
-109491.88,1380,58547.178745
-106912.914,1382,58597.341511
-112421.87,1377,58605.234984
-107113.48,1379,58655.769998
-111253.4,1379,58663.721236
-110748.19,1379,58714.488003
-108306.625,1382,58722.472255
-109090.68,1378,58773.283266
-105751.875,1380,58781.094045
-112752.54,1379,58831.263114
-105417.96,1383,58839.153241
-113398.81,1379,58889.192302
-108722.01,1380,58897.450702
-105321.65,1379,58947.603574
-108109.91,1379,58955.670705
-111592.17,1382,59006.074255
-107933.05,1383,59014.410213
-105967.78,1381,59064.928747
-113486.1,1382,59073.068681
-108158.01,1381,59123.454545
-108335.41,1386,59131.897177
-105720.664,1384,59182.214152
-108987.484,1383,59190.872515
-109851.7,1381,59240.850307
-103902.73,1381,59249.335907
-111063.945,1384,59299.97937
-106577.54,1377,59308.196273
-106323.58,1382,59358.385344
-104678.73,1382,59366.559271
-115024.97,1384,59417.136511
-107840.516,1380,59425.199987
-111464.67,1382,59475.689637
-111063.81,1387,59483.684014
-108889.21,1383,59535.5569
-112634.49,1383,59544.093416
-108323.57,1382,59595.847699
-104122.016,1378,59603.945391
-111196.125,1387,59655.41258
-110521.47,1384,59663.290741
-104894.695,1382,59714.001484
-110116.03,1384,59722.082975
-108272.67,1381,59772.473041
-104423.45,1381,59780.590681
-108253.664,1382,59831.097734
-102746.95,1381,59838.998579
-106807.734,1379,59889.33361
-111415.06,1382,59897.503571
-110421.76,1380,59947.87752
-110314.83,1383,59956.00845
-106088.6,1382,60006.250701
-104305.36,1382,60014.553857
-109854.46,1378,60064.648118
-105215.33,1379,60072.947206
-108631.625,1381,60123.877815
-110292.77,1382,60132.030931
-103246.27,1381,60182.52718
-106118.05,1381,60190.633855
-104515.57,1381,60240.690769
-99714.03,1378,60248.915765
-107840.39,1378,60298.835956
-105397.99,1377,60306.957976
-102522.03,1377,60357.056428
-109368.8,1378,60365.165364
-108218.2,1376,60415.707661
-103362.914,1379,60423.870771
-100383.33,1383,60473.670832
-104376.23,1379,60481.808585
-103172.72,1379,60532.243257
-102232.76,1379,60540.596859
-226020.03,1381,60591.204278
-111678.234,1380,60599.371674
-107132.73,1376,60649.929147
-110241.76,1376,60657.966228
-106407.59,1378,60708.263361
-103822.69,1381,60716.397628
-108995.46,1376,60766.375472
-111782.81,1374,60774.498631
-123004.49,1375,60825.104084
-108956.51,1378,60833.320909
-109896.5,1376,60883.449481
-108399.26,1376,60891.656414
-118766.17,1376,60942.27371
-122145.27,1376,60950.457402
-106825.01,1383,61000.868366
-114598.03,1377,61008.812815
-118507.87,1377,61059.614754
-116605.72,1375,61067.549222
-106430.65,1376,61117.611799
-104641.43,1376,61125.544198
-117283.49,1375,61175.805515
-117485.23,1378,61183.920854
-115683.68,1376,61234.329783
-106633.484,1379,61242.580022
-110052.664,1376,61293.290843
-114650.76,1376,61301.602586
-110194.266,1375,61351.920929
-104631.914,1376,61359.986004
-108586.55,1375,61410.295965
-111717.85,1380,61418.764996
-112629.0,1377,61468.952355
-108197.87,1372,61477.057156
-112553.58,1375,61527.055528
-111689.4,1373,61535.287501
-103165.914,1376,61585.781852
-112232.57,1378,61593.827101
-108882.28,1377,61643.619668
-105247.54,1378,61651.78212
-111163.234,1375,61701.526777
-112176.83,1372,61709.578632
-109478.95,1373,61759.756325
-113329.63,1377,61767.921682
-112984.88,1376,61817.978057
-115303.45,1374,61826.121462
-112637.016,1375,61876.345271
-105383.69,1381,61884.799152
-107932.42,1382,61934.942342
-107645.01,1375,61943.199878
-109085.21,1377,61993.029782
-112138.586,1372,62001.35544
-113533.086,1374,62051.626521
-110603.56,1373,62059.479785
-102377.734,1379,62109.803688
-113300.0,1369,62117.418304
-108829.84,1374,62167.918869
-111105.65,1377,62175.40407
-108831.79,1383,62226.256121
-112748.19,1377,62233.843719
-110751.734,1377,62284.865596
-108959.9,1379,62292.429948
-110566.234,1376,62343.718519
-113029.76,1375,62351.126095
-114158.625,1371,62402.088797
-105165.02,1380,62409.788697
-103021.0,1385,62460.702743
-110131.23,1373,62467.796666
-112916.18,1375,62518.971662
-112015.9,1372,62525.957547
-103864.945,1376,62576.628942
-109619.47,1377,62583.579989
-103758.8,1380,62634.459037
-106809.875,1374,62641.032419
-109526.1,1370,62691.660284
-107662.164,1372,62698.333295
-106580.0,1375,62748.945356
-107877.21,1373,62755.774475
-109828.35,1372,62806.35931
-109530.94,1372,62813.123595
-110075.1,1372,62864.120723
-107803.32,1373,62870.776014
-110041.81,1374,62921.686726
-107876.336,1371,62928.275617
-107442.99,1373,62979.809724
-108831.086,1375,62986.504756
-111712.9,1376,63037.419856
-108612.55,1375,63044.146724
-109508.94,1372,63095.17117
-107384.31,1373,63101.894353
-108276.54,1376,63152.896849
-115383.51,1372,63159.59654
-109557.06,1373,63210.435148
-109999.125,1375,63217.113601
-106439.07,1377,63268.487286
-108172.71,1374,63275.257456
-105929.41,1379,63326.390041
-107840.766,1374,63332.836091
-104285.25,1376,63384.426273
-108080.34,1375,63390.913251
-105831.92,1374,63442.217632
-107690.4,1373,63448.541854
-112867.19,1372,63499.510219
-117203.92,1371,63505.939013
-102266.72,1380,63557.073204
-108623.445,1371,63563.044677
-109853.9,1379,63614.52197
-104422.35,1380,63620.428193
-103765.84,1378,63671.880732
-106235.8,1380,63677.989568
-101694.63,1381,63729.600775
-113989.2,1375,63735.379409
-105412.84,1387,63787.592298
-102998.94,1384,63793.307929
-107843.14,1380,63846.061143
-107730.23,1381,63851.715583
-105377.984,1378,63903.855601
-108890.516,1386,63909.917177
-100482.02,1383,63962.068724
-112209.2,1388,63968.419147
-675331.7,994,64005.970667
-107606.99,1388,64026.640525
-108253.086,1390,64064.206855
-102649.07,1382,64084.387467
-106137.016,1378,64122.060711
-102659.016,1382,64144.309825
-103053.734,1382,64182.27917
-109670.91,1387,64203.52651
-110587.41,1380,64242.215982
-107204.46,1381,64263.200266
-111414.24,1377,64301.511223
-103565.625,1381,64322.284904
-104932.27,1377,64360.429432
-103267.414,1380,64381.309934
-107859.39,1383,64418.364034
-104209.44,1382,64439.382826
-102348.766,1382,64476.431537
-105856.65,1382,64497.456055
-111710.04,1377,64534.128989
-110050.47,1382,64555.347355
-101579.92,1380,64592.363724
-106721.54,1380,64613.388397
-101258.05,1380,64649.905259
-105343.67,1379,64670.763498
-111191.125,1372,64707.680914
-105112.62,1376,64729.134523
-102091.15,1379,64765.866159
-100622.1,1378,64786.975604
-104037.51,1377,64823.437866
-105799.555,1379,64844.665401
-106010.66,1376,64881.800605
-102816.87,1384,64903.509041
-106140.516,1376,64940.131051
-101857.84,1380,64961.837733
-105198.16,1381,64997.894435
-104396.75,1380,65019.520924
-102122.03,1376,65055.379242
-108220.79,1384,65077.267047
-106446.3,1387,65113.494211
-102369.48,1379,65135.413984
-110829.51,1380,65171.354931
-105372.48,1377,65192.878636
-107160.266,1377,65229.225309
-107705.24,1385,65251.619332
-104507.086,1381,65287.980933
-105551.84,1378,65309.625707
-104431.266,1378,65345.345637
-108878.06,1383,65367.496366
-104389.64,1379,65403.581913
-108296.516,1382,65425.347156
-104858.96,1381,65461.506067
-103053.234,1377,65483.390658
-101232.52,1381,65519.363227
-105416.42,1379,65541.082446
-99918.4,1380,65577.420165
-105188.195,1377,65598.980782
-104591.77,1382,65634.723902
-103506.65,1381,65656.304319
-105351.99,1379,65692.33488
-103152.65,1384,65714.594707
-101075.84,1387,65751.289819
-102700.33,1379,65772.60865
-103731.19,1379,65809.422435
-104214.14,1378,65830.651478
-102497.97,1379,65867.393245
-108319.18,1384,65889.306265
-104231.3,1380,65925.682761
-101502.13,1380,65947.479158
-104836.41,1379,65984.13377
-107703.68,1376,66005.667914
-102123.23,1382,66042.057634
-105830.54,1381,66063.324759
-105102.6,1380,66099.800291
-106378.42,1380,66121.30772
-104645.79,1381,66157.696191
-104921.29,1377,66179.411696
-103545.875,1384,66216.358193
-104035.16,1378,66237.686403
-103684.375,1378,66274.865031
-104549.88,1378,66296.348442
-108361.58,1379,66333.405969
-108444.81,1377,66354.951586
-104006.98,1377,66392.308851
-106138.49,1382,66413.993959
-114546.56,1381,66451.8648
-104332.875,1384,66473.871186
