#{"t_start": 1701340968.9505587, "env_id": "None"}
r,l,t
-429030.305976,243,1108.661258
-460752.522934,253,1122.262496
-474482.908371,257,1135.395561
-458745.558396,254,1148.498438
-460296.250579,254,1161.456432
-464646.353252,255,1174.501425
-455306.025742,252,1187.686069
-452625.223434,252,1200.823766
-451986.434917,251,1213.719245
-448726.527199,250,1226.642179
-454778.219302,252,1239.899373
-453096.888001,251,1253.147092
-447807.642886,250,1265.679587
-448911.770652,251,1278.815663
-448718.497766,250,1291.483743
-441921.57201,248,1304.445751
-442412.072372,248,1317.232821
-440875.420636,248,1329.957275
-439567.619081,247,1342.626441
-433072.884356,244,1355.357276
-431683.056165,244,1367.918871
-433779.668807,246,1380.532717
-423203.126968,241,1393.30539
-427981.453087,243,1406.180078
-411179.46999,236,1418.553025
-416813.427087,238,1431.035447
-412120.311824,238,1443.814278
-402012.306806,234,1456.129206
-381423.024737,225,1468.353185
-356073.370156,217,1479.972619
-352166.803846,215,1491.398624
-355150.092753,218,1503.156862
-356295.803558,220,1514.712807
-556934.0688,346,1531.103493
-356491.499302,220,1542.81413
-362378.120392,223,1554.315663
-566701.97668,355,1570.704187
-451284.393291,285,1584.861404
-454701.154427,291,1599.252523
-480709.381039,309,1614.352042
-477350.264499,308,1629.305626
-933886.937277,561,1653.489122
-489023.389779,317,1668.670748
-507995.302339,329,1684.3232
-850594.875244,542,1707.807883
-1070616.659693,707,1737.260063
-1256643.825775,925,1774.655992
-728483.213337,482,1795.971951
-847003.716167,561,1820.342482
-828944.717595,581,1845.433208
-974615.952599,629,1872.080314
-817983.61224,537,1895.430809
-683300.329906,454,1915.679318
-842203.116092,545,1939.393479
-1384884.805475,940,1977.372049
-1717704.758139,1132,2022.370185
-1372793.005196,982,2062.152129
-1663542.018021,1194,2109.311225
-1396311.123109,1052,2151.12759
-2612183.836148,2144,2233.144796
-2594967.735768,2117,2314.641312
-8536123.058971,4057,2467.170988
-2083807.437401,2051,2545.926169
-1736346.715508,2042,2624.09388
-2310387.995402,2310,2711.779333
-1994736.746312,2089,2791.554559
-2446086.735674,2212,2875.940944
-2925365.383811,2639,2975.83716
-3364966.253272,2720,3078.669591
-6392962.780622,4668,3252.285193
-6198760.354274,4681,3426.595098
-2078489.278547,935,3464.460427
-7340433.208104,3779,3605.920402
-4700671.870706,4416,3770.651457
-5205482.849968,4628,3943.252448
-478805.903084,291,3957.531906
-735564.647813,486,3978.955614
-11413056.411883,6280,4212.424406
-4653548.981615,3980,4361.570478
-5406219.035271,3596,4496.853334
-1564051.904197,1086,4540.019327
-943775.473292,711,4569.605493
-684696.839807,518,4592.244764
-913960.470716,704,4621.544306
-1090300.422255,807,4654.678426
-1111652.678184,825,4688.376012
-1017048.791754,921,4725.539728
-1058246.594498,938,4763.456139
-997451.361057,910,4800.454408
-975818.754432,903,4837.097696
-1042588.40789,939,4875.243286
-1044505.078425,933,4912.950811
-1066937.331181,940,4950.906163
-1112379.902093,972,4990.180579
-1068835.350601,946,5028.365802
-1065007.393651,928,5065.911036
-1113673.278074,956,5104.438746
-1698668.868793,1324,5156.570379
-1502351.661913,1229,5205.06353
-1151730.792751,930,5242.453701
-1115764.056396,943,5280.320152
-909840.661554,860,5315.362192
-2425450.143416,2059,5393.973493
-1035470.442321,958,5434.522818
-1040524.539414,887,5470.425077
-2404443.475925,2133,5551.622224
-2099669.075097,2037,5629.299926
-1158090.596833,1001,5669.378728
-2002145.825413,2047,5747.485501
-1983593.732663,2034,5825.336133
-1976371.541995,2036,5903.066764
-2021663.659161,2043,5980.787298
-2034153.177267,2046,6059.141247
-2017913.937927,2063,6137.756857
-2017278.335359,2084,6217.124299
-2218208.294191,2113,6297.727818
-2213940.294896,2108,6378.038454
-1679605.908061,2025,6455.171404
-2216253.805931,2070,6534.044496
-2217216.00103,2064,6612.79133
-1721396.577925,2028,6690.359883
-2197240.296162,2060,6769.348847
-762491.816286,2021,6846.602443
-1007631.889527,2019,6926.16177
-1015961.226461,2018,7003.279566
-2168892.860346,2068,7082.201306
-921729.80346,2029,7159.892257
-2130587.877712,2102,7240.523199
-812273.822124,2045,7318.998387
-1128407.697374,2042,7397.175535
-1061181.561945,2025,7474.647187
-2301948.135105,2095,7554.828271
-12368452.757718,6447,7794.037709
-700806.710311,694,7823.18494
-783264.949397,2135,7904.843899
-877944.726053,2033,7982.273053
-1019565.81598,2088,8061.914813
-2053923.65014,2121,8142.659708
-1601240.427405,2076,8222.039218
-1599274.289132,2100,8302.80388
-1456607.306059,2052,8381.063574
-1228139.841559,2042,8458.823416
-907113.326394,2056,8536.936862
-861182.110538,2025,8614.254453
-887738.754936,2005,8691.042063
-879149.574271,2008,8768.3554
-882802.073989,2005,8844.985835
-881025.33236,2004,8921.542632
-1243322.157676,1993,8997.936091
-907363.043838,1992,9074.229147
-893380.541296,2053,9152.7309
-933700.732913,2008,9229.673894
-1012487.78378,2039,9307.715872
-979223.762776,2008,9384.623249
-866406.380189,2013,9461.513668
-876585.134757,2009,9538.022031
-874460.954354,2024,9615.335758
-863723.357624,2016,9692.511388
-857776.859581,2032,9770.248305
-760574.455559,2085,9849.552752
-873895.244661,2033,9926.883362
-778830.901045,2071,10005.908713
-862808.826014,2019,10083.879887
-778035.075542,2031,10162.59986
-1110042.056697,1031,10203.828033
-1207125.143491,1103,10247.388692
-1141347.22343,930,10285.123411
-854040.693258,2042,10362.971429
-846123.304524,2028,10440.729147
-774993.351776,2040,10519.069764
-857834.790995,2021,10596.421147
-760918.681446,2063,10675.436063
-769758.26518,2040,10753.760889
-868753.979402,2016,10831.146109
-869735.539237,2018,10908.872344
-864063.859318,2018,10987.493608
-680627.185075,2042,11065.962776
-865274.568619,2016,11143.469119
-855277.251279,2019,11221.059267
-855126.962124,2016,11299.409767
-838222.351513,2012,11376.636223
-841583.980372,2011,11454.062596
-862849.094635,2017,11531.762831
-878895.982564,2014,11609.027134
-870084.437823,2018,11686.370655
-859906.577529,2014,11763.887569
-989565.782374,2016,11841.849813
-748011.658067,2015,11919.549704
-793868.508756,2010,11997.057528
-747997.719922,2018,12074.463644
-738110.138292,2016,12151.77724
-723874.243585,2016,12229.214681
-777264.309077,2022,12306.530442
-772092.857598,2023,12384.41408
-743681.273742,2017,12462.081023
-749560.467357,2021,12539.74619
-735641.817632,2022,12617.246112
-740377.026775,2023,12695.013777
-757489.968284,2022,12772.781583
-732941.762148,2023,12850.479306
-737085.349438,2027,12928.224682
-809753.688895,2021,13006.050421
-711816.250495,2030,13084.059582
-578134.106746,2028,13161.948725
-649370.819444,2025,13239.761861
-776372.158811,2012,13317.060939
-750754.946899,2020,13394.705437
-775320.279604,2012,13472.061365
-752339.874785,2024,13549.410548
-744718.966702,2021,13626.957038
-765577.218222,2021,13704.672537
-774492.134916,2013,13782.017081
-745639.424995,2017,13859.431787
-765040.9002,2016,13937.63122
-718331.937967,2027,14015.413052
-711210.941344,2015,14092.989752
-752854.926246,2016,14170.31013
-747029.590758,2020,14248.111792
-698589.633372,2014,14325.361297
-2056382.162963,2071,14405.661682
-799034.159862,2016,14482.852426
-1027435.618962,732,14513.217473
-784826.469456,2004,14590.37471
-780061.018905,2009,14667.479243
-867309.004438,640,14694.512069
-783970.905757,599,14720.142616
-785936.550452,2017,14797.346144
-708736.508106,2026,14875.177165
-693652.911186,2025,14953.023157
-693338.734478,2023,15030.863758
-647352.997077,2023,15108.351416
-680261.516138,2023,15185.901617
-656493.307202,2022,15263.740115
-662710.851249,2022,15341.376923
-683102.8446,2019,15419.16852
-681469.183532,2019,15496.958185
-667373.521467,2024,15574.70533
-673742.33061,2021,15652.297622
-612989.183872,2021,15729.557448
-633662.526583,2021,15807.056818
-625805.483092,2024,15884.74933
-671444.981305,2023,15962.276022
-698766.110078,2026,16040.32394
-671238.860874,2026,16118.057643
-662371.035429,2027,16196.143325
-684092.037351,2029,16274.379124
-790726.363122,2021,16351.988011
-722393.531211,2027,16429.56693
-755311.331474,2032,16507.839443
-1845194.110881,2982,16620.833111
-774230.101638,2144,16703.228548
-797457.905966,2016,16780.905803
-763135.072722,2014,16858.447017
-736173.237809,2017,16935.915274
-720325.547214,2016,17013.468527
-702863.646236,2016,17090.722234
-697234.632599,2018,17168.356994
-662121.311457,2017,17245.939455
-678697.783069,2021,17323.887891
-689790.27589,2019,17401.523069
-675712.755377,2020,17479.090506
-689499.09812,2020,17556.595918
-714452.310021,2020,17634.249271
-706335.851679,2020,17711.858564
-727364.250619,2020,17789.612144
-705848.563699,2021,17867.364623
-695188.330218,2020,17944.980326
-722589.397959,2018,18022.554158
-687871.189168,2019,18099.957016
-749623.91315,2021,18177.626653
-694504.504375,2017,18255.084223
-721928.866326,2018,18332.874501
-735190.934165,2017,18410.459249
-729747.667171,2015,18487.836602
-768925.879148,2012,18565.241502
-774850.145245,2014,18642.749854
-777281.050307,2014,18720.343378
-790239.569162,2013,18797.638514
-1847444.875766,2056,18877.131053
-1884573.976436,2134,18959.008449
-735753.682991,2028,19036.751307
-729876.086733,2022,19115.340257
-737820.308514,2022,19194.772746
-715339.996846,2022,19272.913139
-888145.917287,2020,19350.532733
-759303.006863,2024,19428.364017
-754835.299769,2020,19505.738676
-756603.464672,2020,19583.078264
-744066.945249,2019,19661.976667
-765117.503317,2017,19739.485037
-750125.493187,2018,19816.797521
-756146.97867,2018,19893.982326
-811897.139328,2018,19971.32351
-876483.089426,2019,20049.338706
-837265.117759,2019,20126.681308
-786957.770475,2018,20204.242698
-784874.500388,2021,20281.831795
-736778.535962,2020,20358.931044
-742209.115389,2019,20435.999026
-727274.468519,2019,20513.504233
-720129.49067,2020,20591.254706
-730080.832668,2018,20668.432239
-586273.505935,2016,20745.157001
-604402.242744,2029,20823.282961
-616106.270527,2023,20900.650317
-572962.564597,2026,20978.422369
-593751.442524,2016,21055.846902
-705007.352973,2022,21133.327326
-795579.320674,2024,21210.644699
-810187.576064,2025,21288.589475
-3429338.311351,3073,21404.569055
-795526.493556,888,21440.592865
-536130.961671,2015,21517.93212
-611917.155318,2022,21595.762386
-653660.000935,2020,21672.952043
-573977.63253,2013,21749.854419
-630366.274621,2068,21829.104882
-581198.485532,2018,21906.042227
-2247605.590663,2140,21987.638608
-2213062.963752,2068,22067.007789
-617099.260994,2045,22145.083003
-811394.38806,2043,22223.101198
-776848.543376,2047,22301.323907
-835527.128424,2013,22377.871798
-624040.285716,2043,22456.130929
-699255.364851,2020,22533.640635
-687851.978107,2022,22610.730794
-758554.838943,2014,22687.661242
-701561.68039,2020,22764.889485
-656835.173932,2019,22842.448422
-641858.245442,2018,22919.713709
-626641.14244,2018,22996.912702
-617686.45157,2027,23074.388653
-681468.778753,2025,23151.82315
-641820.215523,2022,23228.974481
-607119.411062,2021,23306.295767
-571485.364848,2022,23383.774207
-632417.250515,2021,23461.10803
-545542.880171,2025,23538.705995
-664679.36428,2021,23615.905953
-509563.898739,2020,23692.958098
-551538.151082,2022,23771.312988
-633767.054484,2020,23848.807491
-602871.379064,2019,23926.135273
-617716.646679,2019,24002.938717
-610261.383366,2018,24080.268914
-611265.011393,2018,24157.818524
-609795.373427,2017,24235.147953
-600863.286421,2017,24312.239986
-613292.064125,2018,24389.449955
-584122.077625,2018,24466.555026
-566970.041379,2018,24543.890652
-615704.62494,2021,24621.258097
-637513.672899,2020,24698.793584
-577706.910573,2025,24776.669067
-638408.242244,2021,24854.152655
-650902.600989,2020,24931.283285
-644713.254071,2021,25008.370364
-650773.687639,2024,25085.979478
-634101.678254,2026,25163.120131
-1605728.298105,2179,25246.369032
-654243.736312,2024,25323.635497
-628472.723321,2019,25400.745135
-635711.785904,2025,25478.09855
-640147.188474,2014,25555.276636
-692781.633479,2013,25632.258915
-666083.710795,2011,25709.084649
-724451.327357,2012,25785.919129
-711071.397288,2015,25863.106364
-691314.079178,2017,25939.900089
-705791.375109,2015,26017.101319
-671844.995607,2014,26094.086596
-713625.319251,2013,26171.157245
-713821.270912,2016,26248.173987
-632509.067623,2015,26325.07842
-661648.369765,2014,26402.291081
-709339.289882,2014,26479.267043
-713053.384883,2017,26556.33905
-710067.045699,2015,26633.519159
-696430.781451,2017,26710.730393
-697120.437173,2020,26787.969946
-695778.761519,2020,26865.297234
-1401251.381353,1215,26913.241178
-977339.186454,766,26944.981214
-687448.103949,2021,27022.408667
-687441.727096,2020,27099.396493
-694303.460385,2015,27176.273033
-668051.991287,2017,27253.528737
-666815.459706,2020,27332.667163
-593805.985394,2020,27410.198397
-588762.426166,2022,27487.662136
-567087.612027,2021,27564.966908
-607549.847182,2023,27642.422632
-608767.71746,2022,27719.731826
-643474.327026,2022,27796.922486
-650921.694923,2024,27874.350371
-663543.028169,2022,27951.962705
-663987.246627,2022,28029.331702
-724702.035613,2016,28106.492841
-675262.105548,2025,28184.162248
-642682.134583,2024,28261.729225
-654028.877387,2011,28338.538493
-697394.168598,2010,28415.804531
-718859.50984,2014,28492.92335
-680737.389647,2011,28569.88951
-962708.358959,868,28605.15595
-922339.844356,864,28640.175253
-720814.679849,2009,28717.21598
-718549.075904,2011,28794.217757
-1000254.376625,935,28831.881
-703519.291566,2005,28908.577912
-723304.373744,2020,28986.006162
-720687.085947,2001,29062.701676
-673850.052324,2031,29140.480403
-661823.27928,2029,29218.183826
-688111.151259,2033,29295.762154
-675108.507991,2041,29373.508799
-697864.856008,2033,29451.204843
-632109.238042,2034,29529.012551
-651818.943997,2038,29606.82395
-521572.293042,2036,29684.671079
-592271.837186,2042,29762.459366
-593558.3203,2035,29840.555966
-657478.797616,2038,29918.208393
-578800.08997,2040,29996.120497
-662324.647442,2039,30073.957302
-676697.2949,2039,30152.451656
-682111.79433,2030,30229.997674
-710216.981176,2028,30307.540383
-750526.845118,2025,30385.294284
-698165.529985,2033,30463.01761
-787119.765618,2025,30540.179769
-744446.184602,2017,30617.590109
-1035904.940223,2069,30696.705935
-958232.154603,2019,30773.752489
-753274.989822,2017,30851.113428
-698035.301264,2023,30928.933919
-873746.618664,2045,31007.120044
-930974.902189,2021,31084.245282
-2110762.32708,2028,31161.788431
-898802.644145,815,31195.145397
-1769137.280609,1561,31255.884997
-1857422.869177,2032,31333.749427
-901888.28113,2065,31412.538562
-1613626.717557,1545,31472.327129
-1849338.318531,1800,31541.588528
-1616119.76189,1671,31606.289826
-1819645.566065,1414,31661.456347
-1607362.047929,2039,31739.363624
-1120232.847743,2052,31817.985818
-641660.883391,2030,31895.758729
-1112308.443768,2048,31973.941149
-608553.540952,2044,32051.97127
-672377.190064,2027,32129.509061
-676483.953087,2035,32207.538055
-666852.759346,2026,32285.237678
-792113.191459,2018,32362.623741
-744170.849162,2012,32439.646749
-681204.932047,2025,32517.000561
-675288.986532,2031,32594.934413
-637203.876121,2039,32672.833903
-761002.07727,2026,32750.025919
-695582.763601,2030,32827.53696
-694763.35695,2023,32905.2234
-716375.442324,2031,32983.163801
-657369.672186,2031,33061.141666
-520213.809081,2027,33139.015124
-687740.924941,2031,33216.388482
-731113.533154,2029,33293.874537
-670905.557143,2030,33371.325778
-706570.688562,2028,33448.866627
-707642.874737,2029,33526.607131
-742489.569689,2030,33604.622686
-731668.52054,2036,33682.380419
-759828.247386,2034,33759.963137
-826953.197438,2033,33837.736489
-761454.691235,2034,33915.649175
-753307.805877,2035,33993.62048
-813209.511868,2031,34072.25982
-783652.190539,2033,34149.811747
-1286842.408056,1039,34191.155563
-742939.251298,2061,34271.041379
-1169222.421353,2075,34350.431818
-756885.864081,2090,34430.319183
-821652.336256,2059,34509.120297
-1314033.820392,2029,34586.531664
-1330081.664951,2029,34663.813137
-1415565.598706,2038,34741.475626
-1895647.957319,2037,34819.388143
-2121641.970425,1504,34877.703716
-1531051.257577,1107,34921.744305
-2283505.019156,1564,34982.384808
-821434.419785,2026,35059.920424
-1076610.393345,2035,35137.818471
-1011398.118097,2110,35218.332281
-854303.206059,2053,35296.756191
-727262.086242,2026,35374.278832
-674136.669402,2042,35452.091764
-651867.205058,2030,35529.602994
-677237.023546,2025,35607.313376
-654341.897563,2026,35684.756914
-688437.616283,2026,35761.723751
-638402.974843,2025,35839.110571
-1430963.428574,2029,35916.742249
-705640.037675,2024,35994.297395
-1276984.391689,2029,36071.814457
-3364074.721276,2619,36170.790349
-677501.270539,2027,36248.396672
-706487.614346,2022,36325.537987
-693674.107305,2021,36403.120749
-3365078.676276,2650,36503.220771
-677723.029853,2021,36580.464115
-691368.096241,2023,36658.212295
-693453.188747,2021,36735.396571
-686295.859835,2022,36813.806595
-714403.861817,2020,36891.325892
-682912.885137,2021,36968.750396
-691248.205916,2021,37045.743106
-694227.804068,2023,37122.767206
-677907.548233,2023,37200.412033
-715370.856587,2026,37277.944822
-662357.709804,2019,37355.290729
-683206.840967,2021,37432.610701
-641407.339125,2020,37509.634131
-665247.751678,2021,37586.837426
-634620.754167,2023,37664.553925
-684814.219078,2023,37741.797997
-639520.4745,2025,37819.236001
-737328.155669,2028,37896.780786
-984987.041616,2044,37974.893057
-766176.558511,2026,38052.223768
-691611.04294,2025,38129.666226
-1060852.783265,2199,38213.456876
-1004084.391525,2067,38292.65767
-671914.738916,2025,38370.596378
-673300.491777,2024,38448.012527
-645520.406236,2021,38525.351032
-678865.873594,2022,38602.529076
-641049.728734,2021,38679.753855
-609960.852372,2019,38756.815897
-643896.35655,2022,38833.968486
-672362.908424,2022,38911.285619
-669861.483317,2022,38988.423687
-559171.965625,2022,39065.953074
-624739.526917,2020,39142.858481
-623619.964898,2018,39220.34137
-672202.890873,2016,39297.64255
-713370.526898,2017,39374.476001
-707418.420312,2016,39451.423601
-696476.809519,2018,39528.679546
-718240.824086,2015,39606.01682
-719030.476062,2016,39683.375799
-699320.395987,2015,39761.123513
-727829.9143,2013,39838.02307
-723523.307097,2017,39915.104263
-715425.625786,2015,39992.287079
-707161.557781,2017,40069.478313
-718127.618006,2014,40146.728838
-711111.471071,2016,40224.241713
-711252.455307,2016,40301.309592
-707300.298038,2015,40378.327409
-711472.221506,2017,40455.722142
-709395.794169,2017,40532.898981
-752312.390188,2015,40610.349386
-743317.958207,2013,40687.430017
-725653.443538,2014,40764.507358
-714759.196842,2015,40841.422826
-731118.114591,2015,40918.215878
-710487.367319,2014,40995.173673
-724863.491735,2014,41071.963044
-726818.779821,2015,41149.227173
-721142.438232,2015,41226.036775
-728747.767509,2016,41303.258014
-684811.567351,2017,41380.710103
-701096.713763,2017,41458.26616
-700567.480106,2017,41535.766418
-651488.959304,2017,41612.947073
-807172.313865,2018,41690.080104
-672123.568013,2027,41767.405819
-764095.392073,2012,41844.343558
-717365.549472,2018,41921.254943
-747355.210934,2013,41998.586889
-1361483.919314,2116,42079.536693
-865896.522001,2006,42156.277011
-864738.372686,2013,42233.154631
-847802.140954,2012,42310.260319
-823892.78406,2022,42388.05135
-1800936.668885,1371,42441.728786
-900260.507046,2019,42519.151087
-790490.676432,2018,42596.175328
-780943.495968,2017,42673.356805
-797218.58243,2018,42750.293422
-814602.620902,2017,42827.539672
-743013.858013,2018,42905.225423
-735354.970966,2022,42982.563177
-762526.477666,2023,43059.517691
-747781.681541,2025,43136.929456
-753647.01534,2025,43214.107488
-882962.011413,2010,43291.119962
-1452650.649717,1373,43344.702052
-1187424.449805,1062,43386.911637
-810043.504995,2031,43464.50631
-1002180.092796,2016,43541.582244
-833679.207725,2025,43618.887885
-859221.086276,2027,43696.558278
-824553.390714,2028,43774.571289
-1021245.248335,2037,43852.271002
-1184327.198183,2064,43931.454185
-2020796.558185,1340,43984.100207
-1122508.365529,2044,44062.495442
-2038367.287635,1374,44115.960307
-1206631.109592,2053,44194.390225
-1200069.472846,2031,44272.354503
-1145178.961895,2036,44350.438959
-1078669.384813,2060,44429.064694
-1032543.923822,2033,44506.39206
-1022654.177193,2032,44584.183502
-891615.703093,2020,44661.571505
-923123.906899,2022,44738.846852
-854898.372344,2026,44816.198774
-798031.421008,2026,44893.629618
-800568.009916,2018,44970.943587
-768151.526992,2034,45048.923117
-810147.890436,2296,45136.564273
-744795.790129,2094,45216.658766
-871697.356107,2040,45294.542424
-851197.50037,2046,45372.501287
-899261.624188,2031,45450.053509
-879591.616311,2025,45527.473464
-932349.9504,2024,45605.154296
-708578.511498,574,45629.810899
-1143573.620493,821,45663.14767
-1108844.981063,2068,45742.174916
-1031328.284256,2003,45818.574469
-919479.327001,2039,45896.453217
-863140.534144,2043,45974.781177
-6569503.554758,3925,46121.520375
-1144827.795665,2015,46198.569401
-1274288.36968,2016,46275.653396
-1238780.34248,2010,46352.434303
-1390403.089392,2001,46429.257135
-1319422.663962,2018,46506.769017
-1298610.313076,2019,46583.92275
-1223617.516551,2001,46660.135919
-1037362.499238,2024,46737.409826
-1179933.670826,2007,46814.224222
-900123.830535,2000,46890.844105
-1367979.004918,1996,46967.694481
-1415503.579382,1998,47043.832029
-1488556.479972,2001,47120.354141
-1928447.907898,1995,47196.392604
-1926947.705428,1999,47272.901855
-1932083.47376,1998,47349.430556
-1863799.341252,1998,47426.044004
-1885692.259092,2000,47502.831466
-1878327.936391,2002,47579.234611
-1873438.295378,2000,47655.671461
-1896768.965921,2000,47732.22566
-1905681.389876,2005,47809.039803
-1943134.402929,2015,47886.143723
-1870567.450137,2012,47963.088424
-1875406.76671,2095,48043.173307
-1792345.800205,2064,48122.264664
-2263673.286329,1916,48195.830038
-1816600.279476,2148,48278.265488
-3622689.013305,2295,48365.575806
-1818795.815603,2044,48443.814191
-1686743.083018,2046,48521.778562
-779811.560436,2054,48600.191792
-1863968.462241,2052,48678.540092
-2013129.755106,2072,48757.846021
-1555824.608938,2043,48836.172833
-1039919.321071,2015,48913.640348
-915817.602989,2044,48991.793117
-883062.150923,2027,49069.375565
-976896.391477,2030,49147.29344
-1072481.699305,2020,49224.833102
-1021574.32385,2014,49301.807039
-1098620.041872,2017,49378.83276
-1040894.640169,2016,49456.041162
-1122257.048721,2026,49533.363909
-790273.646954,634,49560.034211
-1136041.41673,2020,49637.535719
-1158696.502195,2023,49715.157828
-1305299.937953,2038,49793.127149
-1151664.533489,1985,49869.032655
-1170375.308646,1266,49918.827516
-1083411.186397,1119,49963.089705
-1592299.647697,1997,50039.334454
-6100476.061662,3194,50159.276889
-1007455.775804,1014,50199.903882
-1002189.780572,1005,50239.990637
-5513217.989462,4289,50399.758012
-1518718.457184,2019,50477.216369
-1129578.047399,2036,50555.296022
-1077956.718089,2046,50633.891054
-1067729.151298,2068,50712.909729
-1102299.992637,2027,50790.536429
-1143092.055481,2031,50867.975188
-1194776.065726,2034,50946.071454
-1238745.444378,2055,51024.441957
-1391833.29169,2008,51101.268299
-1503400.12015,2032,51178.95105
-1276139.244164,2003,51255.303066
-1061854.289854,2012,51332.082304
-1232487.370537,1997,51408.439261
-2002458.600311,2000,51484.762033
-1149774.261939,2005,51561.594673
-1104285.674893,2006,51638.751908
-1127571.212372,2001,51715.449348
-1233594.243472,2015,51792.487666
-1769175.89945,2021,51869.59854
-1021893.287745,2030,51947.388891
-912907.773497,2036,52025.258562
-1597833.730274,2035,52103.310234
-1664216.316346,2037,52181.186214
-1686243.061072,2034,52259.075373
-1678073.358855,2052,52337.872146
-1724083.423401,2046,52416.063388
-1706520.309854,2049,52494.718498
-1698271.558748,2049,52573.517525
-1692622.669581,2039,52651.517667
-1697777.408484,2053,52730.387571
-1605106.984503,2039,52808.465086
-1597871.139843,2057,52887.056374
-1610316.935377,2030,52964.903028
-1752548.086286,2061,53043.822976
-1923481.00573,2060,53122.328453
-1588430.842707,2069,53201.270551
-1293499.59572,2101,53281.559609
-674020.452689,2027,53358.846864
-2125230.879662,1829,53429.192822
-691056.646554,2026,53506.438596
-1196039.287485,2025,53583.564773
-1205102.140218,2039,53661.586022
-1534032.406112,2064,53740.544647
-1263747.163493,2131,53822.053904
-808693.799233,2013,53899.047032
-970553.908413,2031,53976.945423
-966748.45314,2039,54055.196981
-974314.244129,2023,54132.712344
-1034455.338838,2029,54210.475685
-992435.03797,2032,54287.93949
-1087389.514602,2035,54366.132941
-1201572.689303,2030,54445.499395
-1101934.779419,2050,54524.175095
-1436249.954073,2070,54603.199886
-1139699.367652,2024,54680.734457
-1061518.969882,2030,54758.619936
-1028910.957607,2030,54836.502202
-1373057.137311,2047,54915.209441
-965586.747815,2037,54992.838505
-1059425.010983,2040,55071.220563
-1084490.940023,2060,55149.933838
-1476603.45581,1378,55203.995579
-916140.172901,2023,55281.473369
-876880.139202,2024,55359.105066
-871409.017409,2025,55436.389732
-911302.373261,2022,55517.806259
-767768.720646,2023,55595.177325
-833196.866472,2037,55673.216359
-848446.383933,2028,55751.314015
-826300.845688,2028,55829.05211
-795580.588852,2027,55906.257546
-910434.560439,2067,55985.324643
-719426.917,2025,56062.834215
-790024.314668,2026,56140.410711
-2169578.658785,2074,56220.043953
-748682.630903,2033,56297.709328
-746252.462193,2049,56375.935519
-757219.68066,2056,56454.704808
-711748.976571,2038,56533.063501
-663129.962977,2041,56611.308876
-714971.647851,2052,56690.011534
-779091.159166,2104,56770.321409
-888690.683871,2037,56847.929928
-923033.876584,2029,56925.020833
-1151357.810734,1998,57001.542964
-2259097.345039,2054,57080.098871
-1739344.652342,2047,57158.380455
-2312294.298891,2063,57237.200031
-2635550.270575,2119,57317.899958
-1201081.761583,851,57352.531651
-2504715.751777,1578,57413.866922
-2516160.377108,1791,57482.901446
-788302.771496,2062,57561.787463
-837966.346398,2053,57640.291711
-850498.143929,2073,57719.181983
-766374.569799,2041,57797.380984
-850139.658358,2065,57876.564185
-818268.060061,2043,57954.616956
-766301.686016,2092,58034.43263
-829253.477427,2083,58114.126293
-1117273.866616,2091,58193.720137
-878277.751644,2090,58273.559761
-870701.877507,2046,58351.995098
-1039852.826024,2109,58432.768976
-820821.562763,2047,58511.117713
-847844.735717,2043,58589.53666
-927304.660341,2040,58667.254449
-808464.840003,2081,58747.102327
-762505.473209,2056,58825.675906
-790058.530426,2047,58903.770237
-1971717.287291,2076,58983.302948
-668820.682904,695,59013.390316
-694625.188174,2043,59091.29195
-692238.825002,2031,59169.081736
-664879.388486,2029,59246.657467
-1832941.37151,2044,59324.728238
-745082.74926,2032,59402.73907
-613752.046546,2028,59480.265631
-722797.768284,2029,59557.898287
-763370.720998,2031,59635.628915
-750812.229507,2029,59713.198302
-772486.496159,2040,59791.14878
-723891.000146,2036,59868.840267
-1615305.696669,2039,59947.025119
-2005660.833142,2087,60026.777856
-2773339.924687,2780,60131.734744
-1854453.555715,2149,60213.436114
-1689962.380209,2107,60293.823381
-913185.00313,2060,60372.778578
-1591819.626944,2041,60450.955111
-1986421.426008,2055,60529.556355
-1640364.291857,2039,60607.447104
-1058629.019879,2029,60685.36905
-1735821.584953,2030,60763.022809
-1998989.975541,2045,60841.353634
-1822430.105221,2049,60920.305274
-1561502.151043,2045,60998.441712
-759852.237923,2040,61076.495081
-1236799.260821,2037,61153.97971
-1545293.122997,2046,61232.024822
-18235939.727186,6447,61471.130823
-736581.889243,2032,61549.103757
-711923.336946,2038,61626.966347
-706807.870677,2038,61705.003166
-715485.788176,2037,61782.851644
-719956.922685,2037,61860.773033
-708915.809376,2041,61938.835703
-747048.370756,2040,62017.118958
-751421.353692,2034,62094.61598
-683958.915556,2037,62172.692624
-711150.878535,2031,62250.130035
-704490.307384,2032,62327.776616
-762901.378411,2026,62405.819243
-729343.962158,2027,62483.33279
-779109.694874,2028,62560.645654
-781967.436781,2028,62638.121217
-784162.910798,2027,62715.942115
-740594.165465,2035,62793.493362
-672261.932583,2031,62871.286119
-656393.109694,2043,62949.574752
-605080.502233,2050,63028.03113
-681249.906106,2045,63106.128631
-619428.672918,2043,63184.297037
-670491.368686,2046,63262.697825
-632526.25645,2052,63341.228146
-737778.761852,2057,63419.789008
-692864.111683,2054,63498.155484
-709797.825746,2050,63576.669193
-598867.693741,2053,63655.227107
-708684.082406,2052,63733.986704
-585913.324544,2052,63812.552387
-704983.450166,2053,63891.240096
-725270.228097,2041,63968.953402
-738000.60964,2050,64047.084114
-812724.634001,2044,64124.998423
-788035.851212,2039,64203.216187
-810130.21719,2051,64281.530764
-785646.738714,2046,64359.829768
-775272.944712,2043,64437.840683
-737554.651315,2043,64516.274044
-609374.593346,2040,64595.208214
-620170.9392,2058,64675.77755
-799631.659083,906,64713.32484
-638704.861494,2037,64791.790293
-611577.327866,2036,64870.022633
-614270.360547,2040,64948.206311
-501334.9537,2070,65027.542606
-676318.923449,2038,65105.436135
-660404.979643,2038,65184.232222
-577817.83038,2038,65262.22212
-649408.337975,2040,65340.1293
-597131.466775,2034,65417.747484
-623328.222821,2045,65495.835202
-660521.984988,2036,65573.63835
-648656.373383,2037,65651.763881
-642599.536214,2035,65729.611298
-600640.172001,2048,65808.064796
-586046.942511,2071,65886.841289
-578423.776281,2075,65966.262384
-565052.367122,2065,66045.096564
-644933.972035,2063,66124.223197
-580729.687405,2042,66202.59198
-1071481.800851,1071,66245.195374
-502385.677786,2040,66323.042826
-771928.188086,895,66359.14362
-712176.699463,866,66394.497283
-841787.730656,887,66432.927985
-760558.684203,887,66469.098639
-585189.578326,2051,66547.131289
-600954.682211,2046,66625.084871
-565345.248792,2055,66703.667065
-535542.83487,2059,66782.098807
-404095.741907,2053,66860.673605
-466902.636218,2052,66938.931616
-511838.085747,2044,67016.845636
-438195.727412,2043,67094.852319
-491029.08505,2040,67172.930608
-495412.531316,2041,67250.932498
-510971.49587,2037,67329.019322
-499971.979434,2051,67407.275401
-516119.476016,2050,67485.365656
-547346.904747,2041,67563.365473
-544164.875574,2035,67641.214479
-534354.122005,2046,67719.557995
-637930.479819,2036,67797.646241
-529340.056407,2047,67875.701954
-529767.960114,2041,67953.64444
-547098.50116,2039,68031.597004
-541336.065496,2039,68109.60012
-491923.867929,2047,68187.73204
-515290.931043,2046,68266.012856
-476859.459945,2039,68343.980954
-540938.700671,2044,68422.137422
-484222.122505,2041,68499.983585
-554671.180507,2046,68578.087283
-572953.036788,2046,68656.468855
-530905.643726,2044,68734.460428
-539522.494216,2046,68812.762957
-580168.731784,2047,68890.838962
-563057.649111,2045,68969.025456
-577014.499842,2049,69047.274984
-513511.901328,2050,69125.377736
-542390.790267,2096,69205.552012
-557916.430139,2047,69283.772639
-1231636.819826,1211,69331.414732
-547355.830961,2050,69409.485284
-606630.131176,2048,69487.589938
-4975073.798621,3625,69622.999699
-581300.01361,2052,69701.342962
-635313.140234,2034,69779.073177
-1078425.841298,1105,69822.830698
-473891.401557,2027,69900.253381
-597140.109318,2028,69977.466754
-639219.520678,2033,70055.345686
-625869.197786,2034,70133.432163
-674123.389818,2034,70211.335105
-660601.781666,2037,70288.904199
-647080.842898,2033,70366.41178
-643323.092069,2038,70444.599875
-655236.947566,2037,70522.280509
-645753.253192,2037,70602.49506
-664937.721591,2034,70680.176596
-631272.391394,2036,70757.511148
-628088.09625,2033,70835.212571
-581422.036817,2030,70912.797433
-531290.835798,2028,70990.356289
-652124.697624,2032,71068.055176
-681667.570833,2029,71145.610393
-692640.898222,2032,71223.78461
-651487.915949,2033,71301.522773
-581078.807911,2035,71379.687943
-544926.7213,2034,71457.516666
-384033.1925,2038,71535.584124
-429703.296806,2039,71613.757199
-452250.406842,2040,71691.451286
-478879.132088,2037,71769.165572
-409117.485647,2036,71847.190081
-449224.830568,2057,71925.657236
-423261.533144,2046,72004.024596
-398412.88042,2040,72082.325832
-360923.054816,2047,72160.285615
-458614.887229,2045,72238.326751
-422969.873625,2040,72315.87806
-392856.682024,2046,72394.100147
-425372.50077,2044,72472.338305
-419431.662154,2044,72550.403987
-428056.651628,2065,72629.115148
-483362.545757,2051,72707.53891
-13243949.200608,6448,72945.284894
-12956402.562471,6447,73182.783863
-1468026.431291,1190,73229.831562
-1885982.69448,1169,73280.73609
-1939625.167575,1199,73327.770936
-1889427.857916,1156,73373.633561
-13582046.926246,6448,73612.068916
-638451.23287,2041,73690.026408
-624611.749822,2057,73769.20603
-575296.718569,2039,73847.460153
-557758.774333,2045,73925.533098
-401525.230515,2036,74003.45867
-345519.374585,2036,74080.905221
-564650.879919,2032,74158.699503
-471725.669809,2035,74236.566058
-512431.224704,2035,74314.677904
-468418.914699,2033,74392.663139
-455593.765595,2046,74470.919216
-484840.989892,2043,74548.774037
-640611.339312,2042,74626.727011
-554081.594734,2042,74705.076676
-580771.453702,2041,74783.182652
-578692.065551,2038,74861.054962
-625329.491975,2040,74938.922261
-557626.638496,2032,75016.178133
-596743.747949,2036,75094.011893
-557282.225658,2037,75171.980577
-873012.256342,2459,75265.568579
-544689.181592,2040,75343.422625
-674224.42943,2143,75424.828139
-610274.254317,2085,75504.045831
-573311.272719,2122,75585.336979
-851483.09986,2066,75664.278823
-10280076.711263,6447,75902.841177
-1268377.264204,2054,75981.192839
-1041853.12091,2048,76059.689784
-1125052.695892,2040,76137.655251
-1431484.548391,2069,76216.657401
-1178472.377027,2054,76295.220212
-1306884.066244,2048,76373.777423
-2104491.847835,2083,76453.017056
-661762.158386,2056,76531.298818
-633727.639385,2042,76609.382256
-730844.772615,2046,76687.657187
-816520.733227,2039,76767.130071
-895645.497433,2040,76845.204495
-836356.934179,2043,76923.556719
-864278.350338,2045,77001.547014
-2060948.098403,2070,77080.351784
-2036255.903848,2096,77160.235833
-2194631.846638,2120,77241.006564
-2811109.590652,2379,77331.172511
-9985316.677669,6447,77569.093747
-1243084.09422,2029,77646.537666
-1302846.845939,2031,77724.168192
-1191664.409475,2040,77802.342273
-1281586.7377,2033,77880.001377
-1279490.023939,2036,77958.079085
-1224024.610368,2042,78036.010406
-1221496.217145,2033,78113.4237
-1081069.379978,2042,78191.102599
-1172462.464487,2040,78268.963635
-981829.394542,2056,78347.532568
-1027938.820325,2042,78425.548077
-784096.655689,968,78464.440923
-1027023.763801,2036,78542.526173
-967110.058535,2061,78621.004117
-1027026.173328,2147,78702.741931
-1089821.778627,2044,78780.728368
-585263.556374,2057,78859.503299
-1051442.488373,2048,78937.297949
-1068103.427522,2052,79015.353985
-1054074.94085,2039,79093.384255
-1077523.958205,2049,79171.670859
-986532.715762,2042,79249.80529
-1094326.105194,2047,79328.1201
-1066197.417744,2046,79406.198679
-1069017.40795,2048,79484.293893
-1046587.800742,2047,79562.346488
-1112414.016419,2047,79640.8184
-1112995.264265,2049,79719.270188
-1112941.66244,2052,79797.626481
-1010208.781366,2051,79876.031551
-898560.258509,2041,79953.877189
-1066556.465614,2040,80031.522206
-1026229.208832,2042,80109.604398
-884886.845636,2044,80187.73953
-847083.347023,2038,80265.612816
-863115.18466,2037,80343.343875
-634291.993609,2035,80420.740803
-694650.129181,2040,80498.559407
-745175.524574,2029,80576.146673
-657747.232297,2045,80654.369082
-682469.252738,2040,80732.317289
-608665.093051,2054,80810.511562
-662289.881452,2052,80888.666547
-620409.573068,2053,80966.822221
-927554.406351,2056,81045.211428
-873939.744306,2057,81123.811094
-850605.525905,2066,81202.558828
-647934.886347,2065,81281.552822
-857931.708843,2065,81360.472327
-824196.503563,2094,81440.344876
-762330.79448,2110,81521.266181
-705361.66729,2085,81601.182208
-787749.065057,2090,81681.261533
-779547.835708,2064,81760.175323
-909504.757434,2066,81838.927641
-847594.546095,2042,81916.759252
-894650.165358,2037,81994.720376
-1056627.646939,2061,82073.696058
-939520.950908,2046,82152.129033
-984214.722082,2040,82230.366846
-761062.73534,2053,82308.553768
-878238.572855,2060,82387.15477
-839033.67986,2061,82466.076946
-898674.005545,2075,82545.991216
-687254.060241,2070,82625.618261
-738872.663645,2057,82704.134053
-632589.414673,2055,82782.542966
-567368.445311,2051,82860.608284
-590148.979293,2059,82939.111902
-5281220.812214,3670,83076.693233
-693115.210525,2056,83155.302734
-681955.251264,2052,83233.693598
-544503.270763,2051,83311.932331
-547047.230134,2046,83390.411351
-436953.098468,2056,83468.651222
-764112.078058,1016,83509.345491
-478853.668696,2076,83588.625781
-542938.384494,2056,83667.134528
-478650.097769,2090,83746.911426
-1179421.378021,1153,83792.411917
-522550.241381,2081,83871.572002
-547696.595871,2140,83953.16647
-466950.487292,2082,84032.951444
-563577.668717,2070,84111.834294
-538320.624545,2079,84191.373455
-566371.200366,2081,84270.95749
-430767.825857,2063,84349.800136
-544651.575094,2082,84429.42079
-517446.292773,2047,84507.615756
-473087.326152,2054,84586.063597
-622450.048576,2066,84664.624645
-645711.731887,2076,84743.804971
-476419.452244,2066,84822.392524
-610564.197636,2047,84901.182926
-552998.909197,2061,84980.056267
-549527.752417,2058,85058.642017
-564451.089795,2060,85137.106792
-585117.773607,2042,85215.062607
-617958.926931,2045,85292.963678
-602609.196242,2049,85371.666914
-930439.296623,2041,85449.767615
-655841.315414,2054,85528.030614
-665276.334055,2044,85606.32531
-559255.764444,2046,85684.377745
-525546.209336,2057,85763.033733
-544295.450506,2052,85841.701627
-576897.560649,2086,85921.697249
-1054466.826437,1176,85968.06422
-645509.664128,2123,86048.942684
-1520534.903356,1461,86105.933188
-2312042.424886,2191,86189.378551
-647681.205796,2091,86269.396376
-618546.875199,2041,86347.725169
-595362.178212,2097,86427.743425
-642821.822313,2054,86506.181541
-675794.833449,2050,86584.264168
-694135.45193,2040,86662.064278
-680208.351875,2042,86740.198676
-675797.371365,2039,86818.658844
-649546.10642,2034,86896.201859
-597919.609587,2034,86974.143116
-634178.199711,2037,87051.966512
-542686.062863,2037,87129.890823
-574318.802822,2036,87207.642934
-548324.249563,2034,87285.512969
-546011.55453,2030,87363.135948
-795962.499373,2120,87443.969692
-540246.812029,2031,87521.844035
-561392.738534,2030,87599.684058
-554846.181841,2030,87677.05795
-551130.262484,2033,87754.631797
-543151.270077,2032,87832.316005
-532595.955823,2062,87910.851146
-533554.992271,2066,87990.021312
-538091.770849,2069,88069.262545
-538520.570886,2039,88146.862884
-544264.229931,2041,88225.077181
-547861.198654,2069,88303.984838
-552683.061819,2037,88381.793442
-551225.818307,2049,88460.392157
-549393.268911,2039,88538.544242
-549572.278315,2042,88616.640559
-553113.821366,2037,88694.48962
-552396.497228,2035,88772.109745
-557525.787465,2034,88849.608798
-500358.360386,2142,88931.357318
-598131.910947,2135,89012.704756
-548224.108984,2038,89090.520151
-514417.493883,2092,89170.203701
-558197.198829,2041,89248.133897
-1447614.120195,1501,89306.422038
-571913.689112,2034,89384.606951
-553926.907865,2048,89462.86588
-553321.491059,2040,89540.741331
-526449.341607,2041,89618.628029
-520205.847122,2041,89696.346159
-499175.811154,2041,89774.409283
-552400.970781,2040,89852.269227
-590586.972045,2040,89930.405734
-557301.686244,2043,90008.211346
-555478.238817,2041,90086.115914
-504476.007269,2044,90164.074989
-488532.760882,2043,90241.935884
-617358.139378,2043,90319.899412
-577157.513076,2053,90398.487953
-1322180.311622,1441,90454.563289
-467375.888332,2194,90537.858203
-625220.618489,2053,90616.507604
-594276.923832,2233,90701.713356
-591933.969646,2050,90780.029025
-603188.172663,2049,90858.251173
-632659.212125,2039,90936.185516
-620265.355009,2041,91014.017616
-609067.750723,2040,91091.952554
-593602.115997,2042,91169.855597
-580686.473727,2042,91247.944574
-561467.81636,2046,91325.881371
-583812.880971,2041,91403.684434
-552190.625507,2045,91481.731581
-561637.579222,2044,91559.634533
