#{"t_start": 1694543501.0523784, "env_id": null}
r,l,t
-660000.0,226,67.687393
-1288000.0,385,76.708376
-528000.0,212,83.588447
-508000.0,158,92.024009
-504000.0,157,98.880575
-504000.0,157,107.038049
-504000.0,157,113.791958
-504000.0,157,122.031343
-504000.0,157,128.9567
-504000.0,157,136.945192
-504000.0,157,143.739311
-504000.0,157,151.931772
-508000.0,158,158.848327
-508000.0,158,166.634931
-508000.0,158,173.422474
-508000.0,158,181.3132
-512000.0,159,188.353632
-508000.0,158,196.73344
-512000.0,159,203.517705
-512000.0,159,212.105144
-512000.0,159,218.983491
-512000.0,159,226.918883
-512000.0,159,233.756046
-512000.0,159,241.640479
-512000.0,159,248.368029
-512000.0,159,256.182809
-512000.0,159,262.855786
-512000.0,159,270.7287
-512000.0,159,277.424495
-512000.0,159,285.198164
-512000.0,159,292.154546
-512000.0,159,300.111739
-512000.0,159,306.837708
-512000.0,159,314.711087
-512000.0,159,321.694297
-512000.0,159,329.894577
-508000.0,158,336.795214
-504000.0,157,344.736805
-508000.0,158,351.606987
-504000.0,157,359.263269
-504000.0,157,366.029772
-504000.0,157,374.040909
-504000.0,157,380.97705
-504000.0,157,388.745031
-504000.0,157,395.596689
-504000.0,157,403.736373
-504000.0,157,410.397635
-504000.0,157,418.005241
-504000.0,157,425.158052
-504000.0,157,433.38485
-504000.0,157,440.083277
-504000.0,157,448.297557
-504000.0,157,455.208786
-504000.0,157,463.172703
-504000.0,157,470.011662
-504000.0,157,477.960812
-504000.0,157,484.74629
-504000.0,157,492.718781
-504000.0,157,499.416498
-504000.0,157,507.131214
-504000.0,157,513.974592
-504000.0,157,521.844502
-504000.0,157,528.513109
-504000.0,157,536.585509
-504000.0,157,543.483133
-504000.0,157,551.408662
-504000.0,157,558.214549
-508000.0,158,565.985457
-508000.0,158,572.684421
-512000.0,159,580.429759
-512000.0,159,587.245393
-512000.0,159,595.254372
-512000.0,159,602.094432
-512000.0,159,610.033352
-512000.0,159,617.096531
-512000.0,159,625.763321
-512000.0,159,632.549064
-512000.0,159,640.25257
-512000.0,159,647.168627
-512000.0,159,654.83589
-512000.0,159,661.708005
-512000.0,159,669.915057
-512000.0,159,676.582793
-512000.0,159,684.389544
-512000.0,159,691.206272
-512000.0,159,699.071832
-512000.0,159,705.851615
-512000.0,159,713.703649
-512000.0,159,720.536957
-512000.0,159,728.311336
-512000.0,159,735.103229
-512000.0,159,742.874761
-512000.0,159,749.82893
-512000.0,159,758.051893
-512000.0,159,764.931662
-512000.0,159,772.759047
-512000.0,159,779.579162
-512000.0,159,787.304135
-512000.0,159,794.056943
-512000.0,159,802.056842
-512000.0,159,808.877262
-508000.0,158,816.550405
-504000.0,157,823.257206
-504000.0,157,831.21126
-504000.0,157,838.181365
-504000.0,157,846.220494
-504000.0,157,853.374832
-504000.0,157,862.061144
-504000.0,157,869.285795
-504000.0,157,877.846273
-504000.0,157,884.825169
-504000.0,157,893.472742
-504000.0,157,900.698836
-504000.0,157,909.117989
-504000.0,157,915.990655
-504000.0,157,924.394375
-504000.0,157,931.324734
-504000.0,157,939.621694
-504000.0,157,946.930882
-504000.0,157,954.969766
-504000.0,157,961.639527
-504000.0,157,969.753721
-504000.0,157,976.574371
-504000.0,157,984.367141
-504000.0,157,991.377554
-504000.0,157,999.234659
-504000.0,157,1005.934447
-504000.0,157,1014.078763
-504000.0,157,1021.206518
-504000.0,157,1029.614276
-504000.0,157,1036.272913
-504000.0,157,1044.745257
-504000.0,157,1051.457605
-504000.0,157,1059.848301
-504000.0,157,1066.688032
-508000.0,158,1074.540457
-508000.0,158,1081.452279
-504000.0,157,1089.319505
-504000.0,157,1096.32018
-504000.0,157,1103.974742
-512000.0,159,1110.78271
-512000.0,159,1118.634652
-508000.0,158,1125.485059
-512000.0,159,1133.514588
-512000.0,159,1140.385696
-508000.0,158,1148.307829
-512000.0,159,1155.033415
-512000.0,159,1162.611928
-512000.0,159,1169.370483
-512000.0,159,1176.944012
-508000.0,158,1183.729792
-512000.0,159,1191.836121
-512000.0,159,1198.705156
-508000.0,158,1207.157597
-508000.0,158,1214.060096
-512000.0,159,1221.869918
-512000.0,159,1228.695883
-512000.0,159,1236.979342
-508000.0,158,1243.615566
-508000.0,158,1251.623502
-512000.0,159,1258.661397
-512000.0,159,1266.574979
-512000.0,159,1273.679258
-512000.0,159,1281.683958
-512000.0,159,1288.441185
-508000.0,158,1296.467888
-508000.0,158,1303.353426
-512000.0,159,1311.466792
-508000.0,158,1318.157246
-512000.0,159,1326.175725
-512000.0,159,1332.844317
-512000.0,159,1340.790643
-508000.0,158,1347.420995
-508000.0,158,1355.990423
-504000.0,157,1362.797735
-512000.0,159,1370.863855
-512000.0,159,1377.554641
-512000.0,159,1385.410795
-512000.0,159,1392.452113
-508000.0,158,1400.712448
-512000.0,159,1407.619525
-512000.0,159,1415.532731
-512000.0,159,1422.158793
-512000.0,159,1430.167733
-512000.0,159,1437.00408
-512000.0,159,1445.250175
-512000.0,159,1451.96619
-508000.0,158,1460.041873
-504000.0,157,1466.703839
-508000.0,158,1474.631006
-516000.0,160,1481.233369
-512000.0,159,1489.398339
-520000.0,161,1496.295119
-512000.0,159,1504.31398
-512000.0,159,1511.28753
-508000.0,158,1519.342164
-516000.0,160,1526.10593
-516000.0,160,1533.827051
-516000.0,160,1540.778827
-508000.0,158,1548.697148
-516000.0,160,1555.530366
-512000.0,159,1563.226858
-512000.0,159,1570.229257
-508000.0,158,1578.153331
-512000.0,159,1585.234883
-508000.0,158,1593.108621
-516000.0,160,1600.087089
-516000.0,160,1608.104712
-516000.0,160,1615.01654
-512000.0,159,1622.545037
-516000.0,160,1629.671496
-520000.0,161,1637.575314
-520000.0,161,1644.476411
-516000.0,160,1652.162181
-516000.0,160,1659.477813
-520000.0,161,1667.328447
-528000.0,163,1674.522881
-532000.0,164,1682.849962
-520000.0,161,1689.748953
-520000.0,161,1697.280162
-512000.0,159,1704.170349
-516000.0,160,1711.993453
-524000.0,162,1719.403103
-544000.0,167,1727.475229
-520000.0,161,1734.78524
-520000.0,161,1742.992045
-536000.0,165,1750.396052
-544000.0,175,1758.12026
-532000.0,164,1764.762984
-540000.0,166,1773.091318
-540000.0,166,1780.365613
-580000.0,176,1789.349755
-540000.0,166,1795.899653
-580000.0,183,1805.797416
-540000.0,166,1812.30478
-588000.0,178,1822.325564
-536000.0,195,1829.346394
-584000.0,177,1838.979555
-636000.0,190,1846.357858
-608000.0,183,1855.655239
-556000.0,170,1862.681544
-640000.0,191,1872.529394
-628000.0,188,1879.452097
-632000.0,189,1889.691926
-812000.0,234,1895.631343
-608000.0,183,1905.324915
-912000.0,289,1914.234248
-856000.0,276,1924.328962
-860000.0,277,1933.545885
-780000.0,226,1942.151428
-888000.0,283,1953.041155
-856000.0,276,1960.950984
-632000.0,202,1969.691882
-600000.0,212,1978.470678
-880000.0,282,1988.932108
-884000.0,283,1998.37174
-808000.0,233,2007.670823
-864000.0,278,2017.130625
-1232000.0,352,2028.676422
-912000.0,291,2036.489896
-768000.0,223,2048.955191
-984000.0,371,2056.157594
-908000.0,289,2068.762234
-952000.0,303,2075.971672
-940000.0,303,2088.22809
-868000.0,279,2095.210555
-912000.0,289,2108.04196
-888000.0,272,2114.444543
-912000.0,270,2126.50702
-860000.0,272,2133.06132
-932000.0,264,2145.669336
-900000.0,256,2151.816956
-932000.0,264,2165.095261
-932000.0,264,2171.243868
-924000.0,262,2183.750864
-940000.0,266,2190.045926
-904000.0,257,2202.384686
-936000.0,265,2208.914115
-924000.0,262,2221.323124
-912000.0,259,2227.884103
-912000.0,259,2240.463446
-916000.0,260,2247.048054
-928000.0,263,2259.221562
-936000.0,265,2265.852271
-936000.0,266,2278.764452
-912000.0,259,2285.114464
-860000.0,277,2297.587674
-860000.0,277,2303.721562
-912000.0,290,2317.075397
-876000.0,281,2323.107406
-844000.0,303,2336.564562
-952000.0,308,2342.808257
-732000.0,214,2352.82418
-744000.0,217,2359.169837
-704000.0,207,2370.20683
-668000.0,198,2376.22773
-644000.0,192,2387.414464
-696000.0,205,2393.025308
-644000.0,192,2404.687903
-664000.0,197,2410.595851
-576000.0,175,2421.550251
-584000.0,177,2427.465452
-592000.0,179,2437.098104
-604000.0,182,2443.180317
-624000.0,187,2454.20632
-660000.0,196,2460.521771
-640000.0,191,2470.969322
-592000.0,179,2476.920792
-660000.0,196,2487.613623
-724000.0,212,2494.093378
-680000.0,201,2504.468801
-692000.0,204,2511.082263
-840000.0,241,2522.07348
-784000.0,227,2528.131335
-1388000.0,378,2544.283579
-1376000.0,375,2550.287589
-1172000.0,324,2565.44189
-1272000.0,349,2571.436173
-1260000.0,346,2586.51429
-2320000.0,611,2599.310655
-2212000.0,642,2616.33618
-1444000.0,517,2625.911638
-1184000.0,392,2638.701957
-792000.0,291,2645.143132
-708000.0,258,2658.560955
-876000.0,373,2666.823432
-772000.0,342,2679.857152
-1140000.0,391,2689.298092
-876000.0,375,2702.104117
-912000.0,344,2711.259587
-884000.0,345,2723.912652
-920000.0,354,2732.876913
-756000.0,337,2745.010781
-788000.0,344,2754.385028
-548000.0,231,2763.103441
-880000.0,324,2775.263687
-932000.0,357,2785.113811
-748000.0,339,2795.218461
-624000.0,250,2802.622194
-640000.0,234,2815.048839
-820000.0,329,2821.952015
-592000.0,238,2833.296457
-972000.0,366,2843.124237
-884000.0,340,2853.846509
-1140000.0,361,2865.87635
-1040000.0,360,2876.749543
-996000.0,366,2888.213059
-1044000.0,356,2898.349957
-1028000.0,362,2909.366707
-992000.0,359,2919.654745
-1068000.0,369,2931.737784
-1000000.0,370,2941.711085
-1084000.0,369,2953.473257
-792000.0,348,2962.398702
-1088000.0,369,2975.132637
-1032000.0,379,2983.840924
-1332000.0,488,2999.183672
-988000.0,366,3005.673169
-780000.0,258,3018.762475
-896000.0,353,3026.48407
-736000.0,247,3037.076876
-880000.0,337,3047.326829
-1056000.0,362,3058.833637
-740000.0,248,3065.586741
-636000.0,252,3078.708057
-1028000.0,351,3086.031281
-968000.0,365,3100.384413
-820000.0,330,3106.576641
-932000.0,348,3121.932698
-892000.0,342,3127.878846
-708000.0,322,3142.480287
-1076000.0,363,3149.200682
-652000.0,319,3162.185356
-1204000.0,372,3170.777181
-780000.0,258,3180.567447
-816000.0,330,3190.574143
-1156000.0,476,3205.015476
-992000.0,379,3212.77822
-660000.0,319,3225.197067
-1212000.0,441,3236.172152
-1108000.0,412,3248.515873
-1368000.0,466,3261.436538
-1296000.0,483,3274.4818
-2040000.0,631,3290.828112
-1184000.0,454,3298.748832
-1744000.0,558,3319.3577
-2056000.0,612,3341.939241
-4636000.0,1253,3351.897361
-1956000.0,587,3370.310611
-2140000.0,634,3381.532357
-1224000.0,381,3398.530894
-2320000.0,676,3406.239488
-2196000.0,623,3430.11842
-2424000.0,727,3436.058412
-3456000.0,958,3470.116011
-4616000.0,1221,3482.883345
-1352000.0,400,3492.430546
-1284000.0,383,3508.427702
-2332000.0,645,3516.863202
-1264000.0,378,3530.643177
-1544000.0,448,3542.42823
-1484000.0,433,3554.938338
-1256000.0,375,3564.391519
-1340000.0,396,3577.549867
-1424000.0,417,3587.979438
-1624000.0,467,3603.092177
-1532000.0,445,3611.410876
-1192000.0,359,3623.4466
-1192000.0,359,3633.163534
-1240000.0,371,3645.209468
-1256000.0,376,3654.871999
-1264000.0,377,3667.725545
-1248000.0,374,3677.632029
-1220000.0,367,3690.1245
-1032000.0,320,3698.368284
-1108000.0,348,3711.591123
-1144000.0,348,3719.553508
-1052000.0,325,3731.96669
-1156000.0,363,3741.026045
-1492000.0,466,3757.04896
-1432000.0,451,3766.072423
-1424000.0,449,3781.953171
-1700000.0,518,3792.4041
-1340000.0,428,3805.711323
-1756000.0,531,3819.40634
-1744000.0,591,3834.09649
-1260000.0,408,3842.4943
-1552000.0,512,3863.112641
-1788000.0,664,3870.237884
-1508000.0,422,3887.492691
-1504000.0,419,3894.4557
-1532000.0,421,3910.247681
-1684000.0,452,3918.552064
-1636000.0,440,3934.06087
-1528000.0,413,3941.496109
-1396000.0,380,3956.563981
-1508000.0,408,3964.769675
-1476000.0,400,3979.466107
-1376000.0,375,3987.041968
-1508000.0,408,4003.322206
-1612000.0,465,4012.322402
-1440000.0,391,4024.48123
-1652000.0,509,4036.402929
-1660000.0,446,4048.054033
-1492000.0,404,4057.98901
-1296000.0,355,4068.601022
-1632000.0,439,4082.44176
-1624000.0,592,4097.020299
-1516000.0,410,4105.500765
-1484000.0,402,4119.36638
-1636000.0,440,4129.339134
-1436000.0,430,4143.586887
-1304000.0,357,4151.241662
-2120000.0,592,4174.083375
-2612000.0,867,4185.746288
-2760000.0,902,4211.790782
-2964000.0,1023,4227.48311
-2524000.0,749,4245.14029
-2652000.0,743,4260.037262
-2640000.0,733,4277.328277
-2420000.0,661,4290.672006
-2692000.0,734,4310.194167
-2668000.0,739,4322.964411
-2504000.0,743,4343.044557
-2516000.0,743,4355.541706
-2784000.0,732,4374.031956
-2740000.0,733,4387.751572
-2700000.0,718,4406.747902
-2604000.0,699,4419.526118
-3140000.0,894,4444.172248
-3108000.0,892,4457.745816
-3084000.0,931,4482.292235
-2872000.0,895,4493.484403
-3368000.0,992,4522.956856
-3008000.0,911,4532.390075
-2512000.0,678,4557.737299
-3372000.0,921,4567.198459
-2588000.0,721,4594.229087
-2776000.0,875,4601.021578
-2520000.0,692,4625.794738
-2384000.0,658,4631.306548
-2140000.0,596,4654.560483
-2592000.0,710,4663.494168
-1892000.0,535,4681.362674
-2108000.0,589,4691.946257
-2264000.0,706,4712.994557
-2292000.0,635,4721.614143
-1764000.0,491,4741.033949
-2080000.0,675,4749.320716
-1992000.0,558,4770.747339
-2792000.0,875,4783.216183
-2252000.0,620,4799.397248
-2468000.0,902,4820.360703
-2180000.0,638,4829.530428
-1904000.0,538,4845.81263
-1712000.0,488,4853.693049
-1828000.0,518,4871.124679
-1700000.0,487,4878.353193
-1792000.0,510,4896.905122
-1900000.0,539,4905.104619
-1772000.0,508,4923.333452
-1624000.0,468,4930.269218
-1988000.0,653,4955.287672
-2176000.0,737,4961.984362
-2176000.0,663,4985.315047
-1940000.0,732,4994.604357
-2108000.0,670,5015.99931
-1688000.0,575,5022.41046
-1720000.0,582,5043.942487
-1860000.0,618,5050.003007
-1976000.0,647,5074.430232
-2204000.0,667,5080.349375
-2004000.0,628,5104.845357
-1988000.0,622,5110.393536
-1884000.0,533,5130.145702
-2240000.0,622,5138.780081
-2204000.0,613,5158.282119
-2124000.0,687,5168.837797
-2388000.0,694,5188.732397
-2040000.0,666,5198.435347
-2376000.0,692,5220.499939
-2892000.0,1010,5240.056782
-2368000.0,689,5252.328331
-2288000.0,802,5273.507992
-2720000.0,909,5288.983297
-2060000.0,697,5304.352797
-2176000.0,677,5319.581486
-2452000.0,892,5342.327786
-2184000.0,632,5349.963409
-2296000.0,666,5373.587159
-2280000.0,682,5381.799533
-2364000.0,698,5405.408057
-2356000.0,705,5413.811324
-748000.0,262,5423.616553
-616000.0,263,5431.485412
-1852000.0,629,5455.470639
-2400000.0,815,5463.932939
-756000.0,262,5474.039306
-796000.0,261,5482.668996
-848000.0,266,5492.856234
-808000.0,264,5500.692301
-760000.0,260,5511.123149
-816000.0,265,5519.9984
-816000.0,266,5530.468466
-808000.0,264,5538.294437
-692000.0,257,5548.833694
-808000.0,264,5556.62669
-776000.0,261,5567.23519
-816000.0,266,5576.209677
-796000.0,261,5585.172523
-752000.0,260,5593.350941
-796000.0,261,5603.716359
-652000.0,256,5612.288502
-792000.0,260,5622.05092
-792000.0,260,5629.873638
-800000.0,262,5640.339858
-796000.0,261,5649.003334
-800000.0,262,5659.65685
-792000.0,260,5668.148561
-800000.0,262,5678.26206
-696000.0,262,5686.795799
-664000.0,256,5697.261306
-720000.0,259,5705.344913
-808000.0,264,5715.715137
-800000.0,262,5723.655375
-824000.0,268,5733.745039
-804000.0,263,5742.078702
-804000.0,263,5752.473311
-812000.0,265,5761.029632
-808000.0,264,5771.118304
-740000.0,258,5779.810241
-804000.0,263,5790.98693
-692000.0,259,5799.834185
-804000.0,263,5810.600486
-804000.0,263,5818.8565
-792000.0,260,5828.933658
-800000.0,262,5837.118572
-812000.0,265,5848.196831
-808000.0,264,5856.889919
-700000.0,258,5867.695963
-808000.0,264,5876.26424
-804000.0,263,5886.760297
-800000.0,262,5895.126766
-792000.0,260,5905.477537
-672000.0,256,5914.130893
-804000.0,263,5924.862548
-620000.0,255,5932.994728
-800000.0,262,5944.098993
-632000.0,251,5952.165484
-640000.0,253,5963.114774
-796000.0,261,5971.537282
-656000.0,257,5982.742121
-672000.0,258,5990.728521
-796000.0,261,6001.3667
-796000.0,261,6009.651685
-592000.0,254,6020.812887
-632000.0,251,6028.984927
-580000.0,249,6040.068239
-568000.0,249,6048.31249
-640000.0,253,6058.709819
-588000.0,253,6066.834269
-716000.0,259,6076.37847
-604000.0,251,6084.141501
-552000.0,250,6095.6434
-576000.0,249,6103.57558
-656000.0,256,6114.18586
-636000.0,252,6121.886873
-584000.0,250,6133.102373
-620000.0,248,6140.902206
-628000.0,250,6151.80092
-620000.0,247,6159.337496
-600000.0,250,6170.319284
-576000.0,244,6177.76338
-584000.0,248,6188.534196
-588000.0,247,6195.998265
-624000.0,244,6206.729385
-640000.0,252,6214.308119
-624000.0,245,6225.975578
-704000.0,254,6234.05006
-628000.0,245,6244.631345
-676000.0,244,6252.546347
-676000.0,248,6262.814388
-684000.0,249,6270.049237
-676000.0,258,6281.116913
-672000.0,252,6288.816358
-692000.0,248,6299.533721
-620000.0,248,6307.165166
-696000.0,248,6317.200014
-800000.0,339,6327.474855
-672000.0,247,6335.96969
-644000.0,245,6346.287192
-640000.0,248,6353.999438
-744000.0,335,6366.528796
-752000.0,335,6374.878025
-640000.0,253,6384.17415
-628000.0,246,6392.522947
-664000.0,245,6402.482524
-660000.0,248,6410.873331
-880000.0,344,6423.875362
-728000.0,334,6431.98377
-660000.0,257,6442.864499
-656000.0,245,6450.685336
-680000.0,325,6464.567509
-936000.0,345,6472.950949
-720000.0,335,6486.033885
-676000.0,324,6493.948826
-632000.0,250,6505.831902
-836000.0,338,6511.898258
-668000.0,321,6526.58725
-708000.0,331,6533.008349
-732000.0,332,6547.36983
-776000.0,318,6553.241535
-688000.0,328,6567.840239
-668000.0,321,6573.451318
-700000.0,321,6587.5881
-676000.0,323,6593.252791
-748000.0,320,6607.481045
-720000.0,323,6613.353472
-840000.0,333,6628.515226
-856000.0,400,6636.597181
-1228000.0,496,6653.56874
-1232000.0,494,6661.58904
-816000.0,329,6674.253509
-880000.0,405,6684.4019
-1744000.0,688,6704.952687
-1440000.0,576,6711.846397
-1796000.0,694,6735.980955
-1700000.0,731,6743.85205
-988000.0,406,6760.531042
-1216000.0,493,6766.69456
-1832000.0,702,6792.990589
-1656000.0,688,6798.540512
-1480000.0,617,6820.346907
-1368000.0,620,6826.074171
-1320000.0,629,6849.613973
-1324000.0,635,6855.239939
-1320000.0,632,6878.204354
-1432000.0,634,6878.204354
-1260000.0,624,6902.967137
-1512000.0,626,6908.573554
-1360000.0,620,6932.628222
-1488000.0,620,6938.303485
-1384000.0,620,6963.378433
-1480000.0,720,6972.264711
-844000.0,632,6993.703298
-1056000.0,622,7001.928252
-1180000.0,626,7023.762756
-1108000.0,629,7032.002586
-1212000.0,620,7053.168572
-1364000.0,621,7061.567017
-1364000.0,624,7083.518336
-1308000.0,629,7092.034767
-1160000.0,620,7112.794636
-912000.0,623,7121.810148
-1036000.0,632,7142.919886
-992000.0,626,7151.58972
-1440000.0,634,7173.773708
-1256000.0,622,7182.167373
-1040000.0,626,7204.723508
-1352000.0,624,7212.959694
-972000.0,625,7235.011003
-1032000.0,625,7243.187394
-840000.0,620,7264.907697
-1180000.0,620,7273.420593
-1388000.0,623,7294.509483
-1164000.0,621,7302.54251
-1344000.0,626,7323.863732
-1420000.0,629,7332.079249
-1264000.0,621,7353.103977
-1376000.0,626,7361.581378
-1348000.0,623,7383.18339
-1220000.0,622,7391.418264
-1336000.0,625,7412.790279
-1284000.0,627,7421.168785
-1208000.0,625,7442.999385
-1272000.0,624,7451.354683
-1200000.0,623,7472.782511
-892000.0,621,7481.001752
-1136000.0,623,7501.964551
-1112000.0,624,7510.452651
-1140000.0,626,7532.067751
-1320000.0,630,7540.693682
-988000.0,623,7562.453499
-1028000.0,622,7570.82671
-1056000.0,698,7595.588739
-1444000.0,709,7604.339518
-912000.0,641,7630.033125
-1632000.0,866,7638.760197
-1100000.0,708,7663.06141
-1136000.0,712,7672.460396
-1052000.0,642,7693.67285
-888000.0,685,7703.772866
-892000.0,687,7724.343567
-1044000.0,696,7734.046262
-832000.0,641,7753.026779
-1112000.0,713,7767.078034
-1124000.0,717,7786.656795
-876000.0,685,7799.321938
-872000.0,685,7819.547044
-852000.0,630,7830.438504
-812000.0,638,7850.171509
-820000.0,640,7860.985428
-800000.0,635,7880.686533
-1148000.0,722,7893.417357
-764000.0,625,7909.834693
-776000.0,629,7922.720023
-776000.0,627,7939.048876
-1128000.0,717,7955.120765
-788000.0,632,7968.600808
-1180000.0,728,7988.535341
-784000.0,630,8000.249866
-760000.0,623,8019.129627
-764000.0,626,8030.438343
-756000.0,623,8047.827793
-832000.0,642,8058.842134
-784000.0,630,8075.602935
-772000.0,627,8087.562263
-1120000.0,714,8107.18924
-796000.0,633,8115.575536
-1124000.0,715,8139.756714
-792000.0,632,8146.724918
-772000.0,628,8169.894499
-756000.0,623,8176.711063
-764000.0,626,8202.514379
-868000.0,681,8208.778948
-780000.0,629,8231.957505
-1156000.0,721,8239.865167
-1132000.0,716,8263.496318
-760000.0,625,8269.684307
-880000.0,682,8296.690015
-1212000.0,735,8303.342569
-764000.0,624,8326.910566
-1676000.0,852,8339.441064
-888000.0,684,8356.950246
-760000.0,623,8368.393564
-1116000.0,711,8388.273418
-768000.0,625,8396.237597
-776000.0,627,8416.341725
-1168000.0,724,8428.702309
-872000.0,683,8449.494004
-1136000.0,718,8461.877794
-1160000.0,726,8480.737778
-1640000.0,842,8497.11804
-1668000.0,851,8517.387111
-776000.0,626,8526.870065
-1052000.0,697,8549.231239
-1192000.0,730,8560.239022
-1228000.0,741,8581.972625
-1232000.0,742,8592.464031
-1700000.0,857,8618.858757
-1184000.0,732,8626.120464
-1612000.0,835,8656.061731
-1672000.0,852,8663.700377
-1360000.0,773,8691.050235
-1660000.0,849,8699.883164
-1636000.0,845,8725.294416
-1780000.0,877,8735.945882
-1696000.0,860,8761.886848
-1584000.0,832,8771.960278
-1644000.0,846,8798.541306
-1756000.0,874,8808.284433
-1596000.0,835,8833.883865
-1580000.0,829,8844.489075
-1732000.0,867,8871.342889
-1880000.0,904,8883.230214
-1684000.0,853,8908.160505
-1796000.0,881,8921.030638
-1772000.0,876,8945.439465
-1680000.0,854,8956.61265
-1796000.0,881,8981.111919
-1800000.0,886,8992.665877
-1712000.0,891,9017.349685
-1644000.0,880,9028.726043
-1816000.0,888,9054.644209
-1672000.0,882,9065.856903
-1756000.0,904,9091.530249
-1780000.0,881,9103.117055
-1624000.0,881,9129.919653
-1692000.0,858,9139.878113
-1828000.0,894,9167.046398
-1248000.0,808,9174.776961
-1756000.0,871,9204.343946
-1812000.0,887,9212.233019
-1884000.0,903,9243.412601
-1876000.0,904,9251.465782
-1780000.0,880,9281.590248
-1744000.0,872,9289.528373
-1276000.0,751,9314.959291
-1852000.0,898,9327.827893
-1424000.0,790,9350.850682
-1328000.0,767,9362.122873
-1288000.0,756,9383.839988
-1168000.0,728,9394.312572
-1436000.0,793,9417.081537
-1672000.0,852,9428.865963
-1632000.0,840,9452.431897
-1180000.0,727,9461.332863
-1212000.0,735,9484.242349
-1260000.0,749,9493.311742
-1208000.0,735,9516.132186
-1228000.0,742,9525.768143
-1196000.0,734,9549.589639
-1208000.0,734,9559.787452
-1212000.0,736,9582.398997
-1204000.0,736,9591.736879
-1204000.0,735,9615.385938
-1176000.0,730,9624.985894
-1192000.0,731,9648.938684
-1176000.0,730,9658.058952
-1168000.0,726,9681.160793
-1160000.0,726,9690.417251
-1184000.0,728,9714.200696
-1200000.0,735,9723.081755
-1156000.0,724,9744.720105
-1180000.0,731,9754.524539
-1076000.0,705,9777.170899
-1176000.0,729,9788.259158
-1156000.0,724,9810.141489
-1192000.0,732,9820.853462
-1180000.0,730,9843.296563
-1164000.0,726,9853.640381
-1168000.0,725,9874.622424
-1088000.0,708,9885.080757
-1112000.0,710,9907.250023
-1100000.0,710,9917.550863
-1120000.0,714,9939.171876
-1156000.0,725,9948.957715
-1116000.0,714,9970.915773
-1052000.0,697,9979.694457
-1044000.0,696,10001.404364
-1112000.0,713,10012.600148
-1136000.0,719,10035.450051
-1052000.0,698,10044.301448
-928000.0,691,10065.183867
-1044000.0,696,10074.9691
-1068000.0,701,10096.528915
-980000.0,693,10106.25198
-1044000.0,697,10129.217122
-1036000.0,695,10139.140927
-1044000.0,696,10160.531863
-944000.0,692,10169.069009
-948000.0,693,10190.759916
-1008000.0,694,10200.404123
-1040000.0,695,10221.753967
-1068000.0,703,10231.501735
-1048000.0,700,10253.257312
-908000.0,691,10263.290868
-996000.0,693,10285.423948
-1040000.0,697,10294.835799
-1032000.0,697,10316.850345
-964000.0,694,10326.261986
-1044000.0,698,10347.749807
-1032000.0,694,10356.35231
-1040000.0,699,10378.863019
-1028000.0,696,10388.447627
-1044000.0,697,10410.595416
-1032000.0,696,10420.168553
-1036000.0,694,10442.706514
-932000.0,692,10452.075214
-924000.0,692,10473.827439
-984000.0,694,10483.720993
-956000.0,692,10505.78583
-956000.0,694,10515.080705
-1036000.0,696,10537.30645
-1020000.0,694,10546.850914
-992000.0,694,10568.813352
-1040000.0,696,10578.235462
-1048000.0,697,10600.973289
-924000.0,692,10610.148551
-932000.0,692,10631.693764
-1032000.0,694,10641.074344
-1040000.0,698,10662.969048
-932000.0,693,10671.96718
-1056000.0,701,10695.631741
-1004000.0,694,10705.076833
-1052000.0,698,10727.952275
-1036000.0,694,10736.899225
-1044000.0,696,10760.064143
-948000.0,692,10767.838343
-1012000.0,695,10790.371442
-1044000.0,697,10799.246659
-940000.0,693,10821.64096
-940000.0,693,10830.053831
-1036000.0,696,10852.103716
-1032000.0,694,10860.817174
-1028000.0,695,10882.30756
-1036000.0,694,10890.880329
-892000.0,693,10914.319526
-912000.0,693,10923.343269
-952000.0,694,10946.217155
-880000.0,690,10955.147648
-948000.0,693,10978.004608
-1020000.0,696,10986.574164
-896000.0,691,11007.621163
-804000.0,691,11016.77263
-888000.0,691,11039.581936
-1016000.0,695,11048.336552
-940000.0,694,11070.805839
-824000.0,692,11079.617967
-964000.0,694,11102.044007
-940000.0,694,11111.059575
-1024000.0,695,11134.041183
-856000.0,694,11143.098256
-884000.0,694,11166.320171
-812000.0,691,11174.761457
-844000.0,693,11198.582202
-912000.0,692,11207.160737
-796000.0,692,11229.766898
-792000.0,690,11238.617745
-840000.0,693,11261.159267
-832000.0,693,11268.864156
-848000.0,693,11292.405451
-828000.0,693,11301.152209
-804000.0,692,11323.864936
-880000.0,695,11332.22186
-788000.0,692,11354.070895
-808000.0,692,11363.124051
-760000.0,688,11385.031857
-776000.0,690,11393.875404
-784000.0,689,11417.389824
-772000.0,689,11426.359913
-796000.0,691,11448.80626
-784000.0,691,11457.560561
-780000.0,691,11480.182959
-812000.0,693,11488.800337
-800000.0,690,11511.139457
-784000.0,690,11519.172376
-768000.0,687,11541.029508
-776000.0,689,11549.875365
-764000.0,688,11572.339655
-764000.0,688,11581.459336
-760000.0,687,11603.887403
-748000.0,684,11611.817374
-752000.0,684,11634.404082
-752000.0,684,11642.946157
-752000.0,685,11666.09123
-800000.0,681,11674.827856
-736000.0,682,11698.304504
-744000.0,683,11706.825736
-764000.0,687,11728.388373
-756000.0,687,11736.18229
-832000.0,674,11758.862926
-836000.0,674,11766.759324
-776000.0,690,11787.978436
-816000.0,670,11796.20635
-828000.0,673,11818.795442
-816000.0,669,11826.948649
-812000.0,669,11849.456108
-840000.0,675,11857.483231
-796000.0,665,11879.261595
-788000.0,664,11887.336635
-792000.0,663,11910.784977
-776000.0,660,11918.859973
-792000.0,664,11941.454428
-788000.0,664,11948.790322
-788000.0,664,11971.571126
-808000.0,668,11979.916479
-784000.0,663,12001.446584
-792000.0,665,12009.994648
-772000.0,659,12032.073627
-772000.0,660,12040.4284
-772000.0,660,12062.002839
-776000.0,661,12070.076977
-776000.0,660,12091.830488
-772000.0,658,12100.207673
-772000.0,658,12122.341015
-780000.0,661,12130.529562
-772000.0,660,12153.522585
-776000.0,661,12161.963511
-764000.0,658,12183.9655
-768000.0,658,12192.273478
-780000.0,662,12216.114566
-768000.0,657,12224.501313
-768000.0,660,12247.621586
-788000.0,663,12255.925206
-772000.0,658,12278.100753
-764000.0,658,12286.699548
-784000.0,662,12308.659937
-776000.0,660,12317.076438
-768000.0,657,12338.668325
-772000.0,659,12347.065138
-760000.0,657,12369.798588
-772000.0,659,12378.156608
-768000.0,657,12400.917043
-784000.0,663,12408.727954
-768000.0,659,12430.970304
-776000.0,661,12439.799627
-764000.0,657,12461.352787
-768000.0,658,12469.011505
-772000.0,658,12490.633445
-768000.0,659,12498.512954
-772000.0,660,12520.922181
-780000.0,661,12529.456264
-768000.0,657,12550.71992
-784000.0,662,12559.398589
-768000.0,659,12580.910147
-772000.0,659,12590.067622
-780000.0,662,12611.76293
-784000.0,662,12620.31338
-788000.0,664,12642.744268
-780000.0,662,12651.775549
-780000.0,662,12673.501646
-792000.0,664,12682.817776
-776000.0,660,12704.90498
-772000.0,659,12713.797527
-772000.0,660,12735.844069
-780000.0,662,12745.012066
-788000.0,662,12766.255258
-768000.0,658,12774.995722
-780000.0,662,12796.939103
-780000.0,661,12805.716155
-780000.0,661,12827.128386
-768000.0,657,12835.9331
-772000.0,659,12857.33229
-784000.0,661,12866.267321
-792000.0,664,12888.554377
-772000.0,659,12897.307505
-788000.0,663,12919.761215
-772000.0,660,12928.242425
-784000.0,663,12950.702038
-784000.0,662,12959.114308
-776000.0,660,12982.013065
-776000.0,660,12990.344929
-780000.0,661,13012.647856
-788000.0,663,13021.333838
-772000.0,659,13044.45061
-772000.0,659,13052.246151
-780000.0,660,13075.218168
-772000.0,660,13083.896436
-788000.0,663,13106.81965
-776000.0,661,13115.383075
-780000.0,662,13139.353506
-792000.0,665,13147.835256
-772000.0,660,13169.830003
-776000.0,661,13178.420272
-772000.0,659,13200.106131
-768000.0,658,13208.462466
-776000.0,660,13231.021051
-788000.0,663,13240.029268
-772000.0,660,13261.477386
-784000.0,662,13270.102556
-780000.0,663,13292.089475
-780000.0,663,13300.674253
-760000.0,656,13322.497327
-764000.0,659,13330.971969
-760000.0,657,13352.417838
-780000.0,660,13361.497013
-756000.0,656,13383.77614
-776000.0,659,13392.74905
-776000.0,660,13412.916148
-760000.0,656,13421.835263
-764000.0,657,13443.91662
-768000.0,658,13452.202218
-760000.0,657,13473.653715
-760000.0,657,13482.370972
-768000.0,658,13503.579358
-768000.0,659,13512.444313
-752000.0,654,13534.27339
-784000.0,660,13543.313133
-756000.0,656,13563.835018
-760000.0,656,13572.591393
-760000.0,655,13592.180067
-772000.0,658,13601.677498
-760000.0,656,13621.426388
-756000.0,655,13630.205863
-768000.0,656,13652.072903
-772000.0,659,13661.345564
-752000.0,654,13683.05421
-772000.0,657,13691.142848
-768000.0,656,13712.730705
-768000.0,656,13721.59614
-744000.0,652,13742.595925
-756000.0,653,13752.243635
-756000.0,655,13773.70299
-752000.0,655,13782.163014
-764000.0,657,13802.882411
-776000.0,659,13812.597312
-748000.0,654,13833.481515
-764000.0,655,13843.399249
-756000.0,655,13863.822417
-756000.0,656,13873.034785
-768000.0,655,13893.765032
-760000.0,655,13903.335882
-760000.0,656,13923.121662
-748000.0,654,13932.514487
-768000.0,658,13953.881034
-752000.0,653,13962.564342
-748000.0,653,13982.868879
-748000.0,653,13992.079979
-760000.0,656,14013.269981
-752000.0,655,14022.748914
-760000.0,654,14044.145819
-764000.0,657,14053.336915
-756000.0,655,14073.976823
-756000.0,654,14083.084054
-744000.0,654,14103.635857
-756000.0,655,14112.965646
-768000.0,657,14134.839881
-764000.0,656,14144.237564
-764000.0,655,14165.496075
-752000.0,654,14174.358812
-756000.0,653,14193.675191
-772000.0,657,14202.845128
-768000.0,657,14224.343486
-764000.0,656,14233.842878
-764000.0,656,14255.094194
-768000.0,656,14264.50717
-764000.0,658,14285.010087
-752000.0,655,14294.134509
-760000.0,657,14316.122559
-764000.0,656,14325.350879
-748000.0,653,14345.922915
-748000.0,654,14355.231841
-756000.0,653,14377.24141
-760000.0,655,14386.287677
-768000.0,652,14405.616922
-748000.0,652,14414.837135
-760000.0,653,14436.372102
-764000.0,654,14446.006359
-756000.0,656,14465.542481
-756000.0,653,14474.830946
-756000.0,654,14495.851921
-768000.0,657,14505.265259
-768000.0,657,14526.608755
-764000.0,654,14535.622929
-756000.0,653,14556.150978
-768000.0,650,14565.230753
-748000.0,653,14586.730932
-756000.0,654,14595.781267
-756000.0,654,14616.968634
-752000.0,654,14626.060761
-764000.0,656,14647.945683
-756000.0,654,14657.490507
-756000.0,654,14678.83175
-752000.0,652,14687.830266
-768000.0,656,14708.730406
-760000.0,655,14717.677223
-748000.0,652,14739.990122
-780000.0,648,14747.627049
-756000.0,654,14769.141312
-748000.0,652,14778.183959
-756000.0,654,14799.564049
-760000.0,655,14808.152999
-756000.0,654,14830.07118
-748000.0,650,14838.695755
-748000.0,652,14860.415022
-748000.0,653,14869.389024
-744000.0,653,14889.768278
-748000.0,653,14898.10538
-760000.0,655,14919.232651
-732000.0,649,14927.241833
-828000.0,649,14949.33734
-760000.0,655,14958.245012
-752000.0,653,14979.695174
-752000.0,654,14988.980975
-744000.0,652,15011.04876
-756000.0,654,15019.700963
-752000.0,653,15041.462859
-752000.0,654,15050.131324
-756000.0,654,15072.099586
-748000.0,652,15081.159989
-756000.0,654,15104.705417
-752000.0,652,15113.720862
-748000.0,653,15135.525302
-760000.0,654,15143.979942
-788000.0,647,15165.105117
-756000.0,654,15173.962677
-748000.0,652,15196.032471
-752000.0,652,15205.021801
-788000.0,651,15225.739565
-784000.0,650,15234.469493
-800000.0,650,15255.063595
-744000.0,651,15264.382998
-800000.0,649,15284.222019
-740000.0,651,15293.257927
-744000.0,651,15315.363081
-748000.0,653,15324.862032
-748000.0,652,15348.255537
-752000.0,653,15357.133408
-740000.0,651,15378.774518
-788000.0,649,15388.166646
-804000.0,647,15408.624114
-756000.0,652,15417.78939
-748000.0,653,15438.747542
-792000.0,648,15447.741349
-752000.0,653,15467.970038
-764000.0,651,15476.900391
-760000.0,653,15498.053041
-740000.0,651,15506.235844
-800000.0,649,15527.859725
-792000.0,650,15536.836688
-748000.0,652,15558.120552
-832000.0,646,15567.256506
-800000.0,649,15590.6514
-744000.0,651,15599.354118
-820000.0,646,15620.250259
-748000.0,653,15629.121591
-800000.0,648,15650.488164
-832000.0,644,15659.104463
-792000.0,649,15680.24353
-748000.0,652,15689.353553
-820000.0,648,15709.155582
-744000.0,652,15717.927255
-752000.0,654,15739.624082
-748000.0,651,15748.293415
-756000.0,654,15769.042739
-804000.0,649,15778.149298
-748000.0,652,15799.063495
-816000.0,647,15808.122553
-820000.0,648,15829.101906
-796000.0,648,15838.207325
-804000.0,650,15860.052984
-804000.0,649,15869.067395
-804000.0,648,15890.172493
-772000.0,651,15898.974907
-804000.0,648,15920.426904
-796000.0,649,15928.50493
-820000.0,649,15948.511263
-816000.0,648,15957.612392
-796000.0,649,15977.825539
-752000.0,650,15986.659585
-784000.0,649,16008.379537
-800000.0,649,16017.44572
-752000.0,650,16038.549909
-816000.0,646,16047.241357
-788000.0,649,16068.759392
-788000.0,649,16077.433047
-800000.0,649,16099.674081
-804000.0,649,16108.356797
-832000.0,646,16130.224453
-780000.0,650,16138.120496
-800000.0,649,16157.678868
-820000.0,648,16166.204877
-812000.0,648,16188.14409
-800000.0,649,16197.168755
-816000.0,649,16219.125935
-824000.0,647,16228.061498
-812000.0,648,16249.71942
-780000.0,650,16258.664128
-832000.0,647,16280.4107
-788000.0,650,16289.354655
-808000.0,649,16310.282887
-772000.0,649,16319.09984
-744000.0,651,16339.108123
-832000.0,645,16347.424572
-796000.0,649,16368.833544
-808000.0,649,16377.261159
-764000.0,650,16398.710978
-776000.0,650,16407.47754
-808000.0,649,16427.215212
-796000.0,650,16435.378498
-780000.0,650,16458.582148
-748000.0,652,16467.709426
-804000.0,649,16489.223051
-812000.0,648,16497.744056
-796000.0,650,16519.081934
-804000.0,649,16527.005075
-796000.0,649,16548.90241
-784000.0,651,16557.490179
-816000.0,649,16579.105271
-800000.0,649,16588.039474
-808000.0,649,16609.537588
-800000.0,649,16617.403551
-824000.0,649,16639.112007
-748000.0,652,16648.0976
-752000.0,650,16669.549259
-788000.0,650,16678.811574
-792000.0,650,16701.573008
-812000.0,649,16709.436398
-784000.0,650,16730.81827
-764000.0,650,16739.822588
-752000.0,653,16762.1127
-744000.0,651,16770.841528
-784000.0,650,16790.955351
-788000.0,649,16799.822399
-744000.0,651,16820.508191
-796000.0,649,16829.136843
-800000.0,649,16850.214426
-800000.0,649,16859.235651
-740000.0,650,16879.529639
-772000.0,650,16888.586451
-736000.0,650,16910.289564
-764000.0,650,16919.315797
-808000.0,649,16940.864219
-788000.0,649,16949.852241
-800000.0,650,16970.432217
-748000.0,652,16979.491785
-748000.0,652,17001.037216
-748000.0,652,17010.150913
-748000.0,652,17032.030925
-756000.0,654,17040.575879
-812000.0,648,17061.915037
-760000.0,650,17070.836977
-744000.0,651,17092.262752
-780000.0,649,17100.133979
-744000.0,651,17121.527235
-796000.0,650,17130.675435
-824000.0,648,17153.392692
-784000.0,650,17162.456842
-784000.0,650,17182.699507
-740000.0,651,17191.544544
-740000.0,651,17213.201712
-780000.0,649,17221.906635
-740000.0,651,17242.831613
-760000.0,651,17251.589153
-744000.0,652,17272.232587
-768000.0,650,17280.726077
-832000.0,647,17300.757441
-772000.0,650,17309.578812
-796000.0,649,17330.743994
-744000.0,651,17339.412122
-788000.0,649,17360.953699
-740000.0,650,17370.293865
-744000.0,651,17391.925431
-792000.0,649,17401.196612
-744000.0,651,17423.108396
-740000.0,651,17432.187704
-772000.0,650,17454.218337
-788000.0,649,17462.924343
-784000.0,649,17484.612398
-780000.0,650,17493.692603
-760000.0,649,17515.302671
-776000.0,649,17524.332456
-772000.0,649,17544.176308
-784000.0,649,17553.187167
-736000.0,650,17575.607278
-792000.0,650,17584.881985
-744000.0,651,17605.851423
-776000.0,650,17614.611739
-736000.0,650,17637.003654
-804000.0,649,17645.913195
-744000.0,652,17667.137683
-804000.0,648,17676.076909
-796000.0,649,17697.557202
-808000.0,649,17705.595821
-760000.0,650,17726.647644
-764000.0,650,17735.231111
-744000.0,652,17756.160193
-744000.0,651,17764.988168
-812000.0,648,17786.686908
-792000.0,650,17795.858119
-784000.0,650,17818.996091
-796000.0,648,17827.705771
-780000.0,649,17849.666844
-800000.0,649,17858.298973
-792000.0,649,17879.029518
-740000.0,651,17887.856159
-780000.0,650,17909.632981
-788000.0,649,17918.271268
-744000.0,651,17939.711498
-760000.0,650,17948.600823
-788000.0,649,17969.617586
-736000.0,650,17978.341776
-780000.0,650,17999.850756
-784000.0,649,18008.721607
-744000.0,651,18029.748121
-744000.0,651,18038.74224
-800000.0,648,18060.5941
-744000.0,651,18069.488617
-736000.0,651,18090.391812
-780000.0,650,18099.215831
-792000.0,649,18120.978002
-792000.0,649,18130.143797
-744000.0,651,18152.210293
-792000.0,649,18160.783729
-760000.0,650,18182.630821
-804000.0,648,18191.230972
-764000.0,649,18211.903918
-764000.0,650,18220.780651
-780000.0,649,18242.228252
-740000.0,650,18251.293458
-792000.0,649,18272.596803
-776000.0,649,18281.447428
-744000.0,651,18302.684014
-752000.0,650,18311.122504
-812000.0,648,18333.090392
-812000.0,648,18341.718907
-800000.0,649,18362.649256
-796000.0,649,18371.296418
-780000.0,650,18393.332522
-796000.0,649,18402.280818
-784000.0,649,18423.356645
-740000.0,650,18432.16701
-740000.0,650,18454.143703
-740000.0,650,18463.059655
-800000.0,649,18485.63446
-740000.0,650,18493.545037
-748000.0,650,18515.387802
-792000.0,649,18523.759086
-788000.0,650,18546.309336
-804000.0,649,18555.228516
-784000.0,649,18576.683787
-760000.0,650,18585.230503
-740000.0,650,18605.577152
-744000.0,652,18614.494878
-776000.0,650,18635.734864
-740000.0,651,18644.402454
-800000.0,649,18665.889864
-780000.0,650,18675.130007
-792000.0,650,18696.100685
-792000.0,650,18704.934786
-780000.0,650,18726.528669
-784000.0,650,18735.535701
-800000.0,649,18756.37649
-780000.0,650,18765.392605
-744000.0,651,18786.081345
-768000.0,650,18794.958349
-804000.0,649,18815.645395
-740000.0,651,18823.649532
-796000.0,650,18843.828436
-784000.0,650,18853.003759
-764000.0,650,18873.620199
-796000.0,649,18882.546941
-804000.0,649,18905.571856
-804000.0,649,18914.589147
-816000.0,648,18935.905874
-784000.0,650,18944.684584
-808000.0,648,18965.004379
-756000.0,650,18973.209983
-800000.0,650,18994.920673
-744000.0,651,19004.009543
-736000.0,650,19025.356128
-804000.0,649,19034.397262
-776000.0,650,19055.450055
-740000.0,650,19064.641952
-744000.0,650,19087.490306
-740000.0,651,19096.463368
-764000.0,650,19117.850248
-796000.0,649,19127.16251
-808000.0,649,19148.249546
-740000.0,651,19157.290269
-784000.0,650,19178.866497
-748000.0,651,19187.865967
-792000.0,649,19209.698287
-816000.0,649,19217.948086
-828000.0,648,19238.305797
-780000.0,650,19247.452085
-792000.0,648,19267.780316
-796000.0,649,19276.559159
-812000.0,649,19297.594333
-820000.0,649,19306.881163
-804000.0,649,19328.238043
-808000.0,649,19337.819211
-784000.0,649,19360.318677
-776000.0,650,19368.343196
-748000.0,651,19390.076967
-812000.0,648,19398.924318
-796000.0,649,19419.557628
-780000.0,650,19428.85885
-776000.0,650,19450.075657
-780000.0,649,19458.078189
-732000.0,651,19480.366597
-740000.0,651,19489.439338
-816000.0,649,19510.552082
-812000.0,648,19519.413344
-824000.0,649,19541.237263
-804000.0,649,19550.235765
-792000.0,648,19571.16808
-780000.0,649,19580.657454
-744000.0,650,19601.541459
-800000.0,648,19610.205744
-820000.0,649,19631.559866
-820000.0,648,19640.693614
-784000.0,650,19662.345624
-820000.0,647,19671.701147
-796000.0,649,19693.364912
-804000.0,650,19702.454737
-804000.0,649,19724.037668
-808000.0,648,19733.15686
-840000.0,648,19753.032162
-820000.0,648,19761.874044
-828000.0,648,19784.255478
-820000.0,648,19793.503729
-816000.0,649,19816.912459
-828000.0,647,19825.465701
-756000.0,650,19847.23806
-816000.0,649,19855.896533
-832000.0,646,19876.466029
-832000.0,647,19885.270708
-824000.0,648,19907.261518
-820000.0,649,19915.923866
-808000.0,648,19937.498596
-780000.0,649,19946.484292
-812000.0,648,19968.462011
-812000.0,647,19977.376865
-824000.0,648,19998.912349
-804000.0,648,20007.79537
-836000.0,646,20030.193009
-824000.0,648,20039.472877
-820000.0,647,20060.693598
-824000.0,648,20069.854096
-796000.0,649,20091.825061
-836000.0,647,20100.034761
-832000.0,647,20120.70174
-832000.0,646,20129.662721
-832000.0,646,20150.80516
-828000.0,647,20159.807146
-836000.0,646,20181.082382
-828000.0,647,20190.153405
-828000.0,644,20211.477781
-832000.0,646,20220.499073
-816000.0,647,20241.862274
-836000.0,645,20251.132514
-820000.0,647,20272.184332
-832000.0,646,20280.249082
-832000.0,646,20300.655254
-824000.0,647,20308.752665
-812000.0,648,20330.335325
-832000.0,646,20339.21224
-824000.0,647,20360.043853
-808000.0,648,20369.30241
-836000.0,645,20390.725548
-820000.0,648,20399.915608
-832000.0,646,20419.59433
-816000.0,647,20428.561008
-828000.0,647,20448.643696
-832000.0,647,20457.85745
-808000.0,648,20480.780879
-820000.0,648,20489.659538
-820000.0,647,20510.743123
-828000.0,646,20519.83508
-832000.0,647,20540.49082
-836000.0,646,20549.308223
-820000.0,648,20571.22487
-812000.0,648,20580.310745
-828000.0,647,20601.18204
-832000.0,646,20610.010356
-820000.0,647,20631.186239
-816000.0,647,20639.841892
-836000.0,647,20661.329575
-832000.0,647,20669.721696
-816000.0,647,20691.609142
-832000.0,647,20700.953317
-816000.0,649,20722.808503
-832000.0,647,20731.678147
-832000.0,647,20752.393757
-824000.0,648,20761.001421
-796000.0,648,20781.754015
-816000.0,647,20790.579649
-840000.0,647,20811.101449
-824000.0,648,20819.569327
-820000.0,648,20841.029472
-816000.0,648,20850.009179
-800000.0,650,20871.609354
-828000.0,646,20880.681546
-812000.0,648,20903.030938
-820000.0,649,20912.114023
-792000.0,648,20933.47706
-812000.0,648,20942.377548
-832000.0,647,20964.003832
-808000.0,649,20972.774766
-788000.0,649,20994.597644
-808000.0,649,21003.270811
-808000.0,648,21024.776769
-804000.0,648,21033.743424
-796000.0,649,21055.059089
-820000.0,648,21064.139388
-836000.0,647,21085.014161
-840000.0,648,21093.832321
-840000.0,646,21113.991865
-840000.0,646,21123.191395
-824000.0,648,21145.562367
-832000.0,648,21154.42069
-808000.0,649,21176.519805
-828000.0,647,21185.403279
-840000.0,646,21206.668417
-828000.0,647,21215.509453
-844000.0,646,21236.648168
-844000.0,647,21245.537479
-836000.0,646,21266.676375
-840000.0,645,21275.473811
-836000.0,645,21296.485198
-836000.0,647,21305.56694
-832000.0,647,21326.436674
-836000.0,646,21335.196406
-812000.0,648,21357.038339
-836000.0,645,21366.237123
-840000.0,646,21388.156851
-836000.0,648,21397.164427
-832000.0,647,21418.919173
-848000.0,647,21426.754487
-840000.0,647,21449.586051
-828000.0,649,21458.292202
-812000.0,650,21479.882612
-824000.0,649,21488.641099
-836000.0,647,21509.608888
-840000.0,646,21518.325151
-840000.0,646,21539.048619
-840000.0,647,21547.775733
-832000.0,647,21569.128303
-832000.0,646,21578.269464
-824000.0,647,21598.776793
-832000.0,645,21607.37481
-840000.0,647,21628.52582
-836000.0,644,21637.235524
-836000.0,645,21658.677902
-832000.0,646,21667.701544
-836000.0,644,21688.787711
-836000.0,644,21697.598533
-816000.0,648,21719.452532
-828000.0,645,21728.160325
-812000.0,649,21750.092189
-828000.0,647,21758.714493
-840000.0,648,21781.022515
-844000.0,645,21789.700724
-832000.0,646,21811.796108
-840000.0,646,21819.321847
-840000.0,645,21841.423018
-832000.0,646,21849.982018
-836000.0,647,21872.805692
-836000.0,646,21880.336604
-832000.0,646,21902.449767
-832000.0,646,21911.252739
-836000.0,646,21932.855633
-836000.0,645,21941.359894
-836000.0,645,21962.350394
-836000.0,645,21970.717269
-836000.0,647,21992.446929
-840000.0,645,22001.147506
-840000.0,645,22023.241514
-844000.0,646,22031.583726
-836000.0,646,22053.379298
-824000.0,641,22061.839535
-824000.0,647,22084.04263
-820000.0,642,22092.357598
-844000.0,647,22114.97734
-840000.0,645,22123.211282
-840000.0,646,22145.185977
-836000.0,647,22153.573129
-836000.0,646,22175.267516
-832000.0,644,22183.527134
-824000.0,645,22205.64796
-840000.0,646,22214.00811
-828000.0,642,22238.017075
-832000.0,643,22245.743035
-840000.0,645,22267.427086
-840000.0,645,22275.693217
-832000.0,647,22298.093805
-832000.0,647,22305.556317
-836000.0,644,22327.478084
-824000.0,649,22335.905622
-832000.0,645,22357.873727
-836000.0,646,22365.602253
-828000.0,642,22387.5771
-832000.0,644,22396.073656
-828000.0,647,22417.19128
-832000.0,647,22425.530019
-840000.0,645,22447.775757
-828000.0,642,22456.226129
-832000.0,643,22479.885466
-832000.0,646,22488.448265
-832000.0,648,22510.998474
-824000.0,647,22518.712695
-836000.0,646,22540.593301
-840000.0,646,22548.650508
-832000.0,644,22571.058546
-832000.0,643,22579.406147
-820000.0,641,22601.264577
-836000.0,645,22608.905453
-840000.0,646,22630.17998
-832000.0,643,22638.685597
-832000.0,643,22659.526968
-816000.0,648,22668.277738
-808000.0,650,22690.813086
-832000.0,648,22699.547732
-820000.0,647,22721.827816
-820000.0,648,22730.423217
-824000.0,643,22752.090065
-824000.0,646,22760.898652
-832000.0,647,22782.374663
-832000.0,643,22790.817904
-820000.0,642,22812.542142
-836000.0,646,22821.147083
-836000.0,644,22843.63451
-836000.0,644,22851.657623
-816000.0,649,22873.175043
-832000.0,646,22881.617773
-828000.0,644,22903.120714
-832000.0,644,22911.742796
-832000.0,646,22933.419307
-832000.0,647,22942.352457
-828000.0,642,22962.874165
-832000.0,644,22971.614766
-828000.0,644,22993.407111
-772000.0,650,23002.156601
-828000.0,643,23022.7711
-828000.0,646,23031.770888
-788000.0,650,23053.100581
-832000.0,647,23061.874479
-840000.0,645,23082.07135
-832000.0,645,23090.61301
-832000.0,647,23112.006293
-820000.0,648,23121.043886
-788000.0,649,23144.397006
-840000.0,645,23153.231192
-796000.0,648,23174.320669
-832000.0,643,23183.081696
-820000.0,647,23204.582182
-836000.0,646,23212.659852
-836000.0,647,23232.677613
-832000.0,645,23240.972789
-836000.0,644,23262.553317
-836000.0,644,23271.140656
-828000.0,643,23292.972134
-840000.0,645,23301.148699
-832000.0,648,23323.107202
-828000.0,644,23331.513326
-832000.0,643,23353.648785
-832000.0,644,23362.188624
-828000.0,645,23385.424479
-832000.0,644,23393.928075
-840000.0,648,23416.313531
-840000.0,646,23424.289906
-824000.0,648,23445.801507
-824000.0,648,23454.487224
-832000.0,648,23475.419468
-836000.0,645,23483.867278
-816000.0,648,23505.162743
-836000.0,644,23513.354982
-744000.0,651,23534.820194
-816000.0,647,23542.170966
-796000.0,650,23565.803668
-840000.0,647,23573.720362
-836000.0,645,23596.574091
-836000.0,644,23604.577741
-832000.0,643,23626.139434
-832000.0,647,23633.426377
-764000.0,650,23656.454885
-832000.0,646,23664.288946
-812000.0,647,23686.109873
-828000.0,642,23694.060931
-744000.0,651,23717.223941
-840000.0,646,23724.85358
-832000.0,646,23747.276769
-740000.0,652,23755.211729
-832000.0,648,23777.82798
-784000.0,650,23785.578237
-816000.0,648,23808.148468
-756000.0,650,23816.115441
-824000.0,644,23839.9203
-836000.0,645,23847.830451
-820000.0,648,23869.429747
-816000.0,648,23877.068821
-832000.0,647,23899.894249
-844000.0,646,23907.953669
-808000.0,649,23930.912022
-824000.0,649,23939.016476
-824000.0,645,23961.338623
-836000.0,647,23968.952548
-804000.0,648,23991.59782
-804000.0,649,23999.432276
-832000.0,646,24021.952464
-840000.0,648,24030.314064
-816000.0,649,24053.183644
-808000.0,649,24061.414732
-832000.0,647,24083.191351
-816000.0,648,24091.512715
-840000.0,647,24114.057007
-800000.0,651,24122.103732
-828000.0,646,24144.557507
-828000.0,647,24152.558312
-820000.0,648,24175.377174
-836000.0,647,24183.585224
-788000.0,649,24204.680231
-828000.0,648,24212.644833
-812000.0,647,24235.606302
-832000.0,647,24243.558934
-832000.0,648,24263.742946
-824000.0,648,24272.055431
-808000.0,649,24296.446257
-840000.0,646,24304.33947
-812000.0,650,24326.502316
-844000.0,647,24334.457643
-740000.0,651,24355.784668
-804000.0,650,24363.655747
-832000.0,646,24386.121453
-836000.0,645,24393.789689
-824000.0,648,24416.624614
-748000.0,651,24424.557559
-840000.0,646,24445.747559
-836000.0,646,24453.85076
-836000.0,646,24476.02331
-832000.0,647,24484.055545
-832000.0,647,24506.700789
-836000.0,646,24514.866572
-844000.0,646,24538.191337
-836000.0,645,24546.060643
-828000.0,648,24568.394813
-840000.0,647,24576.421309
-836000.0,647,24599.359833
-844000.0,646,24607.111674
-824000.0,648,24629.540293
-836000.0,647,24636.672897
-828000.0,649,24659.274352
-840000.0,648,24667.023205
-832000.0,645,24690.262605
-844000.0,647,24698.346169
-816000.0,649,24720.971033
-840000.0,647,24728.994228
-832000.0,647,24751.853411
-836000.0,648,24759.607817
-840000.0,648,24782.050339
-848000.0,646,24789.283302
-836000.0,647,24812.61954
-840000.0,648,24820.529526
-844000.0,646,24843.399865
-840000.0,649,24851.328561
-836000.0,646,24873.28795
-828000.0,647,24880.926569
-836000.0,644,24903.204272
-844000.0,648,24910.624286
-844000.0,646,24932.296144
-844000.0,646,24940.482185
-836000.0,646,24964.012773
-840000.0,646,24972.29121
-832000.0,648,24993.349485
-848000.0,648,25000.585607
-840000.0,646,25023.417537
-836000.0,644,25031.66727
-832000.0,646,25053.952974
-828000.0,646,25062.267874
-832000.0,647,25083.941494
-836000.0,644,25091.781223
-832000.0,645,25114.228121
-816000.0,649,25122.297249
-840000.0,644,25143.79471
-832000.0,646,25152.126794
-852000.0,646,25175.222722
-832000.0,645,25183.47594
-840000.0,647,25206.081665
-764000.0,652,25214.274944
-836000.0,645,25236.621891
-824000.0,648,25244.669716
-836000.0,644,25264.763832
-832000.0,646,25273.072986
-836000.0,645,25294.973578
-832000.0,644,25303.697062
-840000.0,646,25326.241702
-828000.0,648,25334.45468
-836000.0,645,25355.545129
-800000.0,649,25364.284524
-832000.0,644,25385.212268
-836000.0,646,25393.574959
-832000.0,645,25415.330599
-832000.0,644,25424.223062
-836000.0,648,25445.684847
-816000.0,648,25454.350343
-816000.0,648,25476.395669
-836000.0,644,25484.960198
-828000.0,646,25506.528459
-832000.0,646,25515.035774
-840000.0,648,25537.618364
-820000.0,650,25545.704784
-840000.0,647,25567.994881
-820000.0,649,25576.900188
-820000.0,648,25598.216225
-832000.0,646,25606.818156
-832000.0,646,25629.043475
-840000.0,646,25637.053977
-840000.0,647,25660.192669
-828000.0,648,25667.884393
-816000.0,648,25689.08854
-816000.0,649,25696.886666
-840000.0,646,25718.150563
-832000.0,647,25726.587176
-824000.0,649,25748.666173
-836000.0,644,25756.628799
-788000.0,647,25778.221161
-828000.0,645,25786.698909
-828000.0,647,25810.659222
-800000.0,651,25818.367766
-824000.0,650,25840.585582
-792000.0,651,25849.186781
-832000.0,647,25870.909056
-820000.0,650,25879.564587
-840000.0,647,25901.153103
-840000.0,645,25909.946032
-836000.0,646,25931.738799
-836000.0,646,25940.242656
-832000.0,648,25961.889179
-832000.0,643,25970.603564
-840000.0,646,25991.818926
-812000.0,652,26000.382631
-824000.0,648,26022.583438
-836000.0,646,26031.390743
-820000.0,649,26053.4913
-840000.0,647,26062.125625
-832000.0,645,26083.794372
-836000.0,645,26092.460569
-824000.0,650,26113.289514
-836000.0,645,26121.206431
-840000.0,646,26143.564061
-836000.0,648,26151.942257
-836000.0,647,26173.215488
-832000.0,647,26180.762431
-828000.0,647,26202.576716
-816000.0,646,26210.624815
-832000.0,647,26232.178721
-824000.0,646,26240.825601
-844000.0,646,26263.163687
-840000.0,647,26271.25456
-832000.0,643,26291.975528
-836000.0,648,26299.592378
-836000.0,647,26321.642061
-844000.0,646,26329.048813
-844000.0,649,26351.879927
-840000.0,647,26360.158515
-804000.0,651,26381.323305
-804000.0,652,26389.658581
-820000.0,648,26412.048091
-812000.0,650,26420.441618
-780000.0,652,26442.161098
-824000.0,647,26450.673027
-840000.0,645,26472.185867
-832000.0,646,26480.312112
-752000.0,653,26503.292025
-812000.0,646,26511.64237
-812000.0,652,26533.760335
-788000.0,653,26542.009475
-828000.0,645,26564.383992
-812000.0,647,26572.57239
-832000.0,648,26595.370311
-820000.0,651,26603.808463
-836000.0,647,26625.722688
-760000.0,656,26634.346801
-792000.0,653,26656.758503
-808000.0,653,26665.540243
-836000.0,646,26687.228175
-816000.0,650,26695.835999
-760000.0,656,26717.284037
-824000.0,646,26725.975431
-820000.0,649,26747.900761
-756000.0,654,26756.298758
-800000.0,653,26778.860253
-748000.0,653,26787.238503
-756000.0,654,26808.608866
-752000.0,654,26817.029573
-760000.0,655,26839.411785
-764000.0,651,26847.684806
-752000.0,655,26868.336584
-756000.0,655,26877.03179
-760000.0,655,26898.172877
-752000.0,654,26905.777012
-756000.0,654,26927.709512
-752000.0,655,26936.287955
-796000.0,653,26958.726185
-756000.0,655,26966.418355
-756000.0,654,26988.720876
-752000.0,654,26997.264233
-756000.0,655,27017.592017
-828000.0,647,27025.80105
-828000.0,648,27047.254907
-752000.0,653,27055.187112
-756000.0,655,27077.736599
-760000.0,655,27086.412839
-760000.0,656,27108.813241
-784000.0,653,27117.291925
-760000.0,656,27140.128744
-756000.0,655,27148.429219
-752000.0,653,27171.264148
-756000.0,654,27179.523003
-800000.0,651,27202.176051
-812000.0,652,27209.798067
-748000.0,653,27231.522423
-752000.0,653,27239.420593
-748000.0,654,27262.022991
-760000.0,655,27270.55924
-744000.0,653,27291.798222
-744000.0,654,27300.323315
-744000.0,654,27323.755984
-768000.0,657,27331.793287
-768000.0,656,27354.329461
-768000.0,655,27362.857883
-760000.0,656,27385.639883
-748000.0,654,27393.954334
-764000.0,656,27416.346327
-756000.0,654,27424.806221
-744000.0,652,27446.725919
-768000.0,658,27454.146112
-760000.0,657,27476.803313
-776000.0,660,27485.20331
-756000.0,654,27506.338385
-772000.0,658,27515.382837
-748000.0,653,27537.453993
-760000.0,656,27546.47105
-768000.0,657,27568.93128
-756000.0,656,27577.229847
-772000.0,659,27598.789643
-756000.0,655,27607.783977
-760000.0,656,27629.588326
-768000.0,657,27638.373529
-748000.0,653,27660.325467
-768000.0,657,27668.965818
-748000.0,653,27691.5106
-768000.0,657,27700.706243
-768000.0,657,27721.55722
-772000.0,658,27730.78117
-748000.0,653,27751.346965
-756000.0,655,27760.688594
-768000.0,658,27784.00392
-760000.0,656,27793.002921
-760000.0,656,27813.572468
-776000.0,659,27822.395599
-768000.0,657,27842.024949
-768000.0,658,27851.13031
-772000.0,658,27872.566805
-756000.0,654,27881.592166
-764000.0,657,27902.104796
-772000.0,660,27911.250016
-764000.0,657,27932.879333
-760000.0,655,27941.888106
-768000.0,659,27963.005395
-780000.0,660,27972.033224
-776000.0,659,27991.278836
-772000.0,658,28000.500774
-772000.0,659,28021.245122
-780000.0,661,28030.289683
-780000.0,661,28051.182499
-764000.0,656,28059.812356
-772000.0,660,28082.046118
-776000.0,661,28090.585352
-772000.0,658,28112.378259
-760000.0,656,28121.519706
-768000.0,657,28143.179734
-776000.0,659,28151.466147
-752000.0,654,28173.669269
-760000.0,656,28181.516476
-772000.0,660,28203.495814
-768000.0,658,28212.654433
-764000.0,656,28234.195255
-792000.0,665,28242.656005
-780000.0,661,28263.729287
-792000.0,664,28272.155461
-784000.0,662,28293.761203
-780000.0,660,28302.659593
-784000.0,662,28323.128971
-780000.0,660,28331.521245
-788000.0,663,28351.545267
-800000.0,665,28360.569772
-788000.0,663,28381.821688
-788000.0,663,28391.068953
-792000.0,666,28412.293229
-780000.0,662,28421.815059
-764000.0,657,28443.680234
-772000.0,659,28451.766718
-800000.0,666,28473.586767
-780000.0,661,28482.833602
-792000.0,663,28504.788756
-776000.0,659,28513.777275
-764000.0,657,28535.84045
-780000.0,660,28544.810921
-776000.0,661,28567.12259
-764000.0,657,28576.255541
-780000.0,661,28598.521415
-776000.0,660,28607.280643
-784000.0,661,28628.680872
-748000.0,655,28637.375747
-784000.0,660,28660.104003
-788000.0,662,28668.494911
-796000.0,664,28689.266711
-776000.0,659,28697.603066
-772000.0,661,28720.585043
-788000.0,664,28728.369793
-784000.0,663,28751.202624
-776000.0,662,28759.888511
-788000.0,663,28782.7002
-756000.0,656,28791.18786
-784000.0,662,28813.87617
-768000.0,658,28822.120473
-796000.0,665,28843.363693
-788000.0,665,28851.941748
-776000.0,662,28874.248657
-796000.0,665,28882.596462
-796000.0,666,28904.290574
-804000.0,666,28912.818907
-760000.0,655,28934.834275
-760000.0,656,28943.4534
-764000.0,656,28965.309049
-808000.0,667,28974.157202
-772000.0,661,28995.590046
-776000.0,660,29004.293402
-804000.0,669,29024.864557
-756000.0,653,29033.348489
-756000.0,657,29056.344035
-788000.0,664,29065.173749
-784000.0,661,29087.865705
-792000.0,663,29096.47053
-760000.0,655,29117.009449
-772000.0,660,29124.726892
-784000.0,662,29147.076751
-764000.0,655,29154.743648
-788000.0,665,29177.178677
-816000.0,669,29185.641902
-792000.0,662,29208.04147
-808000.0,665,29216.765243
-772000.0,658,29237.788706
-808000.0,667,29246.710996
-792000.0,664,29267.731081
-792000.0,663,29276.927942
-776000.0,659,29298.527228
-748000.0,653,29307.214579
-800000.0,666,29329.539
-800000.0,667,29338.364957
-768000.0,659,29361.082368
-800000.0,667,29370.283467
-788000.0,665,29392.102279
-792000.0,666,29401.153431
-800000.0,667,29423.067621
-788000.0,665,29432.221647
-776000.0,661,29454.275673
-800000.0,667,29463.46337
-800000.0,667,29486.18414
-812000.0,670,29494.535958
-796000.0,666,29516.584171
-804000.0,667,29525.884637
-800000.0,666,29547.403734
-780000.0,661,29556.470061
-804000.0,668,29578.100157
-792000.0,664,29587.285089
-792000.0,664,29607.897037
-792000.0,666,29616.894236
-800000.0,667,29638.955233
-792000.0,665,29648.200404
-760000.0,654,29669.716108
-824000.0,670,29679.304428
-800000.0,667,29700.922338
-764000.0,654,29709.973165
-788000.0,663,29730.314794
-756000.0,654,29739.04765
-792000.0,665,29760.50019
-752000.0,651,29768.586237
-772000.0,658,29791.144282
-780000.0,663,29799.771004
-764000.0,655,29822.023513
-752000.0,653,29830.558607
-756000.0,652,29853.200771
-792000.0,661,29862.179094
-760000.0,655,29883.322576
-764000.0,656,29892.203276
-756000.0,653,29913.72455
-744000.0,651,29921.828744
-752000.0,655,29944.571769
-756000.0,654,29953.311535
-744000.0,650,29974.479398
-752000.0,652,29983.03864
-752000.0,654,30005.141975
-760000.0,653,30013.679663
-756000.0,652,30035.143054
-796000.0,666,30043.807982
-752000.0,651,30065.076164
-764000.0,656,30074.669173
-752000.0,652,30095.573102
-760000.0,654,30103.955931
-744000.0,651,30125.204122
-764000.0,656,30134.637181
-748000.0,652,30156.315368
-772000.0,658,30166.319223
-768000.0,658,30187.451883
-752000.0,654,30197.193901
-760000.0,654,30218.16495
-748000.0,652,30227.569367
-752000.0,654,30248.907314
-748000.0,653,30258.42415
-736000.0,649,30279.127236
-760000.0,657,30289.172125
-728000.0,651,30310.023226
-736000.0,648,30319.774015
-740000.0,649,30340.426665
-760000.0,654,30349.083629
-756000.0,655,30369.797443
-756000.0,654,30379.363585
-740000.0,650,30399.721373
-744000.0,651,30409.081707
-736000.0,649,30430.303874
-736000.0,649,30439.656434
-740000.0,653,30461.071532
-740000.0,650,30470.779778
-740000.0,650,30489.721281
-752000.0,652,30499.856943
-752000.0,656,30521.834236
-736000.0,649,30531.237071
-736000.0,649,30551.744181
-748000.0,653,30561.495175
-740000.0,650,30582.037446
-740000.0,649,30591.748711
-740000.0,651,30611.285528
-736000.0,650,30620.642095
-740000.0,643,30641.361234
-724000.0,645,30650.713614
-784000.0,647,30670.362587
-740000.0,650,30680.443734
-744000.0,651,30701.459956
-736000.0,650,30711.476001
-740000.0,651,30731.832117
-784000.0,645,30741.680108
-744000.0,651,30762.587954
-724000.0,647,30772.352212
-732000.0,648,30791.645151
-736000.0,649,30801.306482
-736000.0,650,30821.428267
-740000.0,651,30830.936785
-740000.0,650,30852.039578
-752000.0,652,30861.506431
-728000.0,647,30882.039561
-752000.0,643,30890.426986
-736000.0,649,30910.147666
-724000.0,646,30919.76493
-772000.0,642,30941.031289
-712000.0,644,30950.603319
-720000.0,646,30972.337057
-728000.0,647,30981.416333
-732000.0,648,31003.289207
-708000.0,644,31012.619259
-720000.0,646,31033.808611
-728000.0,647,31042.735489
-732000.0,649,31062.495108
-736000.0,650,31071.736861
-720000.0,646,31093.241284
-716000.0,645,31102.33787
-724000.0,647,31124.012856
-724000.0,647,31133.161873
-732000.0,648,31154.579107
-720000.0,646,31163.99727
-732000.0,649,31184.071221
-740000.0,650,31193.653577
-756000.0,647,31215.240953
-776000.0,642,31224.506014
-720000.0,647,31244.497217
-724000.0,647,31253.497574
-740000.0,650,31274.7432
-744000.0,652,31283.822281
-740000.0,650,31305.024831
-828000.0,644,31313.93484
-756000.0,644,31335.553758
-720000.0,646,31344.570765
-720000.0,647,31365.473827
-720000.0,645,31374.629534
-728000.0,648,31395.63806
-728000.0,648,31405.000668
-724000.0,646,31428.167757
-724000.0,646,31437.534158
-720000.0,645,31458.475647
-716000.0,645,31467.401223
-716000.0,646,31489.023555
-728000.0,644,31498.147409
-744000.0,651,31519.277772
-736000.0,650,31528.504083
-724000.0,646,31549.588515
-752000.0,654,31558.552157
-772000.0,645,31579.361263
-764000.0,644,31587.490677
-740000.0,650,31609.034836
-736000.0,649,31618.154851
-796000.0,643,31638.795277
-728000.0,647,31648.357736
-760000.0,646,31669.302478
-752000.0,645,31678.275738
-732000.0,649,31699.199716
-716000.0,646,31708.491853
-748000.0,646,31730.090889
-720000.0,646,31738.46313
-744000.0,652,31759.732126
-716000.0,646,31768.736784
-740000.0,646,31790.394596
-724000.0,647,31799.377819
-732000.0,649,31820.758582
-728000.0,648,31829.934322
-724000.0,647,31851.533841
-732000.0,649,31860.84093
-748000.0,648,31882.000711
-736000.0,647,31890.97289
-728000.0,648,31911.183764
-736000.0,649,31919.682023
-784000.0,650,31941.507269
-760000.0,647,31950.775901
-736000.0,649,31972.27152
-768000.0,648,31981.441166
-732000.0,648,32003.170161
-732000.0,649,32011.902112
-796000.0,646,32034.134782
-736000.0,650,32042.238333
-792000.0,649,32063.730258
-728000.0,649,32072.978567
-732000.0,648,32094.602959
-732000.0,649,32103.672524
-728000.0,648,32125.941392
-720000.0,646,32134.872466
-748000.0,652,32156.853262
-800000.0,647,32164.735136
-812000.0,650,32187.182059
-792000.0,650,32195.894447
-756000.0,656,32217.335675
-748000.0,655,32226.261052
-784000.0,646,32247.833603
-824000.0,646,32256.48945
-828000.0,651,32278.430495
-840000.0,649,32287.469964
-824000.0,649,32310.974602
-752000.0,655,32319.87702
-728000.0,649,32341.56285
-760000.0,647,32350.341439
-756000.0,647,32372.128217
-732000.0,648,32380.950332
-736000.0,650,32401.474766
-744000.0,652,32410.60874
-744000.0,653,32433.338919
-808000.0,652,32442.473634
-736000.0,647,32463.773091
-752000.0,654,32472.942529
-744000.0,651,32493.664981
-768000.0,650,32502.801744
-764000.0,656,32524.359141
-816000.0,649,32532.322214
-832000.0,648,32553.827703
-780000.0,649,32562.878667
-824000.0,648,32585.276159
-820000.0,648,32594.179674
-732000.0,648,32615.290212
-840000.0,649,32624.657873
-816000.0,647,32645.548476
-832000.0,649,32654.393504
-800000.0,646,32675.912621
-768000.0,648,32685.045821
-804000.0,648,32706.4138
-808000.0,653,32715.685917
-784000.0,648,32736.849532
-748000.0,653,32746.398823
-736000.0,649,32767.621003
-728000.0,648,32777.192894
-744000.0,652,32798.192949
-796000.0,650,32807.509109
-736000.0,649,32828.721929
-820000.0,647,32838.203446
-784000.0,649,32859.568187
-816000.0,648,32868.555647
-784000.0,648,32888.198907
-740000.0,649,32897.434875
-808000.0,647,32918.175776
-740000.0,652,32927.308631
-820000.0,647,32947.284995
-720000.0,647,32956.693044
-736000.0,650,32977.569218
-728000.0,648,32986.517127
-796000.0,648,33006.9068
-744000.0,652,33016.188217
-756000.0,654,33037.07163
-804000.0,648,33046.512317
-800000.0,649,33067.398942
-760000.0,648,33076.546704
-768000.0,648,33097.961801
-784000.0,647,33107.3137
-812000.0,648,33128.51517
-816000.0,648,33137.42285
-812000.0,646,33157.83686
-800000.0,646,33167.042944
-796000.0,648,33187.798548
-780000.0,648,33196.78963
-716000.0,647,33217.969992
-728000.0,646,33227.219574
-756000.0,654,33248.198841
-744000.0,651,33257.542711
-776000.0,649,33278.55588
-732000.0,648,33286.583199
-816000.0,648,33307.480566
-740000.0,651,33316.351998
-764000.0,656,33337.760993
-816000.0,650,33346.620715
-780000.0,650,33368.613892
-744000.0,650,33377.591113
-720000.0,648,33399.101984
-764000.0,656,33408.194805
-724000.0,649,33427.944799
-752000.0,655,33437.487681
-744000.0,650,33457.998369
-804000.0,648,33467.655065
-724000.0,648,33488.410734
-800000.0,649,33496.801322
-736000.0,653,33518.119236
-736000.0,651,33527.397285
-756000.0,648,33548.827659
-760000.0,654,33558.403229
-740000.0,651,33579.086051
-776000.0,651,33588.401971
-752000.0,654,33609.276688
-752000.0,654,33618.572763
-740000.0,652,33638.756034
-744000.0,653,33648.217164
-740000.0,652,33669.823688
-804000.0,650,33679.732291
-744000.0,652,33701.179724
-744000.0,654,33710.631705
-736000.0,651,33731.27753
-752000.0,653,33740.608634
-752000.0,655,33761.413747
-736000.0,652,33770.96144
-744000.0,653,33791.759855
-760000.0,657,33801.165227
-736000.0,651,33821.766898
-740000.0,650,33831.437938
-756000.0,656,33852.457404
-760000.0,657,33860.932719
-752000.0,651,33882.729205
-768000.0,658,33892.913927
-744000.0,653,33914.538668
-748000.0,652,33924.296177
-748000.0,654,33944.476449
-748000.0,652,33954.630792
-760000.0,655,33975.964943
-748000.0,653,33985.359194
-748000.0,653,34006.304298
-756000.0,655,34015.792897
-752000.0,655,34035.963204
-756000.0,655,34045.308143
-760000.0,655,34065.624151
-748000.0,652,34075.236598
-756000.0,654,34096.600388
-744000.0,654,34106.41967
-756000.0,655,34127.900637
-744000.0,652,34137.778045
-744000.0,651,34158.769644
-732000.0,651,34168.530388
-756000.0,654,34189.225643
-744000.0,652,34198.74561
-732000.0,650,34219.482389
-744000.0,654,34229.126408
-736000.0,652,34250.161477
-736000.0,652,34259.971359
-760000.0,655,34280.278914
-736000.0,650,34289.753993
-748000.0,656,34310.599941
-744000.0,653,34320.122493
-744000.0,651,34341.287754
-744000.0,653,34350.990356
-752000.0,653,34373.731463
-740000.0,654,34382.192665
-744000.0,653,34403.886146
-748000.0,654,34412.270915
-744000.0,653,34433.205051
-744000.0,653,34442.821284
-748000.0,653,34463.825203
-748000.0,653,34473.37819
-752000.0,654,34495.267209
-740000.0,652,34504.844933
-736000.0,652,34526.098765
-740000.0,649,34535.413622
-752000.0,655,34555.358801
-728000.0,649,34564.129621
-748000.0,654,34584.488629
-752000.0,654,34594.048557
-744000.0,653,34615.388469
-748000.0,654,34624.674745
-748000.0,654,34646.093538
-728000.0,649,34655.123697
-744000.0,651,34676.971453
-748000.0,653,34686.066615
-740000.0,653,34707.106685
-736000.0,651,34716.069549
-752000.0,655,34738.450432
-748000.0,653,34747.700478
-744000.0,652,34769.448653
-744000.0,654,34778.454308
-752000.0,654,34800.566758
-748000.0,654,34809.868232
-752000.0,654,34831.351483
-744000.0,654,34840.369547
-744000.0,653,34861.52663
-748000.0,653,34870.507624
-748000.0,654,34891.512902
-744000.0,655,34900.396452
-744000.0,653,34921.746668
-756000.0,655,34929.920366
-760000.0,655,34951.157114
-748000.0,654,34960.215051
-752000.0,655,34981.671183
-752000.0,653,34990.702727
-744000.0,653,35011.525809
-748000.0,655,35020.955055
-744000.0,653,35042.275789
-740000.0,653,35051.327369
-748000.0,653,35072.131042
-744000.0,654,35080.148455
-748000.0,653,35102.139545
-752000.0,656,35111.317611
-756000.0,656,35133.464556
-752000.0,654,35142.723293
-748000.0,655,35164.246049
-752000.0,654,35173.161779
-752000.0,654,35195.150848
-752000.0,655,35203.857064
-752000.0,656,35224.938559
-752000.0,655,35234.396493
-748000.0,655,35255.423306
-740000.0,653,35264.221463
-744000.0,654,35284.698109
-756000.0,655,35293.844157
-756000.0,657,35315.248093
-756000.0,655,35324.08111
-756000.0,655,35345.182143
-752000.0,655,35354.195684
-760000.0,657,35376.229805
-752000.0,655,35385.179827
-748000.0,655,35406.628007
-748000.0,655,35416.051135
-748000.0,655,35436.164054
-756000.0,656,35445.469283
-752000.0,655,35467.609002
-748000.0,654,35476.361739
-764000.0,657,35498.466212
-752000.0,656,35506.999073
-748000.0,654,35527.49326
-740000.0,651,35536.078905
-760000.0,657,35558.399685
-752000.0,655,35567.408141
-748000.0,655,35589.354473
-748000.0,654,35598.373826
-744000.0,653,35620.444872
-748000.0,654,35628.202878
-744000.0,654,35649.978327
-748000.0,656,35659.123599
-756000.0,654,35680.608094
-756000.0,655,35689.385922
-752000.0,655,35709.601592
-756000.0,656,35718.192276
-756000.0,657,35740.155527
-756000.0,655,35748.845196
-744000.0,654,35769.993621
-756000.0,656,35779.206947
-752000.0,654,35800.605865
-764000.0,657,35809.700852
-752000.0,654,35831.857011
-760000.0,656,35840.992953
-760000.0,656,35863.253564
-760000.0,656,35872.425664
-756000.0,656,35894.905045
-760000.0,656,35903.860017
-756000.0,656,35924.540119
-748000.0,655,35933.571355
-756000.0,657,35956.059982
-760000.0,657,35963.909756
-760000.0,655,35985.515514
-756000.0,655,35994.457453
-752000.0,655,36016.250992
-744000.0,654,36025.224496
-756000.0,655,36047.429757
-764000.0,656,36056.107954
-756000.0,655,36078.003901
-760000.0,656,36087.362584
-748000.0,655,36110.2085
-752000.0,654,36119.09624
-752000.0,654,36139.907462
-756000.0,655,36148.322145
-756000.0,656,36170.500719
-760000.0,656,36179.40356
-760000.0,655,36202.216995
-764000.0,657,36211.199217
-748000.0,653,36232.486837
-760000.0,655,36241.438488
-744000.0,653,36261.805383
-744000.0,654,36271.395627
-748000.0,655,36292.488658
-744000.0,652,36300.847674
-744000.0,655,36320.056965
-748000.0,654,36329.497448
-744000.0,652,36351.962459
-744000.0,653,36361.289369
-756000.0,653,36382.480248
-760000.0,656,36390.889176
-744000.0,652,36412.363366
-740000.0,652,36421.439545
-744000.0,652,36442.264218
-748000.0,654,36451.737237
-752000.0,654,36473.618871
-752000.0,655,36482.643886
-748000.0,653,36503.857177
-756000.0,654,36513.319607
-752000.0,655,36534.332375
-736000.0,652,36543.818997
-756000.0,654,36563.554776
-752000.0,654,36572.428186
-740000.0,652,36593.577054
-756000.0,655,36602.180658
-752000.0,655,36623.755487
-732000.0,652,36633.06263
-748000.0,654,36653.430272
-736000.0,652,36662.57714
-756000.0,654,36683.793619
-748000.0,654,36693.029527
-740000.0,652,36714.53574
-736000.0,651,36723.747341
-736000.0,651,36743.013998
-748000.0,654,36752.327775
-736000.0,650,36774.254304
-744000.0,652,36783.85012
-732000.0,650,36804.571538
-744000.0,653,36814.045583
-744000.0,653,36834.438435
-740000.0,651,36843.854396
-752000.0,655,36863.518649
-728000.0,649,36872.812078
-744000.0,652,36895.374809
-752000.0,655,36904.797307
-736000.0,651,36926.379325
-736000.0,650,36935.783728
-760000.0,657,36957.116483
-740000.0,651,36966.065154
-740000.0,653,36988.598345
-732000.0,651,36997.730814
-732000.0,650,37020.167612
-740000.0,653,37028.591058
-756000.0,648,37049.984081
-732000.0,650,37059.239611
-732000.0,649,37081.164698
-744000.0,652,37090.457159
-748000.0,652,37111.618038
-740000.0,650,37120.940875
-736000.0,650,37141.440336
-736000.0,652,37150.569367
-740000.0,652,37171.749026
-744000.0,652,37180.144092
-736000.0,651,37201.441145
-736000.0,650,37210.972193
-752000.0,654,37232.784976
-740000.0,652,37241.769727
-732000.0,649,37263.445404
-720000.0,648,37271.375887
-740000.0,653,37293.625938
-740000.0,652,37302.594972
-748000.0,653,37323.885325
-736000.0,651,37332.718716
-732000.0,649,37353.921015
-732000.0,651,37362.751765
-736000.0,651,37383.866463
-744000.0,652,37392.89568
-740000.0,651,37414.752633
-740000.0,651,37424.045998
-732000.0,651,37445.47488
-740000.0,651,37454.46204
-744000.0,652,37475.170311
-752000.0,653,37483.172806
-744000.0,653,37504.735192
-740000.0,652,37514.093119
-736000.0,651,37535.708853
-748000.0,653,37544.985381
-748000.0,653,37566.071333
-744000.0,652,37575.380565
-748000.0,653,37597.236902
-744000.0,652,37606.075245
-740000.0,652,37629.075745
-736000.0,650,37638.307637
-756000.0,655,37661.516065
-740000.0,652,37670.442656
-740000.0,651,37692.437792
-732000.0,650,37701.204796
-752000.0,655,37722.810261
-756000.0,656,37731.875808
-760000.0,656,37753.438321
-748000.0,653,37762.505538
-748000.0,653,37784.387472
-744000.0,652,37792.896629
-748000.0,653,37815.092016
-740000.0,652,37824.221937
-748000.0,654,37846.711588
-756000.0,656,37855.883506
-752000.0,654,37876.09217
-752000.0,655,37885.202724
-740000.0,652,37908.710004
-744000.0,653,37917.794614
-740000.0,652,37939.214536
-748000.0,654,37948.358694
-744000.0,654,37969.673864
-744000.0,654,37978.631118
-736000.0,651,38000.186463
-744000.0,652,38008.085097
-740000.0,653,38030.317024
-740000.0,653,38039.298116
-748000.0,655,38060.966703
-752000.0,655,38070.067774
-752000.0,655,38090.607073
-756000.0,656,38099.697013
-740000.0,652,38121.159777
-748000.0,656,38130.583824
-744000.0,654,38152.202341
-764000.0,658,38161.581781
-748000.0,654,38181.047124
-752000.0,655,38190.250368
-744000.0,653,38210.865664
-748000.0,653,38219.453568
-728000.0,652,38240.371473
-760000.0,658,38249.694553
-736000.0,653,38270.186141
-744000.0,653,38279.523195
-744000.0,655,38299.451768
-744000.0,654,38308.682246
-740000.0,653,38328.009193
-740000.0,654,38336.845929
-736000.0,654,38356.682971
-736000.0,652,38365.695121
-744000.0,654,38385.075326
-744000.0,654,38394.610087
-744000.0,653,38415.054264
-740000.0,654,38423.903552
-740000.0,652,38445.131118
-740000.0,654,38454.833807
-736000.0,653,38474.731006
-744000.0,656,38483.864929
-748000.0,655,38504.034491
-744000.0,656,38513.494004
-752000.0,656,38533.776809
-744000.0,655,38542.294474
-748000.0,655,38563.035207
-760000.0,658,38571.963418
-752000.0,656,38592.049255
-756000.0,657,38601.412022
-744000.0,655,38622.007505
-752000.0,657,38631.671259
-760000.0,658,38651.948582
-760000.0,658,38660.738618
-748000.0,655,38681.695486
-772000.0,662,38691.686903
-764000.0,660,38711.770584
-756000.0,658,38721.057791
-760000.0,658,38741.342554
-764000.0,659,38751.141591
-744000.0,655,38770.741623
-756000.0,657,38779.997461
-756000.0,657,38800.456802
-748000.0,655,38809.689552
-748000.0,656,38829.984223
-748000.0,656,38839.566471
-748000.0,656,38859.870392
-756000.0,657,38869.750703
-764000.0,660,38890.318049
-752000.0,657,38899.855371
-4000.0,2,38913.706383
-756000.0,658,38933.851981
-764000.0,659,38943.740876
-752000.0,656,38963.866943
-752000.0,656,38973.004967
-744000.0,655,38992.645108
-744000.0,655,39001.595152
-756000.0,658,39022.116284
-756000.0,658,39031.955974
-752000.0,657,39051.34881
-752000.0,657,39061.287156
-760000.0,658,39080.382911
-764000.0,659,39089.36422
-752000.0,656,39109.557416
-768000.0,661,39119.648345
-768000.0,660,39139.8011
-772000.0,661,39149.146255
-756000.0,657,39169.640154
-760000.0,658,39179.7835
-752000.0,656,39199.81564
-752000.0,656,39209.984491
-776000.0,663,39230.555284
-752000.0,657,39240.07045
-764000.0,660,39260.411628
-760000.0,658,39270.273297
-740000.0,654,39289.826356
-740000.0,654,39299.574563
-752000.0,656,39319.903969
-760000.0,658,39329.678813
-756000.0,657,39348.382618
-752000.0,656,39357.863297
-744000.0,655,39378.119521
-748000.0,655,39388.270341
-780000.0,663,39408.643385
-772000.0,661,39418.462212
-768000.0,660,39438.876334
-776000.0,662,39448.729227
-776000.0,662,39469.30873
-768000.0,661,39479.108698
-756000.0,658,39498.842855
-748000.0,656,39508.784188
-768000.0,661,39529.732661
-768000.0,661,39539.355561
-756000.0,658,39559.759233
-768000.0,661,39568.783458
-772000.0,661,39588.38633
-764000.0,659,39598.52881
-780000.0,663,39618.20548
-764000.0,659,39627.787027
-756000.0,658,39648.422661
-748000.0,655,39657.088435
-764000.0,660,39678.028954
-792000.0,663,39686.926274
-760000.0,658,39707.109184
-764000.0,659,39716.671291
-752000.0,657,39736.008794
-776000.0,661,39746.025643
-760000.0,657,39766.217786
-752000.0,656,39775.979123
-760000.0,658,39796.108117
-756000.0,658,39805.302034
-752000.0,656,39825.277518
-756000.0,658,39834.978655
-780000.0,663,39854.740617
-760000.0,658,39864.551034
-776000.0,662,39883.964216
-752000.0,657,39893.326368
-756000.0,658,39914.214805
-756000.0,657,39923.941267
-748000.0,655,39944.727424
-760000.0,657,39954.733553
-760000.0,657,39975.038525
-768000.0,658,39984.966896
-756000.0,657,40005.127226
-760000.0,658,40014.298657
-756000.0,657,40034.405758
-756000.0,658,40043.710743
-752000.0,657,40063.352955
-756000.0,658,40072.44096
-752000.0,657,40092.504503
-760000.0,657,40102.310442
-752000.0,657,40122.701293
-752000.0,656,40131.664719
-752000.0,657,40152.529082
-756000.0,656,40161.986468
-756000.0,657,40182.333846
-748000.0,655,40192.013132
-748000.0,655,40212.80942
-748000.0,655,40222.599626
-748000.0,656,40244.12148
-752000.0,656,40253.786284
-744000.0,654,40274.583322
-756000.0,656,40284.120684
-756000.0,657,40303.795119
-748000.0,655,40313.233256
-764000.0,659,40332.928657
-756000.0,656,40342.361398
-764000.0,659,40362.080058
-772000.0,661,40371.819834
-748000.0,655,40392.575498
-740000.0,654,40402.18251
-772000.0,662,40422.030849
-756000.0,657,40431.385737
-748000.0,655,40451.867305
-752000.0,656,40461.790984
-776000.0,662,40482.173332
-744000.0,655,40491.316811
-756000.0,657,40512.607468
-744000.0,654,40521.47701
-752000.0,657,40541.866804
-768000.0,660,40551.102018
-748000.0,655,40571.723241
-748000.0,655,40580.73084
-740000.0,653,40601.097902
-736000.0,652,40610.072908
-736000.0,652,40630.520579
-744000.0,653,40639.715017
-748000.0,655,40659.750387
-768000.0,660,40668.292014
-748000.0,655,40688.838485
-748000.0,655,40697.769125
-740000.0,653,40719.014124
-756000.0,657,40727.541985
-736000.0,652,40747.53714
-736000.0,652,40756.875331
-748000.0,656,40777.599371
-748000.0,654,40787.029782
-752000.0,656,40807.372606
-756000.0,658,40816.319125
-760000.0,658,40836.42948
-768000.0,660,40845.857551
-756000.0,658,40866.117484
-760000.0,658,40875.88244
-760000.0,658,40895.76622
-756000.0,657,40905.416471
-756000.0,657,40925.957895
-740000.0,654,40935.526586
-752000.0,656,40957.108452
-740000.0,653,40965.62299
-764000.0,659,40987.043723
-740000.0,653,40996.033351
-740000.0,653,41017.246825
-760000.0,658,41026.798751
-752000.0,656,41047.66678
-752000.0,656,41056.973148
-756000.0,657,41078.611044
-740000.0,651,41087.987523
-752000.0,656,41108.587787
-756000.0,657,41117.971998
-764000.0,660,41139.298795
-772000.0,661,41148.597076
-768000.0,659,41169.654119
-756000.0,656,41178.141387
-756000.0,656,41199.205712
-756000.0,656,41207.227206
-764000.0,658,41228.049416
-760000.0,657,41237.283938
-756000.0,659,41258.487745
-748000.0,656,41267.763541
-752000.0,657,41289.865004
-760000.0,658,41298.604826
-756000.0,657,41319.643395
-748000.0,654,41328.912796
-756000.0,657,41350.383486
-764000.0,659,41358.347436
-756000.0,657,41379.908395
-752000.0,656,41388.823771
-756000.0,657,41410.092712
-740000.0,653,41419.177871
-756000.0,657,41441.24961
-768000.0,659,41450.537126
-760000.0,658,41471.313396
-756000.0,658,41480.571884
-760000.0,658,41502.156669
-768000.0,658,41511.443742
-748000.0,654,41532.574658
-732000.0,652,41541.945716
-760000.0,658,41563.842729
-760000.0,658,41572.343639
-732000.0,651,41594.154659
-728000.0,651,41602.983371
-756000.0,658,41625.273729
-768000.0,659,41634.391278
-784000.0,662,41657.636288
-768000.0,660,41665.611253
-1380000.0,595,41684.93563
-884000.0,659,41695.249645
-760000.0,656,41715.748877
-760000.0,660,41726.543898
-780000.0,660,41746.771246
-752000.0,657,41756.112756
-756000.0,655,41775.783949
-744000.0,654,41786.185822
-784000.0,662,41805.882286
-780000.0,660,41816.692881
-756000.0,657,41836.402729
-816000.0,670,41846.68324
-772000.0,658,41866.18061
-784000.0,661,41877.382445
-768000.0,660,41897.218966
-752000.0,657,41908.376725
-760000.0,658,41928.096994
-772000.0,659,41939.072051
-740000.0,653,41958.213505
-780000.0,659,41970.052328
-768000.0,658,41989.731744
-760000.0,655,42001.165243
-772000.0,659,42020.573025
-756000.0,657,42030.647542
-756000.0,657,42049.443103
-772000.0,659,42060.432604
-744000.0,654,42079.790308
-764000.0,658,42091.289128
-776000.0,660,42110.525246
-748000.0,654,42120.290417
-780000.0,662,42139.181982
-728000.0,650,42150.271047
-756000.0,657,42170.013041
-760000.0,656,42181.432571
-752000.0,653,42200.518338
-744000.0,650,42211.125328
-788000.0,663,42230.722338
-892000.0,661,42241.045609
-772000.0,659,42261.043075
-744000.0,653,42271.588976
-776000.0,661,42291.48859
-780000.0,662,42302.183514
-764000.0,657,42322.02122
-772000.0,662,42333.201807
-772000.0,659,42352.806044
-748000.0,655,42363.180564
-752000.0,656,42382.430083
-768000.0,659,42393.549654
-748000.0,656,42413.981879
-784000.0,660,42424.027121
-760000.0,658,42443.985432
-760000.0,657,42455.040945
-768000.0,659,42474.514733
-776000.0,658,42485.055691
-772000.0,660,42503.468132
-736000.0,652,42513.962262
-756000.0,658,42534.298679
-764000.0,659,42544.664586
-760000.0,658,42564.606136
-772000.0,660,42574.474232
-760000.0,658,42595.111007
-768000.0,658,42606.050311
-760000.0,660,42626.897338
-768000.0,659,42637.567204
-752000.0,657,42657.344359
-776000.0,661,42668.091441
-760000.0,658,42688.170692
-772000.0,659,42698.744926
-776000.0,662,42718.158486
-764000.0,659,42728.736959
-756000.0,656,42748.492416
-744000.0,654,42759.388462
-776000.0,659,42780.230289
-776000.0,661,42790.654648
-756000.0,654,42811.315973
-736000.0,650,42822.16415
-772000.0,658,42842.092657
-736000.0,653,42852.079217
-760000.0,657,42870.643076
-776000.0,661,42881.30923
-792000.0,661,42901.878882
-772000.0,661,42912.109821
-784000.0,664,42932.338702
-788000.0,663,42942.940161
-768000.0,659,42963.934562
-768000.0,659,42974.324939
-780000.0,663,42993.820235
-780000.0,663,43004.374279
-776000.0,661,43023.978984
-776000.0,662,43035.082371
-776000.0,661,43055.687274
-760000.0,659,43065.410059
-764000.0,659,43084.813987
-764000.0,659,43095.015249
-764000.0,659,43115.150149
-756000.0,658,43125.747291
-780000.0,661,43146.565269
-744000.0,655,43156.82544
-768000.0,661,43176.352706
-760000.0,656,43186.453748
-788000.0,665,43207.249643
-768000.0,661,43216.799559
-768000.0,660,43238.052797
-756000.0,659,43248.386808
-764000.0,660,43269.404389
-772000.0,661,43279.383269
-776000.0,663,43300.201313
-764000.0,660,43309.841464
-776000.0,661,43330.5904
-780000.0,663,43340.142147
-772000.0,662,43361.380051
-776000.0,663,43371.244699
-752000.0,656,43391.136319
-772000.0,662,43401.497216
-776000.0,661,43422.682493
-776000.0,660,43432.677213
-760000.0,658,43452.942372
-752000.0,657,43463.516619
-744000.0,653,43484.26031
-756000.0,657,43493.439516
-772000.0,660,43514.523493
-768000.0,660,43524.914521
-784000.0,665,43546.000309
-740000.0,654,43556.038479
-744000.0,655,43576.903638
-772000.0,662,43585.842064
-780000.0,661,43606.008033
-744000.0,654,43616.083863
-772000.0,663,43637.081304
-772000.0,660,43646.524743
-828000.0,673,43668.431547
-792000.0,668,43678.336577
-768000.0,661,43700.452804
-752000.0,655,43709.903279
-768000.0,660,43730.918712
-788000.0,664,43740.376835
-792000.0,667,43761.487957
-772000.0,663,43770.692323
-780000.0,659,43792.108335
-760000.0,656,43801.641154
-744000.0,653,43822.500128
-756000.0,655,43831.787116
-752000.0,656,43852.831822
-772000.0,661,43862.544179
-772000.0,658,43883.925483
-772000.0,661,43893.263302
-784000.0,663,43913.800916
-744000.0,653,43923.469577
-772000.0,661,43944.713141
-748000.0,656,43953.924363
-776000.0,663,43976.468913
-748000.0,656,43985.293495
-756000.0,657,44006.943475
-772000.0,664,44015.905413
-752000.0,655,44036.873944
-748000.0,654,44045.221857
-768000.0,662,44067.059316
