0,1,2,3,4,5,6,7,8,9,10,11,12,13,14,15,16,17,18,19
0.8023995666582349,1.9475025499893146,3.002399566658188,1.9475025524131482,6.0023995666581245,1.9475025557183756,9.00239956665806,1.9475025590236033,12.000000002569422,-2.3321444259995183,2.802399570032321,-1.1149974478072004,2.8023995675754354,1.1150025521928,7.802399570032322,-1.1149974422984879,7.802399567575436,1.1150025577015126,12.802399570032321,-1.1149974367897753
0.6635268949574197,1.9475020472958227,3.003526894957365,1.9475021955748424,6.003526894957295,1.9475023856761495,9.003526894957226,1.9475025757774567,12.000000015687407,-0.24756353303892756,2.663527089019167,-1.1149978259699662,2.6635269477105283,1.1150021740300298,7.663527089019157,-1.1149975091344544,7.663526947710519,1.1150024908655416,12.663527089019148,-1.1149971922989423
0.5246810324657775,1.9475002560213253,3.004681032465724,1.947500200790745,6.004681032465659,1.9475001339795592,9.004681032465596,1.9475000671683733,11.999999987502193,-0.5611848672403564,2.5246809642626915,-1.1149997885194647,2.5246810139256732,1.1150002114805353,7.524680964262691,-1.114999899871441,7.524681013925672,1.115000100128559,12.52468096426269,-1.1150000112234175
0.38586230300626995,1.947495829505761,2.9958623030045137,1.9474928501814195,5.995862303002496,1.947489425670682,8.995862303000479,1.9474860011599449,11.999998856973308,-1.0013411530860894,2.3858588071502562,-1.1150064534994022,2.3858613527032375,1.1149935464991456,7.385858807146999,-1.1150121610172978,7.38586135269998,1.11498783898125,12.385858807143741,-1.1150178685351932
0.247072353577591,1.9474872939933752,2.9970723535500907,1.9474750086403614,5.997072353520091,1.9474616064370736,8.99707235349009,1.9474482042337857,11.999998990209946,-0.2260620389342252,2.247058672141777,-1.1150216407782567,2.247068634446221,1.114978359199491,7.2470586720918835,-1.1150439777837364,7.247068634396327,1.1149560221940114,12.24705867204199,-1.1150663147892161
0.10831101545733904,1.947475382261471,2.9983110153149655,1.9474467019255897,5.9983110151671735,1.9474169299506263,8.99831101501938,1.947387157975663,11.999996574138843,-0.34526954371533874,2.1082806231344113,-1.1150444655710317,2.108302753635801,1.1149555343191573,7.108280622888198,-1.115094085529304,7.108302753389587,1.114905914360885,12.108280622641983,-1.1151437054875761
-0.00042828671965751663,1.9474645393340615,2.9995717129863007,1.9474225408896357,5.999571712692258,1.94738054244521,8.999571712398215,1.9473385440007844,11.999974367796588,-1.831023482375453,1.9695288396752797,-1.1150630393443421,1.9695600585189694,1.1149369604371346,6.969528839185315,-1.1151330367517183,6.969560058029005,1.1148669630297585,11.969528838695352,-1.1152030341590944
0.0008369085376097263,1.9474639731428047,3.0008369084527446,1.9474414163463323,6.000836908367879,1.9474188595498596,9.000836908283015,1.947396302753387,11.999997499697393,-0.3325793824093984,1.830813881756152,-1.1150497864164752,1.8308306489748634,1.1149502135204894,6.830813881614817,-1.115087381077263,6.830830648833528,1.1149126188597016,11.83081388147348,-1.1151249757380506
0.0020750050634834806,1.9474956868772504,3.0020750040507527,1.9475736355857598,6.002075003038022,1.9476515842942692,9.002075002025292,1.9477295330027786,11.999998157017602,0.07108647853896147,1.6921545771329576,-1.114960400983192,1.6920966352596323,1.1150395982640593,6.69215457544518,-1.1148304864690095,6.692096633571855,1.1151695127782417,11.6921545737574,-1.114700571954827
0.003239836890231912,1.947590852922652,3.0032398185073346,1.9479229628455033,6.003239800124437,1.9482550727683545,9.003239781741538,1.9485871826912058,11.999961304372892,0.3502077674138188,1.5535788562720216,-1.1147375381847322,1.5533319878960354,1.1152624481506952,6.5535788256339655,-1.1141840216466468,6.55333195725798,1.1158159646887806,11.553578794995909,-1.113630505108561
0.004273247462042375,1.947789563437941,3.004273131991988,1.9486219214905094,6.004273016521934,1.9494542795430778,9.004272901051879,1.9502866375956465,11.999393706890237,2.18687726219369,1.41512289203649,-1.114319110401737,1.4145041725507475,1.1156808037655708,6.415122699586506,-1.1129318469807894,6.414503980100764,1.1170680671865183,11.415122507136523,-1.1115445835598419
-0.0048895649434681126,1.9481318010197928,2.995109963005377,1.9498147467474514,5.9951094909542215,1.95149769247511,8.995109018903067,1.9531806382027685,11.99836553181115,2.9169499214451156,1.2768282407450666,-1.1136496602509176,1.275577251087507,1.116349988857772,6.276827453993249,-1.1108447507048198,6.275576464335689,1.1191548984038697,11.27682666724143,-1.1080398411587222
-0.004313175162417737,1.9486707442071194,2.9956853359301174,1.9516596306532372,5.995683847022653,1.954648517099355,8.99568235811519,1.957637403545473,12.000535664079933,-0.5316777944189734,1.1387374139665338,-1.112691959017051,1.1365156750415861,1.1173069342284483,6.1387349324541995,-1.1077104816068544,6.136513193529251,1.122288411638645,11.138732450941864,-1.1027290041966578
-0.004055265498239636,1.9494455127529269,2.995940822882862,1.9542900661590494,5.995936911263964,1.9591346195651722,8.995932999645067,1.9639791729712948,11.998105383300338,1.182933004049147,1.0008889122309206,-1.1114356430008057,0.997287794199036,1.118561449362528,6.000882392866197,-1.1033613873239343,5.997281274834312,1.1266357050393994,11.000875873501474,-1.0952871316470632
-0.00416093142114856,1.9504895930207098,2.99583013053423,1.9578127199113127,5.9958211924896085,1.9651358468019153,8.995812254444989,1.9724589736925182,11.99487288593942,2.1150190514835,0.8633121983735931,-1.1099019863501651,0.8578686740515783,1.120091369703381,5.863297301632664,-1.0976967748658268,5.857853777310649,1.1322965811877193,10.863282404891734,-1.0854915633814886
-0.004658881668942458,1.951824818469987,2.995322851343564,1.9622938963136125,5.99530458435607,1.9727629741572383,8.995286317368578,1.983232052000864,12.000185173987127,-0.03212458008981648,0.7260239178861365,-1.1081439552978751,0.7182419033557079,1.1218424662414692,5.725993472907087,-1.0906954922251653,5.718211458376659,1.139290929314179,10.725963027928039,-1.0732470291524554
-0.005559991856766469,1.9534607508232547,2.994405945992814,1.9677566153268071,5.994371883842394,1.9820524798303596,8.994337821691975,1.9963483443339118,12.002691345092604,-0.5361828799257568,0.5890271178082385,-1.1062406102609035,0.5784005251939309,1.1237340702073326,5.5889703475576455,-1.082414169421649,5.578343754943338,1.1475605110465872,10.588913577307054,-1.0585877285823946
-0.016857671008136454,1.9553335707813007,2.983083496708989,1.9741216051548982,5.983024664426115,1.9929096395284958,8.982965832143242,2.011697673902093,11.98401716696054,2.5896027885666197,0.4523129559058563,-1.1042881661072907,0.4383471836881485,1.1256681018958208,5.452214902101172,-1.0729747754846275,5.438249129883465,1.156981492518484,10.45211684829649,-1.0416613848619642
-0.01853204142650646,1.9575431668290806,2.9813726896231763,1.9814514211640328,5.98127742067286,2.005359675498985,8.981182151722543,2.0292679298339373,12.014816336671624,-1.8112728126570867,0.3158644570822676,-1.1023890598362573,0.2980926546932861,1.1275401235773883,5.315705675498513,-1.062541969278003,5.297933873109531,1.1673872141356427,10.315546893914757,-1.0226948787197485
-0.020554691982030006,1.9600315952880898,2.979299206052272,1.9896388654766601,5.979153104086574,2.0192461356652305,8.979007002120877,2.0488534058538006,11.985252932866455,1.5534113790232376,0.17966111722412256,-1.1006415136446395,0.1576530463839515,1.1292498838942397,5.179417613948066,-1.0512960633303545,5.157409543107894,1.1785953342085247,10.179174110672008,-1.0019506130160696
-0.02289614158618601,1.9627918833980902,2.976889823437582,1.9986271180985378,5.976675788461351,2.0344623527989856,8.976461753485118,2.070297587499433,12.033550605859404,-2.7368654811641178,0.04368352015413545,-1.0991312702167335,0.01704599569346875,1.130709630450982,5.043326795193856,-1.0394058790493195,5.016689270733189,1.190435021618396,10.042970070233576,-0.9796804878819054
-0.0255321786960939,1.9658248140878576,2.974166031679975,2.0083765081343365,5.9738642420560435,2.050928202180816,8.973562452432114,2.093479896227295,11.981147854848478,1.4140969685824865,4.907414091889495,-1.0270078477086817,4.875783999314946,1.2027678220042444,9.906911109183051,-0.9560883576312149,9.8752810166085,1.273687312081711,14.906408126476606,-0.8851688675537482
-0.0284481477533175,1.9691417400535784,2.9711396077264234,2.018873994935383,5.970727363206163,2.0686062498171878,9.026419406478867,-1.4103259711363394,12.00306172253761,-0.08519563816718312,4.771667475281598,-1.014194690102529,4.734699832486123,1.2154988748041262,9.770980401081273,-0.9313075986328524,9.734012758285797,1.2983859662738029,14.770293326880948,-0.848420507163176
-0.041638028904028984,1.9725736501504836,2.957813372550658,2.0299434184185148,5.957264774005346,2.087313186686546,9.007324521794818,-0.16277503955774042,12.020550174333406,-0.9596703686211137,4.636082101109955,-1.0010168790351373,4.593437240030718,1.2285753293795616,9.635167770201209,-0.9054005985884162,9.592522909121971,1.3241916098262827,14.63425343929246,-0.809784318141695
-0.04510766457671938,1.976505651380564,2.954177907806879,2.0419736228720144,5.953463480190478,2.1074415943634643,8.952749052574074,2.1729095658549147,12.04182614319392,-1.785230453477366,4.500657344413794,-0.9874995330005224,4.451992818938482,1.2419694091380005,9.499466631719898,-0.8783862471814365,9.450802106244584,1.3510826949570862,14.498275919026002,-0.7692729613623507
-0.04885986993669889,1.9808040063138888,2.950226537688746,2.0548358886073825,5.949312945314191,2.128867770900876,8.948399352939637,2.20289965319437,11.97982935646114,0.9652140287484903,4.365392679602871,-0.9736639117525606,4.310362313764706,1.2556569845824015,9.363870025645385,-0.8502774412634018,9.308839659807221,1.3790434550715605,14.3623473716879,-0.7268909707742428
-0.05289560963874135,1.985498357990894,2.9459543616971144,2.0685576706448785,5.944804333032971,2.1516169832988634,8.943654304368826,2.234676295952848,11.969260294738605,1.2760051200097653,4.230284065232551,-0.9595446166989418,4.168543309493088,1.2696005286607592,9.228367350792416,-0.8211124289422979,9.166626595052954,1.4080327164174031,14.226450636352283,-0.6826802411856538
-0.057210089282309425,1.9906132594152102,2.941362396833685,2.0831499845991246,5.939934882949679,2.1756867097830392,9.014148688477079,-0.45168095831317423,11.952797167195705,1.7146844348083887,4.095322582220066,-0.9451964520793633,4.026536949833355,1.2837424292669066,9.092943392413497,-0.7909685767728358,9.024157760026785,1.4379703045734342,14.090564202606927,-0.6367407014663083
-0.07178711004910027,1.9958266348615676,2.9264633749697655,2.0982670032899877,5.924713859988632,2.200707371718408,9.037684067623552,-1.0411570353026756,11.932702360094869,2.174624756593763,3.9604955680964444,-0.9306905192873547,3.8843482275646504,1.2980090079100504,8.957579709794661,-0.7599565719066508,8.881432369262868,1.4687429552907543,13.954663851492878,-0.5892226245259469
-0.07662301332288349,2.0018028581902367,2.9212578450892064,2.1145430851103924,5.919138703501296,2.227283312030548,8.997508432775826,0.17785969560612044,12.024108874216184,-0.4155201276079058,3.825788786118867,-0.9161053647630348,3.7419852174415498,1.3123194066566666,8.822256883472457,-0.7282049865627714,8.738453314795139,1.50021978485693,13.818724980826047,-0.540304608362508
-0.08169791329662321,2.0082477767954448,2.915762882447821,2.1316527117644277,5.913223678192266,2.2550576467334107,8.982460800082306,0.583367890384999,11.974622658797864,0.8633207127925481,3.691188592640106,-0.9015174479814723,3.5994575909798265,1.3265950768552792,8.68695658554762,-0.6958425563664963,8.595225583887341,1.5322699684702552,13.682724578455133,-0.4901676647515203
-0.08699832285976788,2.015175890469901,2.9099893267616483,2.1495820957444893,5.906976976383064,2.283988301019078,8.948425862587598,1.3498716543064186,12.078485379040194,-1.4811184253761427,3.5566835617485837,-0.8869937416807516,3.4567749491611375,1.3407670778712157,8.551662977784382,-0.662983399556433,8.451754365196935,1.5647774199955342,13.546642393820182,-0.43897305743211434
-0.10250232762071823,2.0221173504488115,2.893956457687545,2.1678388243246456,5.890415242995807,2.3135602982004797,8.87042132967951,2.9043694546994594,12.114762998206594,-2.0682471147745383,3.4222652417416577,-0.872588132319992,3.3139456128272853,1.354779564759198,8.416363217255538,-0.6297190091935965,8.308043588341166,1.5976486878855936,13.410461192769416,-0.38684988606720094
-0.10822483068467198,2.0300217967679175,2.887646708608619,2.1873549466507787,5.88351824790191,2.34468809653364,8.88501858936138,2.4672347072642076,11.933491855019852,1.5813030333543239,3.2879273555909894,-0.8583439310538844,3.1709763808447264,1.3685872464875097,8.281046587746582,-0.5961220145824433,8.164095613000319,1.630809162958951,13.274165819902173,-0.3339000981110022
-0.11415086014710646,2.038457411147668,2.8810724617394605,2.20768285848469,5.876295783626028,2.376908305821712,8.986681824044188,0.5498447659941534,11.97806780704232,0.7269116740013928,3.153664216625709,-0.8443001010300029,3.027873300771853,1.3821492349057265,8.145703086436761,-0.5622576888016264,8.019912170582904,1.664191647134103,13.137741956247812,-0.2802152765732502
-0.12027598019561522,2.0474386868537167,2.8742357377723584,2.2288210756132423,5.8687474557403325,2.410203464372768,8.895595127032928,2.0727438417779016,12.153854880861621,-2.1769525802565193,3.0194701033916207,-0.8304947349959141,2.884642527747037,1.3954256420269942,8.010322966671684,-0.5281907537300318,7.8754953910270995,1.6977296232928767,13.001175829951745,-0.22588677246414934
-0.13657537751313095,2.0563326924860257,2.8571590914645455,2.250121054506464,5.850893560442222,2.443909416526902,8.865542003471063,2.3053155341051554,12.01753435024004,0.11710292262023714,2.885339757785161,-0.8169642230894614,2.741290408683299,1.4083783988506593,7.874897206081395,-0.4939836197220574,7.7308478569795325,1.7313590022180634,12.864454654377628,-0.17100301635465331
-0.14308511384650982,2.0664014070555337,2.849804290525756,2.2728306036238477,5.842693694898022,2.4792598001921617,8.980603482415841,0.5518473623656808,11.819005833696167,3.037470864294487,2.7512688569042627,-0.8037416803182879,2.5978231541218126,1.4209727769318112,7.739417864191479,-0.4596930193710904,7.585972161409029,1.7650214378790086,12.727566871478695,-0.11564435842389298
-0.14978532641338724,2.077051589986955,2.842189083072891,2.296343935906396,5.83416349255917,2.5156362818258375,8.959339383221502,0.8662722216710772,11.998827280104774,0.45517244873003065,2.6172538581095326,-0.7908571256654834,2.4542465476427444,1.4331771853860313,7.603877873920103,-0.4253698824664066,7.4408705634533145,1.7986644285851079,12.590501889730675,-0.05988263926732984
-0.16664564351374922,2.0875192589478533,2.8243417567211884,2.3198861490924387,5.815329156956126,2.5522530392370246,8.841924077512271,2.3858260320822224,11.821563923464112,2.762231974817073,2.483292059698519,-0.7783377540754002,2.3105660046910397,1.4449628800992846,7.468271060090188,-0.3910596038344155,7.295545005082709,1.8322410303402692,12.453250060481857,-0.003781453593430739
-0.17372405780805658,2.099319657167206,2.8162021418041983,2.3449643617139024,5.8061283414164535,2.5906090662605985,9.056090325976932,-0.2930418060054878,11.997265047641468,0.5254048142490979,2.3493821564554973,-0.7662066961482011,2.1667862594091156,1.4563051122302897,7.332592489142695,-0.3567988552370319,7.149996592096314,1.865712953141459,12.315802821829893,0.05260898567413719
-0.18099784364312288,2.1117326989316134,2.8077905171378124,2.3708545514644097,5.796578877918747,2.6299764039972064,8.912869964191616,1.4324523952002512,11.75808240533652,3.309563255448702,2.215524744841328,-0.7544818312255818,2.022910834458612,1.4671841836216277,7.196838679476326,-0.3226120770042453,7.00422476909361,1.899053937842964,12.178152614111324,0.10925767721709123
-0.19843265567233187,2.1238607221781725,2.789138366258424,2.396659895415986,5.776709388189181,2.6694590686537993,9.132754770784025,-0.9891939437608233,11.833035985773943,2.375243956008239,2.081722418368364,-0.7431759166401909,1.8789416995949182,1.4775852096617188,7.06100745491973,-0.288510627910492,6.8582267361462845,1.9322504983914177,12.040292491471098,0.16615466081920693
-0.20611676381494387,2.137488310108499,2.7801541350260015,2.4241695245877697,5.7664250338669465,2.71085073906704,8.840532371055156,2.0579386653040532,12.026005567234005,0.30378532275763115,1.947979169576989,-0.7322986087662713,1.7348794668140597,1.4874960927055456,6.925097334312004,-0.2544965846341434,6.711997631549075,1.9652981168376735,11.902215499047019,0.22330543949798465
-0.21402429890026073,2.151763356851231,2.7708601188134043,2.452537379814934,6.077079608925994,-0.4595550122042482,8.975578867103362,0.6805577185971156,12.160744677790166,-0.9921644615134775,1.8142991970902211,-0.7218597996557832,1.5907238400205306,1.4969042841780889,6.789106559946435,-0.2205697613829345,6.565531202876745,1.9981943224509378,11.76391392280265,0.2807202768899143
-0.23211186090708635,2.1656458277729325,2.7512960616946858,2.480728622220034,5.988289888418831,0.45632711760682965,9.067254514054873,-0.15780115248442173,11.920793579332246,1.38189072647752,1.6806860504787637,-0.7118722695113047,1.446474506606413,1.5057942862893936,6.65303258814849,-0.1867342787661238,6.4188210442761395,2.0309322770345744,11.625379125818215,0.33840371197905705
-0.2404964995882413,2.1811963415783926,2.741341295196605,2.510807272210646,5.723179089981452,2.8404182028428986,9.105962654861491,-0.4392634852938716,11.92687262221095,1.3227730059486758,1.5471423855609645,-0.7023524210234903,1.3021315937909843,1.5141470064332934,6.516872043535814,-0.1530008699697234,6.271861251765834,2.06349855748706,11.486601701510663,0.3963506810840435
-0.24913897741152943,2.1974192307163514,2.731031507444424,2.5417793346672077,6.005393984790672,0.2890832685307791,8.837455963375989,1.9659472143629333,11.92536604156213,1.336903132942455,1.4136703087084121,-0.693319693502439,1.1576959647716032,1.521940366907201,6.380621116801774,-0.11938618691766578,6.124646772864965,2.095873873491974,11.347571924895135,0.4545473196671075
-0.26797811453160775,2.2131226484427304,2.71042433435457,2.57245376658926,5.6888267832407475,2.93178488473579,8.7865260033632,2.284796458668758,12.018743935912504,0.5658948487133451,1.280272039967981,-0.6847951745971661,1.0131692421457217,1.529150645741607,6.24427612144505,-0.08590997768627073,5.97717332362279,2.1280358426525026,11.208280202922118,0.5129752192246246
-0.2771623687003636,2.2306569618992254,2.699367732632249,2.6051814015029473,5.6758978339648625,2.9797058411066693,8.725161711040583,2.74238634975514,12.277346027386994,-1.452215015847858,1.1469501988616733,-0.6768006293498937,0.8685536987562339,1.5357534126407295,6.107833701082801,-0.05259323001034377,5.829437200977361,2.1599608119802793,11.06871720330393,0.5716141693292062
-0.29655165081020957,2.2475793484478657,2.6779982230449195,2.6375191488633285,6.073908565726087,-0.1832701874219237,8.685619059209548,2.9986382785222667,11.832170831789286,2.0634409311662685,1.0137071900963046,-0.6693587756518823,0.7238519384541378,1.5417232972471446,5.971290313188293,-0.019459108292763982,5.681435061546126,2.191622964606263,10.92887343628028,0.6304405590663543
-0.3063192969566704,2.2664409112407853,2.6661390842677912,2.672016023751491,5.926361386033976,0.9624882908697144,8.988351213900673,0.7278891485782839,11.648601486918107,3.3902890938099417,0.8805444761831918,-0.6624941570064469,0.5790669758835606,1.5470332397037836,5.834641778224067,0.013464363844744032,5.533164277924436,2.2229917605549745,10.788739080264941,0.689422884695935
-0.3262975032926762,2.284590861754336,2.6439550557481692,2.7060166980659295,5.864470834151171,1.3484301362123663,8.813854065679577,1.9250970462264192,12.165701137432249,-0.32082735403307194,0.7474627590677485,-0.6562330277323922,0.43420288740945756,1.5516547078213505,5.6978836908025965,0.04614336612027803,5.384623819144305,2.2540311016740207,10.648304622537445,0.7485197599729482
-0.336685404331844,2.304786839709069,2.631244195215575,2.742272716201,5.751710532503732,2.121245281290153,9.152596470780216,-0.3779050228391929,11.606186482384434,3.5513274474632786,0.6144627931768875,-0.6506020274920025,0.2892649583178783,1.555558974838293,5.561012125756024,0.07854109999456504,5.235814290897015,2.284702102324861,10.507561458335163,0.8076842274811327
-0.3572843516648184,2.324166127339245,2.608202401862408,2.777915303265952,5.51145502300097,3.6726867567260086,9.250981174159524,-0.9391038471446544,11.986856858188451,0.998645936246468,0.48154625420730146,-0.6456267046024582,0.14425936676844173,1.5587184488528276,5.424024176752784,0.1106219219420701,5.086737289313924,2.314967075397356,10.366502099298268,0.8668705484865986
-0.3683244909614559,2.3457011340677143,2.5945966574754094,2.8159120103191935,5.517810955987398,3.4967482949010162,8.714477799536029,2.4963805195278277,11.528990510030017,3.9142229383886664,0.34871613708703597,-0.6413306681948416,-0.0008072809265711189,1.561107385476609,5.286918051148584,0.1423541255576405,4.937394633134977,2.344792179229091,10.225119965210132,0.9260389193101227
-0.3895759020875186,2.366313516270068,2.5706538486831043,2.85318087259221,5.877728278271328,1.2457924518503025,8.807972976449635,1.9102963792546328,11.984187273336808,1.0763759119520797,0.21597628168641547,-0.6377358845765045,-0.14592845317971792,1.5627015634963723,5.149692532970892,0.1737097092937494,4.787787798104759,2.374147157366626,10.083408784255369,0.9851553031640035
-0.4111627172835606,2.3875165620558345,2.5462468226791026,2.8912315736819005,5.614170911240144,2.75149704516176,9.276091264966308,-0.8330126150744714,11.778010017452937,2.31797898744157,5.0123461934229985,0.20466124264319752,4.637918034780948,2.4030023340154907,9.941362093360874,1.0441862620199918,9.566933934718824,3.242527353392285,14.870377993298751,1.883711281396786
-0.42324595649129043,2.4110461026712557,2.531211803472898,2.931794933286369,5.51579324642545,3.278179330723054,8.957339892347976,1.0173873957840631,12.281400789610386,-0.5470581004646222,4.8748769941707915,0.23517858610017672,4.487787030080216,2.4313255210069373,9.798973260777876,1.1030933037920505,9.4118832966873,3.299240238698811,14.723069527384961,1.9710080214839247
-0.4455403804836666,2.4334869167839748,2.5058318106619577,2.971448057882373,5.825109530923905,1.4789960144331908,8.44995402730307,3.8396521424928665,12.33179810019606,-0.735603279697643,4.737282624486509,0.2652267965139501,4.337398176270025,2.459080125265578,9.656236276395989,1.1618286983446333,9.256351828179504,3.355682027096261,14.575189928305466,2.058430600175316
-0.4583674276157874,2.458367277038828,2.4897838140699062,3.0137088441366986,5.864151391253108,1.2861367633871674,8.743900149088782,2.1738500482941943,11.503301719567473,3.757195347135779,4.5995608136314265,0.2947665383637552,4.186756915422,2.4862256280168347,9.51314621644102,1.2203358168602267,9.100342318231593,3.411794906513306,14.426731619250615,2.1459050953566985
-0.4813971573589433,2.4820407547110475,2.463396896988806,3.0549176851924225,5.296136817980727,4.1755763046970635,8.483855319654115,3.515159957555067,11.2079375838864,5.227880338894622,4.461709909609059,0.3237546813434733,4.035871391284561,2.512718261742014,9.369700000188745,1.2785495654791184,8.943861481864248,3.4675131458776587,14.27769009076843,2.2333444496147634
-0.5047942727850767,2.5062974672771094,2.436506183875072,3.096849432518454,6.1414283377338705,-0.10100006310692122,8.739405941715091,2.207245629289705,11.217708208359625,5.089052108805618,4.323729181134141,0.3521462411665922,3.8847522203047316,2.5385129139506835,9.22589660890116,1.3363995165688545,8.78691964807175,3.5227661893529456,14.12806403666818,2.320652791971117
-0.5285595160419726,2.531134328426612,2.4091113838583733,3.1394842966836265,5.496676078825402,3.0384634364495726,8.40120944384556,3.7985182011061367,12.037522373924919,1.0482795241163727,4.185619197081808,0.37989624054977084,3.733412387344084,2.5635649428090748,9.081737363582489,1.3938128543114832,8.629530553844765,3.5774815565707874,13.977855530083168,2.407729468073196
-0.5429131156091653,2.5586360558002736,2.3909930947318174,3.1848902764824403,6.283411457372663,-0.6735436306285576,8.376688662697532,3.875183044281787,12.307544023758346,-0.17433789944203326,4.047381764596667,0.4069624832624947,3.5818661272229133,2.587832766282672,8.93722544849841,1.450719517732795,8.471709811124656,3.6315898007529723,13.827069132400151,2.494476552203095
-0.5674274378224651,2.584685499637198,2.3625798394688644,3.228934950563986,5.563636654685856,2.6379009237800286,8.703038935059398,2.306703526409017,11.656874597303778,2.8642206784533637,3.909020028068594,0.433308188443537,3.4301279362130046,2.6112802645634723,8.792365490220913,1.5070572733215397,8.313473398365325,3.685029349441475,13.675710952373233,2.580806358199542
-0.5923117238948358,2.611309541157596,2.333662854753708,3.273633302698801,5.685953037971406,2.0419453443116593,9.047929913698248,0.7929251124339389,11.778724140116285,2.3187339580440405,3.770538418442574,0.4589050983291184,3.2782110890302674,2.633879535124583,8.647162716190252,1.5627780342311506,8.154835386777945,3.7377524710266155,13.523787013937929,2.666650970133183
-0.6175701608753258,2.6385087169399513,2.3042376374812026,3.318978546882905,5.907039777178253,1.1009631925852201,8.799044561282772,1.9156330886868316,11.898771987201908,1.8135634566340004,3.6319422785254796,0.4837348825482502,3.1261263716012064,2.655612012659983,8.50162194245313,1.6178512657865305,7.995806035528857,3.7897283958982637,13.371301606380783,2.751967649024811
-0.6432104030125303,2.6662845938481112,2.8711121620359163,0.8956738042294038,6.077558721976582,0.3817684048622354,8.609766768586136,2.687056679737891,11.438665953094434,3.760818468293568,3.4932371005855347,0.5077878252661868,2.9738813248256695,2.676467049629456,8.355746572252057,1.6722626588084857,7.836390796492191,3.840941883171755,13.21825604391858,2.8367374923507844
-0.6595325705652012,2.6970290648691555,2.9525820720072113,0.5492248300639582,5.697859881880874,1.9388199998590792,8.611235858282607,2.685609565766603,12.283708184943334,0.3023058431048149,3.3544281977909316,0.5310592589625529,2.8214810607294756,2.6964385211468933,8.209538651119049,1.7260079967685074,7.676591514057592,3.891387258952848,13.064649104447167,2.920956734574462
-0.6859843712732296,2.726025379211586,2.7616072681866086,1.305078864271977,5.409379424081025,3.095392209187551,8.694999529875876,2.319811469582793,11.429236460652964,3.751013334886216,3.2155204279328213,0.5535460233204041,2.668929326502604,2.715521547658574,8.062999182054277,1.7790866094868105,7.51640808062406,3.94106213382498,12.910477936175734,3.004627195653217
-0.7128536946879475,2.7556035409247492,2.190912644221756,3.509354858677863,5.296767927203818,3.4762323219722844,9.054365579354096,0.9528608007120325,11.473123279653782,3.5618257045072914,3.0765177679847113,0.5752434404176665,2.516229288454885,2.7337097523405927,7.91612833283432,1.8314956366728825,7.355839853304493,3.989961948595808,12.755738897683928,3.0877478329280983
-0.7401535200875372,2.7857632506010166,3.0813261007298274,0.10143872882483551,5.165663553245468,3.908406926186531,8.902252485031038,1.5389645905727583,12.011019099199649,1.529605655092277,2.9374232116778467,0.5961432762723694,2.3633843502812297,2.7509934765430235,7.768925902867653,1.8832259251437067,7.194887041471037,4.038076125414361,12.60042859405746,3.1703085740150447
-0.7678955569130718,2.8165029271344038,2.8092230333349004,1.1088651817089208,5.377690536035841,3.0645014930477528,8.232337580523572,4.030421070738216,11.431341850236693,3.6910392085609356,2.79823946763369,0.6162331171560964,2.2103994519613557,2.7673593607722986,7.621392480226071,1.9342600581254565,7.033552464553736,4.085386301741659,12.44454549281845,3.252286999094817
-0.7960895238557353,2.8478201455378,2.6285778814217897,1.7415965350156566,5.612457429178651,2.219514287224806,8.385783765378024,3.4251267074705978,11.322882314087519,4.065965551658833,2.658969718142013,0.6354974104272505,2.057281730452799,2.7827914204478867,7.473530278726399,1.9845736160084473,6.871842291037185,4.131867626029084,12.288090839310787,3.3336498215896446
-0.8247435949193072,2.879711952665309,2.5248979936745943,2.076879574260974,5.63438228423858,2.122088936169681,8.632493803743673,2.562214365451484,11.445958065803309,3.618172017685886,2.519617902613553,0.6539194143049156,1.9040400244783304,2.7972728326544276,7.325343055863579,2.034138872007208,6.7097651777283565,4.17749229035672,12.131068209113606,3.4143583297095006
-0.8538649278052681,2.912175295483181,2.173293155444002,3.239863695387414,6.091348102405206,0.552466714755991,8.144511413731413,4.203672119145019,11.775932777016209,2.4903607002671073,2.380189014230569,0.6714831367957215,1.750684322521462,2.8107876600266297,7.176835927304354,2.082928633901341,6.547331235595247,4.22223315713225,11.97348284037814,3.494374131006961
-0.8834607783488511,2.9452074236345362,1.8104567068175037,4.3863985137016535,5.979173152058514,0.9470264362054698,8.458315357999902,3.108852927664371,11.971620050494355,1.8630850972081847,2.240689054021998,0.6881752849847207,1.5972246739424822,2.823322491050121,7.028014628159667,2.1309205317997786,6.384550248080151,4.266067737865178,11.815340202297335,3.5736657786148367
-0.9230953901726849,2.975857702266065,2.1045037787260257,3.351569479988277,5.169198314734492,3.5867653356187743,7.971098729455794,4.696381180043943,10.943246528077104,5.234193591607696,2.1011246240904056,0.7039863248920115,1.443669897483268,2.834867194969439,6.878884422470288,2.178100061679315,6.22142969586315,4.308980931756743,11.65664422085017,3.652213798466619
-0.9536486907277847,3.009957613600335,2.4743935158582127,2.124657040387064,5.431677929070385,2.711074033024071,8.564586537669529,2.7572141300654542,11.501291555459844,3.4289467613629405,1.9615027734374273,0.7189102131792295,1.2900272722577446,2.845414539842003,6.729449694205977,2.224460664254751,6.057974193026294,4.350964990917524,11.497396614974528,3.7300111153302717
-0.9847076208367397,3.044619764754728,2.030692810340385,3.4724585915903674,6.245581881273958,0.16929549803947763,8.371894583850949,3.372927576921974,10.903953562415758,5.282989747136143,1.8218308166700123,0.7329432629928574,1.1363027728596464,2.8549591208858978,6.5797139061162895,2.2700016571865027,5.894185862305924,4.392017515079543,11.337596995562567,3.807060051380148
-1.0162862163935835,3.0798419595403863,1.9361657573968156,3.7046145915931357,5.567496199246551,2.266658554221121,9.140358771311552,1.022142406465197,11.699584308021757,2.840340693001704,1.6821158183108846,0.7460826083853488,0.9825010783685986,2.863495939706253,6.429679341451925,2.3147255230541517,5.730064601509638,4.432138854375056,11.177242864592966,3.883368437722954
-1.0483994767526545,3.115621432398467,2.4642393497291515,2.0845256512323793,4.697563178697243,4.833268439382856,9.201740416294822,0.8691716952498436,10.596930807528055,6.125387855174023,1.5423645224388833,0.7583246435969768,0.8286263470713296,2.8710190883814084,6.279347582493661,2.3586344538381283,5.565609407126107,4.471328898622559,11.016330642548438,3.95894426407928
-1.0905151105570012,3.148690596608385,2.5091226197729903,1.9348145432068182,5.228674219372406,3.232900396135196,7.761949379410665,5.092099294174838,11.26453700140739,4.143378820306102,1.4025833690590819,0.7696642787765126,0.6746827222039679,2.877521163934494,6.128719882866214,2.40172850939336,5.4008192360111,4.509585394551342,10.854856396673348,4.033792740010208
-1.1237216427156163,3.1855099245832807,1.5781528535099476,4.53285822982569,4.8189299887179375,4.368309536929957,7.2510362270445246,6.484784801456283,11.991473989824575,2.0794229574395815,1.2627786072721587,0.7800946159912405,0.5206748476019346,2.88299309425483,5.977797616831775,2.444004391036586,5.235693857161551,4.546902869300175,10.692816626391393,4.1079141660819305
-1.1575085910689484,3.222873920905001,2.7716383031975544,1.154187852113539,5.083747476944556,3.5859608279161774,7.223587698834069,6.5081378442678925,11.198410085589215,4.320472444307371,1.1229560182909102,0.7896071012862015,0.3666074750327477,2.887424271849751,5.82658196125851,2.4854558529861173,5.070233418000347,4.583273023549667,10.530207904226108,4.181304604686033
-1.201275259584661,3.257321240519917,2.0341167107610074,3.161450904096073,4.765047426170867,4.422053160354038,8.377825858278678,3.293817413151795,11.7740610501461,2.7528834172185888,0.9831211489298689,0.7981916017108164,0.2124858262562782,2.890802697793357,5.675074279159779,2.5260734911134857,4.904438956486189,4.618684587196027,10.36702740938969,4.253955380516155
-1.2362444996263926,3.295693109931401,2.8572863889885087,0.9368049683102532,4.502228744218357,5.076125996572172,8.950429094721445,1.760432769288779,11.733554040818388,2.890329224525029,0.8432798151817946,0.8058367136462579,0.05831619802421906,2.893115353344106,5.523276765176968,2.5658448238650364,4.738313148019392,4.653123463562885,10.203273715172141,4.325852934083816
-1.281172323656973,3.33100709873001,2.399865564685944,2.1118872284717947,4.965738343064986,3.8127337879484626,8.23306195433284,3.6792096869921203,11.210811372654055,4.279980352557696,0.7034385950051185,0.8125302273794597,-0.09589359174512313,2.8943486765303645,5.3711929652986266,2.604754861348611,4.571860778548385,4.686573310499516,10.038947335592134,4.396979495317763
-1.3173742428494426,3.370361171984162,2.0201857487306167,3.0695418204136242,5.546347942721511,2.3029143500061955,8.084762324743986,4.042644216857232,11.910626583063836,2.495648179705371,0.5636052082659346,0.8182595763414489,-0.25013390759944254,2.894489007620814,5.218828148354196,2.6427867419588864,4.405089032488819,4.719016173238252,9.874051088442458,4.467313907576324
-1.3635046836688172,3.4065152928281117,2.410875001461749,2.0638660678121057,5.638009425507475,2.0506267607456135,8.255287850934227,3.5958821903747995,10.963349216790636,4.9026279102394845,0.42378875788557613,0.8230121664942205,-0.4043930649184114,2.8935229412493455,5.066189598143702,2.679922083095089,4.238007775339715,4.750432857850214,9.708590438401828,4.536831999695958
-0.4979674270737014,1.224959793846457,2.66033456992064,1.4189351847385643,4.932330737086216,3.7898972071548243,7.921025484936553,4.405230413766364,10.459479510631951,6.129077755674826,0.28399974415950874,0.8267755724369157,-0.5586571616510054,2.8914376123576995,4.913286829183687,2.7161408321017455,4.070629923373173,4.780802872022529,9.542573914207866,4.605506091766575
-1.448333831914398,3.483795561410194,2.6433181833853627,1.4666295428584322,4.933731182515083,3.7637829677993375,8.172149926817106,3.778185130577322,10.273283828294316,6.545524765137492,0.1442494673550787,0.8295377207157051,-0.7129108087066858,2.8882208583407554,4.760130941850706,2.75142174776002,3.902970665788941,4.81010488538507,9.376012416346333,4.6733057748043345
-1.4962991939144485,3.5211308998324196,1.770220656772094,3.5040896562505286,4.905115996346884,3.7956141734449442,8.294878307129068,3.5050072573496207,11.914644177284044,2.6435027217692544,0.00454926968742031,0.83128701229841,-0.8671380984302732,2.883861281908173,4.606733730695855,2.7857429946250765,3.735046362578162,4.838317264234838,9.20891819170429,4.740198976951742
-0.6647558354523309,1.5339964756359414,1.628321309050628,3.780544366164464,5.161243527159,3.18505755584322,7.551853214655434,5.217981496108404,10.47539471273,6.007248383580043,-0.1350901927592555,0.832012442055673,-1.0213237460956486,2.87834821336515,4.453106603898764,2.8190831894466886,3.5668730505623714,4.865418960756165,9.041303400556783,4.8061539368377035
-0.579904276189144,1.3043978091343078,1.4392963863072903,4.173767252937885,5.780681343565189,1.7517325731328124,7.841813733969887,4.527322902646686,10.576464653465619,5.755309692672295,-0.2746590035294574,0.8317036631263185,-1.1754532117218952,2.871671749760754,4.299260473229366,2.8514216187147436,3.3984662650369284,4.891389705349179,8.87317994998819,4.871139574303169
-0.12776604742960776,0.29271492720443243,1.238659746120823,4.554391284012519,5.031739087563004,3.43846185426655,8.21501831698129,3.679289885160541,11.405908246781618,3.8961601569408417,4.145206041762222,2.882738323424607,3.22984135882653,4.916210107648338,8.704559818048612,4.935125504894768,7.78919513511292,6.968597289118499,13.263913594335003,6.987512686364929
-0.6947552821551878,1.5204877938371024,1.7712499438988252,3.32327259746092,4.193448974919726,5.257895600314296,7.464876445696988,5.31303404185816,11.576976241889993,3.5434903568169975,3.990953453156608,2.9130148571005425,3.0610128401812498,4.939862275220372,8.535454390645013,4.998083496058744,7.605513777669655,7.024930914178572,13.079955328133417,7.083152135016945
-0.9068507850732719,1.9413149077123681,1.9332703653670933,2.9550680311952275,4.630330009063055,4.259682190502614,7.321998745066394,5.588371877669129,10.114532150402592,6.699374516055172,3.836512816426933,2.9422338684357197,2.891995068630548,4.962329466197778,8.365875143247688,5.059986666185462,7.421357395451304,7.08008226394752,12.895237470068446,7.177739463935204
-1.0604377511372916,2.2244701592947065,1.999437577406622,2.779537194378471,4.884619436187608,3.7058787721189566,7.486560589685639,5.20938465868292,10.599798726598483,5.651497123005933,3.6818950672020296,2.970378332480646,2.72280351159829,4.98359550605373,8.195834918262758,5.120807829350018,7.236743362659017,7.134025002923103,12.709774769323484,7.27123732621939
-1.5499371811487925,3.190041796568223,2.679505297612066,1.34649911526404,4.036298536172356,5.422651107425572,7.947152881096665,4.237175054591922,11.618954857847228,3.54323819089704,3.527111407073389,2.9974322475404946,2.5534538660772848,5.003645345110496,8.025347051849177,5.1805209044824325,7.051689510853072,7.186734002052434,12.523582696624965,7.363609561424371
-2.1183743857881847,4.280737710755456,2.748054814888107,1.2037708982127238,4.706092897196562,4.029491167716377,8.224264673451314,3.6719353601763745,10.988832609556935,4.849566212347187,3.372173521645374,3.023380537848709,2.3839623198938504,5.0224649834719575,7.8544256418768725,5.239100721148089,6.866214440125349,7.238185166771338,12.336677762108371,7.454820904447469
-2.0490381038658056,4.065633679177854,1.300446651737301,4.084776997350829,3.5504804326752346,6.291382287585472,7.032011120237769,6.047275170905519,10.854951422886527,5.124672986781996,3.217094340721322,3.0482085575461766,2.214346602726562,5.040041124291282,7.68308664284039,5.296521871435772,6.68033890484563,7.288354438180877,12.14907894495946,7.544835185325368
-0.9275491836591097,1.8060188391128902,1.4863286906267543,3.6718758198070525,4.687317725592536,4.013779941674893,7.257380120628379,5.573551624958453,11.26405839505752,4.332154643572821,3.061888630809162,3.0719018288977518,2.0446267857528415,5.056361034473068,7.511348732995967,5.35275798373255,6.4940868879396465,7.337217189307866,11.960808835182775,7.633614138567348
-1.6509858295713127,3.165326938915882,2.4147826317028587,1.851589176223737,4.36986756353722,4.592558122410272,6.938475727112532,6.160689148916639,10.731497763491438,5.373588922886926,2.9065733789976056,3.094445935184452,1.8748258154634958,5.071412542171386,7.339233932779968,5.407781279431335,6.307486369245858,7.3847478864182685,11.771894486562331,7.721116623678217
-2.0946710003718496,3.947899010672617,2.3156899017762176,2.0305498901239885,5.007324154147371,3.35454237608075,7.23588431649403,5.568213370312533,10.406827173622741,5.988574528571726,2.7511679049137627,3.1158265848443807,1.7049697014329253,5.085184175286876,7.166767883484378,5.461562467088411,6.120569680003541,7.430920057530907,11.582367862054994,7.8072983493324415
-1.5738626253882482,2.9198433668205945,1.2527318873955768,3.9871610800522035,5.606049168690203,2.253419790984456,6.995322028642545,5.9925350730048885,10.376591195679469,6.038912967140526,2.5956936420759975,3.1360298960528477,1.5350872589006495,5.097665463625915,6.993979668024577,5.514071113934794,5.933373284849229,7.475706681507861,11.392265693973158,7.89211233181674
-1.1592506503119897,2.1000973727431695,0.5957810644980506,5.139318714798708,4.815479593335587,3.6961336142420484,6.490873831571746,6.883012139963599,9.839418919781146,7.010186166887178,2.4401735838756724,3.1550429032509424,1.3652093762583193,5.108847384856407,6.820901121107656,5.565276552617204,5.7459369134903024,7.519081034222669,11.201628658339638,7.975510201983466
-1.4980766325370114,2.675355840386588,1.4589962321496708,3.5372571310239804,3.2352409434543006,6.501441269354675,7.325565355497831,5.331395646742038,9.548290704322104,7.509918143155101,2.2846314522551774,3.1728542295131916,1.1953678667085563,5.118722889315832,6.647565667059301,5.6151492643710865,5.55830208151268,7.561017924173726,11.010499881863424,8.057444299228981
-2.3231136855061982,4.085706968183556,0.5018773661138094,5.173077033137288,2.6253834455354785,7.508616497223617,7.95300691682139,4.217476922376878,11.465582262559668,4.115663478957517,2.129090827408067,3.1894546996450313,1.0255942506939957,5.127287330493301,6.474007040072348,5.6636622707528135,5.370510463358277,7.601494901601083,10.81892325273663,8.137869841860596
-0.6266992529983945,1.0793484316299373,1.1399916985614198,4.014478752873417,2.6499314438010875,7.401430400303084,7.013342583093041,5.847941601995416,8.935740412847482,8.514870354890949,1.973574469536922,3.204837734234176,0.8559188006268754,5.134538697013964,6.300258242585772,5.710792148830691,5.182602573675726,7.640493111610479,10.626942015634622,8.216746563427208
-1.8777951567769504,3.194369456963312,0.5843093982351912,4.922125742161007,4.340442817005487,4.456781094437026,7.778693043979492,4.530662371823186,10.733901112237533,5.420923882372163,1.818103899138689,3.2189995257945547,0.6863699392157923,5.140477666174309,6.126350850662802,5.756519615307775,4.994616890739906,7.677997755687531,10.434597802186916,8.294039704820996
-1.006976623578248,1.6779345861289874,0.16259854625458292,5.577102526304451,5.117538895056553,3.135242393841085,7.702288653380701,4.652997771981656,9.422504936529021,7.622386388250828,1.6626991944646041,3.231939040930736,0.5169739663911534,5.145107538935039,5.952314660841965,5.800829686835334,4.806589432768513,7.713998184839637,10.241930127219325,8.36972033273993
-1.0343648343764478,1.706195958113849,0.6203949058320237,4.7476774385689895,4.458749346956043,4.21650501827056,7.071474032596556,5.694392635571438,9.473379636860074,7.5156530542112465,1.5073778908631437,3.2436583145843665,0.3477534573510108,5.14843419987945,5.7781758399552565,5.843713098243857,4.618551406443124,7.748488983538939,10.04897378904737,8.443767881903348
-2.138464961935085,3.455476006502956,1.4891183903009484,3.3006197619230186,3.7801325469731726,5.2961056992254,7.632543724212361,4.77727518671953,9.444622624725245,7.542116124048018,1.3521551353573744,3.254161971530178,0.17872748445667064,5.150465625511169,5.6039570501129585,5.885165673101261,4.430529399212255,7.781469327082252,9.855758964868544,8.516169374672344
-1.5651231901751699,2.4821043979703195,2.017323158512026,2.430401631346112,4.000638812290871,4.912511600617606,7.122019450339737,5.575901454637539,10.253885705247408,6.236188988499567,1.197044768885795,3.2634565072447,0.009913164880257952,5.151211405204507,5.429679069244106,5.925186561068775,4.2425474652385695,7.812941459028582,9.662313369602417,8.586916614892848
-1.2319209597656235,1.9194996839271774,1.2232352878804906,3.651431123257812,4.110713955404286,4.714900621108973,6.159408936365112,7.076358050561526,10.092622267491622,6.49155303783614,1.0420602144391917,3.2715497983616704,-0.1586731334838336,5.150682424651142,5.255362067106166,5.963777035857242,4.054628719183141,7.842909662146713,9.468663919773142,8.656004273352814
-0.8711316861415441,1.3477604565001589,0.7737441449007563,4.32262544103928,3.175816253876024,6.131366614755249,5.667985043595177,7.805027727665571,11.188162375184003,4.804044094976666,0.8872151983729342,3.2784507543675607,-0.3270148169275453,5.148890667848718,5.0810266635773225,6.000939577911235,3.8667966482768428,7.871379491392393,9.27483812878171,8.72342840145491
-1.4057238577100093,2.1343936680212034,0.7460275789429192,4.316171121785587,4.540575732600328,4.020711650636828,6.049829784345651,7.169551524961728,9.762968872380116,6.992787268004508,0.7325242816114153,3.284169086400681,-0.4950943164221284,5.145849128127013,4.906694778755657,6.036677153740465,3.6790761807221135,7.898357195466797,9.080865275899898,8.789185221080249
-2.3480452878990308,3.5064355310176576,0.7315748234264154,4.290877074253483,3.92811761020487,4.910271620516694,7.479793204318865,5.007322492355211,10.451997443269681,5.958556260362138,0.5780031727991075,3.2887152072336487,-0.6628926057266893,5.141571830622748,4.732390220756731,6.070992737560547,3.4914944422309335,7.923849360949648,8.886777268714352,8.853270267887446
-2.5334346874046982,3.7244143451031624,1.0506654209918886,3.7843099751820284,3.0178970110873813,6.229262795950863,5.7689430729372795,7.530212209655686,9.693504357604692,7.085345517324916,0.42366881470991546,3.2921002692083405,-0.8303890228901467,5.136073951220602,4.558138953750861,6.103889142751081,3.3040811161507984,7.947862824763343,8.692609092791805,8.915678016293821
-2.7794707937773873,4.02803343723131,1.930785697133676,2.491725494366593,3.330612387309528,5.73838793174718,5.858576875601518,7.3494988974858355,9.13701864289446,7.886701661043578,0.26953927715745785,3.294336311734291,-0.9975613668935219,5.129371994724023,4.383969059645646,6.135369145929312,3.1168684155946664,7.970404828919044,8.498398842133835,8.976401980124333
-3.034371078789605,4.332334634789076,1.1596172661502413,3.5770458845497783,4.135168047487462,4.561450160183483,6.819161455314175,5.954099553086689,11.418119182662817,4.617094437865859,0.11563345953801751,3.2954364709694155,-1.164386276944527,5.121483971505795,4.2099103665702575,6.165435880123102,2.9298906300877134,7.991483380659482,8.3041872736025,9.035435289276789
-2.6529586277847566,3.7339783571111513,-0.09503383526500864,5.310718635081183,3.1081111358431612,5.977015762606177,7.15753422348037,5.458177310864963,10.910575261062151,5.364536033825519,-0.038029314593042596,3.295415183934376,-1.3308397799420981,5.112429520884957,4.0359938624261975,6.194093357362751,2.7431833970771424,8.011107694313331,8.110017039445438,9.092771530791126
-1.8424647890768269,2.559582995989925,-0.5290031186424922,5.857930484248437,2.720820982049966,6.483878278916263,6.051478729753793,6.995107513475411,11.218475790617584,4.961936894980496,-0.19142964865867818,3.294288348580759,-1.4968977662784062,5.1022299941762155,3.8622511710620744,6.221346908266247,2.5567830534423464,8.029288553861704,7.915931990782828,9.148405467951735
-2.4379925863361875,3.3259517330381825,1.2336752139603988,3.4004021736231222,2.734969250371489,6.412204047422163,5.446683352953658,7.787497085919548,10.717810165200829,5.675641352825282,-0.344548440907839,3.292073494277726,-1.6625364693845064,5.090908549748958,3.6887140153056843,6.247203602969805,2.370725986829017,8.046038658441038,7.721976471519207,9.202333711661884
-1.6632077574223496,2.240594735369901,-0.10456419046668941,5.177710875989625,3.073042868842677,5.9243542602386245,6.299694683938975,6.613572096186858,8.854330751496672,8.203309176057257,-0.4973680936173035,3.2887898244800082,-1.827734157944764,5.078489837020061,3.5154122035577022,6.27167337678373,2.185046139230242,8.061373389323784,7.5281925007327075,9.254556929087453
-1.0907617308666555,1.438559213927473,-0.36377482862047783,5.457899744011969,3.5552580184011555,5.243522770717851,7.068595784918024,5.568785511178198,9.635999733148253,7.152323858386653,-0.6498732650576207,3.284458067747583,-1.992472146251483,5.064999626997743,3.342372383485338,6.294769460558933,1.9997735022914753,8.075311019809092,7.334618032028296,9.305080853370283
-1.2152126296738783,1.5874395366826528,0.3131506540403928,4.523255935515129,3.8787947773249196,4.808213755467287,6.320199018449361,6.554552105633322,11.024874164858119,5.3377265623396335,-0.8020515488836191,3.279100178948847,-2.156735737488832,5.050464271715503,3.169616820548344,6.316508673579369,1.814932631943131,8.087872766346024,7.141285189980307,9.35391716820989
-2.8813641247355752,3.7088574001908547,-1.1948188497794647,6.441663943465364,2.36829172971354,6.733408645364024,6.143229845934039,6.763066917909667,8.795364625955203,8.240077375079455,-0.953893575974776,3.2727389124448187,-2.3205143774603627,5.034910182482692,2.9971630833029677,6.336911113085148,1.6305422818173807,8.099082383123022,6.948219742580711,9.401083313725477
-2.8644698256398438,3.6446023991384386,-0.1234965684058702,5.0033469471960075,2.3241275231825673,6.7579633969415,6.528596735081655,6.250055779351652,9.084034793215071,7.861236611340254,-1.1053924313712504,3.26539746755832,-2.483800868780508,5.0183635766656725,2.8250248536228124,6.355999345157553,1.4466164162135549,8.108965454264904,6.755442138616875,9.446601222756785
-2.0723107791057247,2.5943362831196013,0.07951735096328783,4.709999947378735,2.4405307738865925,6.565294923401572,6.163592843678236,6.709073666084643,8.216218805995936,8.944269519941667,-1.256542799716941,3.257099243370013,-2.646590223822713,5.000850417917836,2.6532131970270543,6.373797503696856,1.263165772921282,8.11754867824468,6.56296919377105,9.490495764023699
-1.1546948254743872,1.4336134864780983,0.01830471691016955,4.752357677068285,1.6875108567758086,7.454520088133984,5.6851395844080095,7.281153011469028,7.6152460222394085,9.668758658005563,-1.4073401157413918,3.2478677089346317,-2.808878519708683,4.982396492842474,2.4817378750833665,6.390330498098962,1.0801994711160754,8.124859282006804,6.370815865908126,9.532793287263292
-2.2496423839123008,2.7508809794272437,1.3569155928743768,3.0789692510460096,2.92274233139416,5.896577197721786,5.447689946292713,7.560202456077707,8.106089424640636,9.04148650050988,-1.5577798753747454,3.2377264362225784,-2.9706619310685856,4.963027655342981,2.310608508303288,6.405623422083206,0.8977264526094477,8.130924641203608,6.178996891981322,9.573520407943834
-3.5688464367016994,4.300236316551794,1.4817538795883516,2.9194264660661524,1.7277259538669143,7.305819865479032,5.2191572992485415,7.806328173453252,7.8875858500756255,9.286243229669124,-1.7078576401724916,3.2266990126219226,-3.131936728583641,4.942769742501688,2.1398345792888653,6.419701453005666,0.715755490877716,8.13577218288543,5.987526798750222,9.612703893389408
-3.921116688673072,4.659896291877252,0.1587321874513674,4.471373922637363,1.508943918176639,7.5335200837354,4.632400102213396,8.472717949658854,9.006141143112538,7.93514203042808,-1.8575688415970473,3.2148089987554895,-3.292698979963524,4.921648618037928,1.9694258204711996,6.4325895780525215,0.5342956821047231,8.139429197334959,5.796420482539447,9.650370157349553
-2.7885983103053484,3.267817187240915,-1.720039427277619,6.6518418780901865,2.5195572060100675,6.297467864130395,4.286388489450054,8.846860662737654,10.666215077314606,5.983893024096166,-2.006908331574987,3.202080101053144,-3.452943899199231,4.899690520780131,1.7993930579474027,6.444312315457277,0.3533574903231589,8.141922735184263,5.605694447469792,9.686544529861411
-3.9358034148657777,4.558850842795082,-2.441185609377323,7.415549271991933,3.5778098985913367,5.038438371221323,6.233243433673895,6.548631419777114,8.037669206325146,9.053647657660546,-2.1558700536762996,3.18853638847205,-3.6126653923075067,4.876922405158515,1.629748817818017,6.454893649976998,0.17295347918680992,8.143279666663464,5.415367689312333,9.721250911481945
-3.7524727870091312,4.290875317101621,-2.523857447706048,7.450270108931377,2.3199382834573354,6.468080530763889,4.731395794667168,8.25550719657681,10.820564257751016,5.8541527113679095,-2.304446870599287,3.1742025111425387,-3.7718558257271115,4.853372234074282,1.460507665122111,6.464357119052458,-0.006901290005713712,8.143526841984201,5.225462200843508,9.754511726962377
-3.2404563668105015,3.6588878144459462,-1.5235041264191604,6.246001103734063,2.5769854233871783,6.1457163213777015,4.668385355039247,8.30949516560348,9.21474935047745,7.694618785149121,-2.4526305560299573,3.159103897140161,-3.9305060149660798,4.8290692045266175,1.291686276675104,6.472726002378105,-0.18618918226101844,8.142691309764562,5.0360031093801645,9.786348107616046
-4.648514198939572,5.19099473559875,0.20445398956199412,4.26022169593927,3.0119395920828067,5.633487549177977,5.169016243712642,7.718890858568871,8.178635385529304,8.85443353133536,-2.6004125259496695,3.1432665750093474,-4.088606268833214,4.804043316068262,1.1233021401017078,6.480023846048683,-0.3648916027818361,8.140800587107599,4.847016806153086,9.81678111708802
-4.564507622799466,5.03684363803215,0.8112515815973891,3.5707777693930662,2.841390792409307,5.801939626802593,4.048800405173088,8.929955782925239,8.594980381163467,8.385459509428204,-2.747789479188963,3.1267145048144878,-4.246154362252792,4.778320595019147,0.9553631894313477,6.4862770228948206,-0.5430016936324811,8.137883113099479,4.658515858051659,9.845839540975154
-4.057681453312377,4.411941118730494,-0.1893765634956881,4.638494060010162,2.0854855053256287,6.596933402998497,4.086690502262131,8.851111436014726,10.151977267124837,6.686489278579566,0.7878710107105875,6.491513105963694,-0.7205201401642771,8.133967408512902,4.470503976067555,9.873556045145005,2.9621128251926905,11.516010347694213,8.153136941424522,13.255598984326314
-3.0656810703247057,3.300585935467031,-1.1376515155676499,5.624913961039389,2.5868776217753284,6.028776427048544,4.050559337313365,8.86588268323819,10.107215566318134,6.752176290801362,0.6208271695441177,6.4957587855729635,-0.8974473887316421,8.129081278436068,4.28298522529099,9.899961831034307,2.7647106670152306,11.533284323897412,7.945143281037864,13.30416487649565
-2.451474496328295,2.6130385454801037,-0.88142475449777,5.3197647858084665,2.566226608367206,6.029707362132649,4.777567037501855,8.059081318983909,7.184523564849655,9.87607619147335,0.45423348248623174,6.499039898211514,-1.073783378164078,8.123251852843167,4.095964322467514,9.925086670970055,2.567947461817205,11.549298625601708,7.737695162448798,13.351133443728596
-2.6785793245921785,2.8116718769966234,-0.6720829885519608,5.060677373791667,1.2583221024770448,7.383390590193162,4.944433975214741,7.8602026924293895,9.346365794062853,7.586050051053924,0.2880914720476877,6.5013816755019604,-1.249528278075891,8.116505665798032,3.9094457103796847,9.94895959057725,2.371825960256106,11.56408358087332,7.530799948711683,13.396537505652539
-3.886516324021661,4.038877868239574,-1.1245660322778428,5.4953603500957495,0.551688238373452,8.076398645277173,5.335371411171062,7.4338702187178,7.361505247941658,9.654920272759085,0.12240163106957969,6.502808926442707,-1.424683448224699,8.108868625652242,3.723432346786023,9.971609552663061,2.176347267491744,11.577669251872596,7.324463062502467,13.440410178883415
-3.910881190320145,4.015301709146766,-1.8424063503694237,6.192898254726949,0.15834039889535223,8.438410782476982,5.882774302852823,6.857368019427316,10.081545027955837,6.848798503668846,-0.042837164536472905,6.5033460624472,-1.5992521922464822,8.100365868685824,3.5379247328595445,9.99306585551897,1.9815097051495352,11.590085661757595,7.118686630255564,13.482785648590738
-3.9552341782921534,4.007673229639669,-0.1754998226055804,4.454327670968709,0.6938851999286437,7.836222114833167,4.370720726104828,8.383513630458753,7.636815658535159,9.346313242057068,-0.207627986646703,6.503016970676436,-1.7732401744654078,8.091021529030577,3.3529203504702028,10.013358198969497,1.787308162651498,11.601362757323638,6.913468687587109,13.523699427262558
-4.012391775873946,4.019441380174771,-0.7590507436640364,5.0147870645584245,2.9207212717765447,5.566305816682705,5.074547380350428,7.654544183902133,6.766182704916825,10.20912767549547,-0.37197597558174644,6.501844769787774,-1.9466555634591134,8.080858447854677,3.168413437124313,10.032516491485906,1.593733849246946,11.611530169552807,6.708802849830372,13.563188213184038
-3.690204975600393,3.663912714747761,-2.1662148370461054,6.365696371484908,0.9881477515813368,7.468475632343146,4.59260204377847,8.117803925742754,9.430047865777842,7.548769567987526,-0.5358880085613431,6.499851588935666,-2.1195086022542937,8.06989802622075,2.9843954831092505,10.050570408875016,1.4007748894163,11.6206168461601,6.504678974779843,13.601289228814368
-3.1265260634609335,3.0662776921755084,-2.1157240540846507,6.270757286039313,0.3624767211284321,8.051421500429193,3.9073804074198195,8.770409149336796,7.411367089999921,9.538892089277871,-0.6993723267526937,6.4970583788102125,-2.291811130400994,8.058160123295554,2.8008557998960493,10.0675489699499,1.208416996247749,11.62865071443524,6.301083926544793,13.638039561089586
-2.1997625223736463,2.1366605652010997,-1.4314198003260987,5.56545637945095,0.6551480009144783,7.717699957578228,4.3093426518685085,8.354976117064277,6.954495341017366,9.971273036874866,-0.8624382356333,6.4934847407478316,-2.463576201842089,8.045662956406325,2.617781978847627,10.083480180677851,1.0166440126388379,11.635658396336344,6.098002193328554,13.67347562060787
-3.6934529000738148,3.5427618110027033,-0.8983392487253896,5.021232762201034,1.711871514650968,6.6708637472752645,6.303154150345639,6.422941504369339,9.376950172084564,7.634110154149682,-1.0250958557498056,6.489148797957568,-2.6348177687333814,8.032423032453984,2.435160275408078,10.098390755319844,0.8254383624245021,11.64166498981626,5.895416406565962,13.70763271268212
-5.010751767835817,4.751333486341219,-1.94463642888257,5.9730319066272175,2.017449213006735,6.3623691585701305,5.7480417197335,6.9549827905264054,9.027467826406195,7.977014907690528,-1.1873559701534728,6.4840671091388105,-2.8055504887150713,8.01845509791388,2.2529758432435396,10.112305939994412,0.6347813246819412,11.64669392876948,5.693307656640551,13.740544770850015
-5.711529858398932,5.362397765761787,-2.4939346814449372,6.452712552574591,1.2367715160140342,7.0661365530033216,5.974485745513013,6.739355521387567,7.68882052757918,9.240712167886018,-1.349229910762625,6.478254612961843,-2.975789584317786,8.003772108228327,2.071212903736219,10.125249396717809,0.44465323018105796,11.650766891984293,5.491655718235062,13.772244180473775
-4.456331741764159,4.1398002003817975,-2.6766816381580227,6.568796018832563,-0.5068796375110827,8.648346201061369,5.693679604761764,6.999404185307376,10.109601266120016,6.9898559928549435,-1.5107287898129238,6.471724798429473,-3.1455498820074785,7.988385603130314,1.889855974090307,10.137242942363454,0.2550348818957522,11.653903747064295,5.290440737993538,13.802761086297432
-3.605833801979781,3.3152982610892674,-2.480406382235117,6.348955621024902,0.09848311493592288,8.054424028070772,4.523853464580659,8.070151014339707,10.237587991393305,6.892099542656091,-1.6718605550703085,6.4644906294284965,-3.314842099252969,7.972307476885495,1.7088947082861914,10.14830575091428,0.06591316410353087,11.65612259837128,5.089649971642691,13.832120872400065
-5.376430105255302,4.882012144161004,-2.118844125769339,5.9705376568741375,0.9938397573376871,7.1975114634729405,3.14360550327881,9.29588051972021,6.0272184810260185,10.735808837173403,-1.832635890685057,6.456562417611419,-3.4836803309851625,7.955546158735423,1.5283142015212272,10.158455781513,-0.12273023877887823,11.657439522637004,4.889264293727512,13.860349145414583
-5.470066134275193,4.916165538164323,-1.582615973092206,5.457004873856174,1.8032188118880348,6.449708717297574,3.9715993212335494,8.533249912473465,9.973683661171563,7.171505742693332,-1.993067588523762,6.447948549271164,-3.652081221572777,7.938107522454061,1.3480960284782508,10.167710058349673,-0.310917604570764,11.65786903153257,4.689259645480264,13.887471567428182
-4.383677146765267,3.8950082655063514,-1.3247908428928932,5.1901894797846335,1.0416092758638738,7.102068975072712,5.311984065171265,7.324968766208868,7.9213537850318225,9.014245686060786,-2.153169160044873,6.4386563171818825,-3.8200621978767635,7.9199961162919905,1.1682205240585066,10.176084653127825,-0.49867251377338384,11.657424452237933,4.489610208161886,13.913512989073766
-5.683269481749613,5.0000826240360805,-2.0447412367966327,5.788110601139087,0.7132464650903692,7.359400975671177,4.3395622456861345,8.16280254340507,10.076137073401307,7.119335741511921,-2.3129568416890627,6.428690413860306,-3.987644021723456,7.901213027957779,0.9886633692918174,10.183594404968808,-0.6860238107425758,11.656117019066283,4.290283580272698,13.938498396077312
-6.327632780547579,5.498880468336399,-3.912891479480967,7.3858952003338665,0.6742699290079881,7.359708522139696,3.00693140876407,9.309781134066442,7.924653474017158,9.011323585427823,-2.47244752616248,6.418053502891136,-4.154848179522769,7.881757038984725,0.8093989673209014,10.190252277241559,-0.8730016860393874,11.653955813335148,4.0912454608042825,13.962451051591984
-4.916899237418873,4.238854891627387,-3.0753314764252977,6.610175984611036,1.1696161927245239,6.915852694141375,3.135665121634743,9.174854666903245,8.346235002478783,8.649061126088418,-2.631658825855214,6.40674605196962,-4.321696960172968,7.861624433330677,0.6304003251785453,10.196069223085658,-1.0596378091392085,11.650947604446715,3.892459476212303,13.9853923942017
-4.93929146019726,4.205884318893671,-2.933855954429562,6.441989902362664,0.6506098285521387,7.33069073554739,2.279152758901237,9.879837760800081,6.666309198287452,10.08493669926761,-2.7906087238465407,6.394766359276673,-4.48821302176522,7.840809113723454,0.4516396045094675,10.20105402277147,-1.2459646934092117,11.647096777218248,3.6938879328654775,14.007341686266265
-5.566937324689918,4.691587355817605,-3.913801818690736,7.225212985938882,0.1144331225666888,7.751422564330296,1.632911339858552,10.396021840008032,9.887803111310562,7.359861558890279,-2.9493155478283395,6.382110502807594,-4.654419366534379,7.819302545449803,0.2730881352259402,10.205213235332344,-1.432015683480099,11.642405277974554,3.495491818280219,14.028315967857093
-4.311444871428146,3.602192733030624,-3.2524184858826835,6.621004832018152,-0.28602957529716466,8.054000556900899,1.6863006636693738,10.317901870547129,9.010867941463994,8.110510112208217,-3.1077975500312816,6.36877257279253,-4.820338816315229,7.797094109168208,0.09471710551956569,10.208551196747568,-1.617824160764382,11.636872733123244,3.297231761070413,14.048329820702603
-3.442869915055044,2.84212347608051,-2.464466061142163,5.92494175824168,-0.38659737991767473,8.09964474524181,1.896879245854862,10.09868554414835,7.156853944655439,9.652403393826411,-3.2660730090578247,6.354744544401422,-4.98599415307908,7.774170927962267,-0.08350264232947335,10.211069979426657,-1.803423786350728,11.6304963629875,3.0990677243988793,14.067395414451891
-3.3974941896262747,2.7785161427153557,-4.19576421512544,7.304176893391827,-0.6686073909610721,8.292423056966033,1.6657828379280222,10.257437500615412,5.92329015447698,10.65578953745592,-3.4241600295977213,6.34001640587572,-5.151407873428334,7.75051804925743,-0.2616002910737105,10.212769418948842,-1.9888481349043232,11.623271062330552,2.900959447450301,14.085522432021964
-4.476422458284174,3.6170350842493786,-4.5284371474143335,7.521315193065719,-1.3002060947267968,8.768624237631554,2.738544811189688,9.360283378211216,8.189199505517289,8.810760800537569,-3.5820764341678406,6.324576245913466,-5.31660206221944,7.726118555525346,-0.43960488795286334,10.213647160827367,-2.174130516004463,11.615189470439248,2.7028666582621144,14.102718075741267
-6.664089165057072,5.332833600399512,-3.693955010808968,6.791607847141188,-1.663488199798973,9.015737458661341,4.198008749725297,8.172563561136958,7.555724747835464,9.322948516535588,-3.7398396684399353,6.308410340157529,-5.481598282655855,7.700953671549641,-0.6175452034352009,10.213698712838962,-2.3593038176511207,11.606242044231074,2.5047492615695326,14.118987085520395
-7.618789769169599,6.028956797470526,-2.7135976833410256,5.9708730844167475,-1.090327434420582,8.516583994998559,3.974784205791889,8.328307625086937,6.604886536966063,10.075836505072422,-3.897466646281764,6.29150328950141,-5.646417392364979,7.675002941751084,-0.7954494887712844,10.21291751838754,-2.544400234854499,11.596417170637213,2.306567668739196,14.13433174727367
-8.336090363414385,6.524168110035039,-2.003735179602943,5.379050783771628,0.7270597444281881,7.047639030898662,2.091158921819691,9.79293881594754,5.330179336183172,11.066627400553553,-4.054973620919342,6.273838162121724,-5.811079391898484,7.648244405244097,-0.9733452731113301,10.21129504772518,-2.729451044090472,11.585701290847553,2.108283074696682,14.148751933328633
-8.352618062734058,6.461956675734282,-3.1001331449368097,6.190456337752265,-1.013447152284336,8.371438596951814,4.463178691855527,7.922183701202307,7.354162772309629,9.482424766760472,-4.212375844518768,6.2553968238956115,-5.97560300993391,7.620655027731825,-1.1512587955586469,10.208820961597723,-2.9144859609737894,11.574079165433936,1.909858253401473,14.162245099299833
-8.124259892983556,6.2168688070183995,-3.5239544897067834,6.477397962511945,-2.473050632214577,9.451598927025817,3.836776406174091,8.397987460976378,6.758833331110726,9.938710123615548,-4.369687744402104,6.236159844303081,-6.14000593464387,7.592210545899123,-1.3292153192988705,10.205483140809282,-3.0995335095406364,11.561533842405325,1.7112571058043633,14.174806437315485
-6.2038125518734555,4.703353006162829,-2.842381380229365,5.913032163408115,-0.7749269576263949,8.11062223380615,2.5614073197829152,9.355461271855269,8.217793561746266,8.82896823714671,-4.526922627559846,6.216106872656901,-6.3043044536911195,7.56288593550955,-1.507238630132381,10.201267917794286,-3.2846204562636547,11.548046980646934,1.5124453672950837,14.186428962931672
-4.975145901268738,3.731878799222009,-2.661112125173563,5.7432395617836285,-1.123127784349737,8.33732894036772,1.8422514816456212,9.862865848841707,8.664186123291435,8.502580609066658,-4.684092680966417,6.1952167566866345,-6.468513463376171,7.5326555296045425,-1.6853510376527208,10.196160215004468,-3.4697718200624754,11.533598987922378,1.3133906056609757,14.197103673322303
-4.502620491118005,3.3386205228858175,-2.7798028528894583,5.792541863975916,-2.3085983311466265,9.17942832771671,2.171788381723414,9.587416392859692,5.7884455820637974,10.646643680789788,-4.8412089693155185,6.173467627644932,-6.632646476695081,7.5014931007265675,-1.8635733794463807,10.190143653159645,-3.655010886825943,11.518169126241279,1.114062210422757,14.206819678674357
-5.0658975379691595,3.7165489940061835,-3.5016875973603345,6.289889806900794,-2.303300885674476,9.12622375801697,3.4030980898818513,8.663908881074207,7.471046849952797,9.402158554718092,-4.9982810531892685,6.150837412819609,-6.796715155171787,7.469372501782484,-2.0419243514787873,10.183200870179514,-3.840358453461305,11.501735959142389,0.9144323502316949,14.215564327539418
-6.455399666426186,4.682093422073537,-3.970251397707523,6.579931246662982,-2.335099327306757,9.104460140014961,4.033422409840503,8.196465267763182,9.268965194091821,8.101894268962477,-5.155317010226213,6.127303912069388,-6.960729346010455,7.436267738077613,-2.2204205393557537,10.17531363355872,-4.025832875139995,11.484277459566943,0.7144759315147056,14.223323355048048
-6.769424229183021,4.857781175932639,-3.1531950902510686,5.947862719796046,-2.407115879722862,9.108791357170666,3.581069439504468,8.503390642072667,6.580058738285404,10.047859542131643,-5.312323255736036,6.102845119774709,-7.1246968686795755,7.402153353838505,-2.3990760941580183,10.16646308601583,-4.211449707101558,11.465771320079625,0.5141710674199995,14.23008105225695
-6.591896880704856,4.678021070051168,-3.1508789514062143,5.913155641085854,-1.6699829703467,8.542101574418655,0.9289750015242575,10.370828875106376,6.667052031912788,9.98307707261363,-5.46930456602148,6.077439400607237,-7.288623550194565,7.367004611764634,-2.5779027472829235,10.156629948080518,-4.397221731456008,11.446195159237915,0.3134990714556327,14.2358204955538
-6.461571082189265,4.5253776885819965,-4.398824142681112,6.749865683181241,-1.3100265299937206,8.239755887990167,2.067371952033226,9.544342584850234,7.31226811251863,9.528960666957985,-5.626263872025953,6.051065915102865,-7.4525129759919375,7.330798000448638,-2.756909420578032,10.145794847762023,-4.583158524544016,11.425526933107795,0.112445030869889,14.24052378042118
-6.297134629396933,4.36179015648047,-5.232084405690329,7.273087046889259,-1.5142406919682658,8.34540840500774,2.157454209680584,9.450481769033885,5.588156399154891,10.726873970098348,-5.783202579474736,6.023704421846682,-7.616366896332593,7.293510937580111,-2.9361027684132375,10.133938316146807,-4.769267085271094,11.403744831880235,-0.08900295735173902,14.244172210446933
-7.070520927484023,4.845946475344125,-5.91184396552607,7.685827467675701,-0.8555702937870131,7.859196001916299,0.8848031650061081,10.303537439878532,5.997163234927722,10.437054236556992,-5.940120599904259,5.995335482505755,-7.780185267132474,7.255121980456229,-3.1154871964278605,10.121041014407583,-4.955551863656075,11.380827512358056,-0.2908537929514621,14.24674654630941
-7.902529228619328,5.343878894676933,-6.25921871796453,7.85616418159996,-0.006069071423021821,7.242665987787083,3.32723946935228,8.621239403889017,8.470172802903283,8.757723130915204,-6.097016296716493,5.965940764514434,-7.943966184503177,7.215611165862226,-3.295064724187809,10.107084010672917,-5.142014611974492,11.356754412020711,-0.4931131516591245,14.248227256831402
-6.760557042649532,4.523479703972902,-6.538291169369022,7.983737324626,-1.4318178197298481,8.173627103133141,2.0755923334983746,9.438528185928607,5.3508611693018935,10.85749657079527,-6.25388636855946,5.935503319014097,-8.107705746919368,7.174960342237284,-3.474834746982807,10.092049010404025,-5.328654125342716,11.331506033627212,-0.6957831254061544,14.248594701793953
-5.4774317325024695,3.61505626949814,-4.898169723413849,6.831971639921802,-1.9837195826840786,8.505234889666667,0.39381547310361587,10.532248436580524,6.031046882400661,10.397836343005913,-6.410726111700179,5.904007375752639,-8.27139838651092,7.1331528861583955,-3.6547944740191114,10.075918305821562,-5.515466748829851,11.305063816227317,-0.8988628363380426,14.247829235890483
-6.63830116746357,4.336460235966354,-3.1524773090782636,5.6379697625838645,-1.4777258529183714,8.126928168100537,-0.35171110589205057,10.976422452411581,5.0721437553729185,11.019179072959668,-6.567529366747053,5.871438687603795,-8.43503680010593,7.090174092172539,-3.8349387735435907,10.058675085269439,-5.702446206902467,11.277410489838182,-1.1023481803401287,14.24591148293508
-8.078987956097622,5.2070219992475435,-4.961372609778922,6.772594901711438,-1.8669344391911293,8.345785427123896,1.7119928716314976,9.599084448628835,7.897712630891243,9.186127111217461,-6.724288906006789,5.837784208180727,-8.598612429759994,7.046010730114994,-4.015260829920988,10.040303319734996,-5.889584353674193,11.248529841669262,-1.3062327538351894,14.242822431289262
-8.345233916007057,5.308996439589711,-6.333051373721339,7.591943050432668,-2.5525477022323715,8.735568706368246,1.6364706177863675,9.628728772960987,5.473828920088697,10.740648756843497,-6.880996211089528,5.803032610688826,-8.762115185579642,7.000651666905476,-4.195751690424391,10.020788158872938,-6.076870664914505,11.218407215089588,-1.5105071697592543,14.23854370705705
-8.323304607844419,5.237022736635778,-6.296598216924378,7.502246088862847,-3.1368308329150265,9.06527426689027,0.20112812026666482,10.500564536569374,5.426066333392313,10.763183649899439,-7.037641557397083,5.767174291920684,-8.92553355277777,6.9540878581830015,-4.376400377436729,10.00011598559935,-6.264292372817415,11.187029551861668,-1.7151591974763747,14.233057679278017
-7.702294196557695,4.783423270771197,-6.129222120527551,7.335177243299961,-2.869946414796559,8.844201499430705,-0.2639920606839361,10.761927706727795,5.775678761865823,10.538759092245575,-7.194214240847957,5.730201157138011,-9.088854873847605,6.906312066783313,-4.557194264064771,9.978274325298655,-6.451834897064419,11.154385234943955,-1.9201742872815846,14.226347493459297
-6.953542623867868,4.261376126766024,-5.347072781783174,6.7926582733444425,-1.0381990259736025,7.671804516396745,1.2665562865901414,9.7798365439459,3.9565906794084484,11.649398157070145,-7.350702664823658,5.692106756504729,-9.252065448995982,6.857318995954894,-4.738119168298624,9.955252012496487,-6.639481952470948,11.12046425194665,-2.1255356717735907,14.218397268488243
-7.331485490628192,4.434154841442096,-4.650546961450945,6.317071041529498,-0.5048031513869433,7.323511225025699,2.3382574707446193,9.099947599809488,7.813915822114416,9.297959859991895,-7.507094594728945,5.652886077360817,-9.415150847788379,6.807105005970461,-4.91915977721853,9.931039111126362,-6.827216030277964,11.085258039736006,-2.3312249597081154,14.209192144891908
-8.290488611548808,4.948184648915056,-4.552620887132934,6.209060041512279,-0.9990788661956733,7.5895609117664655,1.9772510326780521,9.304391973624087,5.570586877878041,10.650170206677354,-7.663377265058101,5.612535482798501,-9.578096040239965,6.755668026279821,-5.100299813306265,9.90562690697308,-7.015018588488127,11.048759450454398,-2.537222361554428,14.198718331147658
-8.89126647354777,5.2371391434401495,-4.725541407999641,6.264342809675528,-0.9084901447164144,7.5005621064598165,0.8176506073437615,9.967068368273889,8.396044324952348,8.981224021322701,-7.819537484271565,5.57105264168921,-9.740885522934608,6.70300746160283,-5.28152219298542,9.87900788532832,-7.202870231648465,11.01096270524194,-2.743506901699277,14.186963128967431
-9.125094957499865,5.3040287797771315,-6.290292651255458,7.125712684058787,-0.7430368480268261,7.369832417862304,1.2785686752677727,9.665966452382149,6.908689297903987,9.864155763206076,-7.975561681208039,5.528436541811732,-9.903503372316345,6.649124203779352,-5.462809075899473,9.851175759543356,-7.390750767007779,10.971863421510976,-2.9500564705909067,14.173914977274979
-9.245443221275597,5.30295777282398,-7.544970085785176,7.786370299925616,-1.2311522331481517,7.621982673352228,3.0733805982669775,8.607605517294775,4.448133642876449,11.28227856401813,-8.131435942561263,5.484687518077196,-10.065933286926114,6.594020662198174,-5.644141897446961,9.82212550992664,-7.578639241811812,10.931458654047617,-3.1568478523326586,14.159563501776084
-9.136557388674522,5.171391813940163,-7.119715271792262,7.477542904331777,-1.8869655508578056,7.957284864788315,3.125363450174946,8.569735876510263,3.681938487747286,11.704006370917291,-8.287146067287207,5.439807247010946,-10.228158651017877,6.537700752684056,-5.82550143573315,9.791853398873434,-7.76651401946382,10.889746904546543,-3.3638568041790924,14.143899550735924
-9.072298639874978,5.055429968652212,-6.789691182395684,7.218163961379526,-3.516850430406934,8.831923168297212,1.328843910222373,9.558771364264397,4.581791417584181,11.18492529283246,-8.442677673459125,5.393798652963804,-10.390162662427938,6.480169776356331,-6.006867979753909,9.760356924194326,-7.954352968722723,10.846728047586854,-3.571058286048692,14.12691519542485
-8.67117581817497,4.768062325486217,-5.833720718750025,6.632037367554163,-4.288532572587605,9.204438041753214,-1.3653022216800128,11.025440456386296,7.712877899102994,9.453056455343113,-8.598016290114748,5.346665828095729,-10.551928441562945,6.4214343168518315,-6.188221472275952,9.727634777531149,-8.142133623724149,10.802403266287252,-3.7784266544371574,14.108603726966567
-8.26701321366112,4.486201387744166,-4.878617611084205,6.061781715020898,-3.694938128189785,8.83152219565921,1.3593665182437684,9.49693492998255,3.357261436409094,11.83034910153333,-8.75314743964614,5.2984139431576285,-10.713439129262376,6.361502129349878,-6.3695416410088095,9.693686789830801,-8.329833330625046,10.75677497602305,-3.985935842371479,14.088959636503972
-8.099831661420687,4.32606286821019,-5.497275676168821,6.337730650626861,-2.919601367249721,8.365285513581915,1.4496480605685762,9.435191985300914,7.7370035146213505,9.47098163708637,-8.908056708808452,5.249049162572638,-10.874677970868325,6.300382036411384,-6.550808112757453,9.658513875711366,-8.517429374817326,10.709846749550112,-4.193559516706454,14.067978588850092
-7.901855089490208,4.165384932798651,-6.21164522816296,6.66696271084248,-2.0264422833764346,7.845221820470396,0.43444654006914174,9.946394328587033,3.0166166463444295,11.974366743015155,-9.062729801336324,5.198578588401331,-11.03562837720676,6.238083859830203,-6.732000493199839,9.622117996182574,-8.704899069070274,10.661623267611446,-4.401271185063356,14.045657403963817
-8.342557903508904,4.327880131935002,-6.488234978431264,6.746681611844917,-2.5814009094404877,8.096060064931223,1.91350658082284,9.145182198101718,5.957410294253412,10.427918517879613,-9.217152579987806,5.147010217183448,-11.196273972749047,6.1746183685304485,-6.913098428985563,9.584502129204171,-8.892219821746805,10.612110280551171,-4.609044277983319,14.021994041224893
-8.342557903508904,4.327880131935002,-6.488234978431264,6.746681611844917,-2.5814009094404877,8.096060064931223,1.91350658082284,9.145182198101718,5.957410294253412,10.427918517879613,-9.217152579987806,5.147010217183448,-11.196273972749047,6.1746183685304485,-6.913098428985563,9.584502129204171,-8.892219821746805,10.612110280551171,-4.609044277983319,14.021994041224893
0.0,0.0,0.0,0.0,0.0,0.0,0.0,0.0,0.0,0.0,0.0,0.0,0.0,0.0,0.0,0.0,0.0,0.0,0.0,0.0
