num,time,x,y,yaw,carv,ang,vel,acc,devDist,devAng,alHori,roll,rl,rr,fl,fr
0.0,0.0,2.968126547037377,-9.990734722133682,7.988261286065047e-08,13.888888888888888,0.0,0.0,0.0,0.14615049180003767,-0.013031366231221,-8.122263013850208e-05,-0.0017403013069284298,0.001583548905079927,-0.0016253976239020535,0.0,0.0
1.0,0.01,3.1069874218197637,-9.99072680598331,5.957423402833418e-06,13.881756995467416,-0.002691611275076866,-0.5128825555571883,-52.35987599999999,0.125519918064163,-0.013010663284489058,-0.0008900225033393673,-0.000989046510370631,0.0014401941193096434,-0.0016305061378634209,-9.786338180623327e-06,-9.786338180623327e-06
2.0,0.02,3.24568998794754,-9.990704181537224,2.428136207047631e-05,13.858982984324518,0.10470123924314977,-0.7775530760929371,-43.17262605851598,0.18212535902431398,-0.012959577245243555,-0.0020586979214789534,0.0011094667555085565,0.007913338376058402,0.004881846307889282,0.0003647723726605114,0.0003647723726605114
3.0,0.03,3.38411969296719,-9.990661525614732,6.161599909438929e-05,13.82955518700285,0.003956181183457417,-1.101400532326178,-15.152027124774298,0.2358753302311828,-0.012874232098405318,-0.003128338825980997,0.0018243883825724621,0.0028171273084553793,-0.00020896836894441367,5.1462025881699944e-05,5.1462025881699944e-05
4.0,0.04,3.5222486689797297,-9.990595255568252,0.0001205289711517861,13.799189978367744,-0.06938850246369835,-1.0312791524710447,12.426888038444373,0.14890373665988224,-0.012772407808974796,-0.0036617124063202913,0.0020149101773033777,-0.004887817981603723,-0.00791632588275414,-0.00021378085671355,-0.00021378085671355
5.0,0.05,3.6600731872134036,-9.99051424911318,0.00019883163333750858,13.768869307240633,-0.18806331418454636,-0.7800371474487859,43.57635244692222,0.01425012729218824,-0.01267168654034866,-0.004088974992667575,0.0018416008251650514,-0.00935599099032135,-0.01241047880362297,-0.0005676759249354375,-0.0005676759249354375
6.0,0.06,3.7975986420835035,-9.990432736504838,0.00028907840820588556,13.739254550069607,-0.304856940731406,-0.2902428136289954,48.12337560289133,-0.22076200387763564,-0.012606819415448119,-0.004372827749771355,0.0015820810528729373,-0.018871433717787944,-0.022001118267907835,-0.0008806805091494557,-0.0008806805091494557
7.0,0.07,3.9348308087149757,-9.990374319515269,0.00038109266369900193,13.710248100093043,-0.377103192731738,0.22602105650648666,52.35987599999651,-0.4800172190062061,-0.012615183433364704,-0.004438079878165678,0.0014164413861719814,-0.0216124321773547,-0.024810937320256445,-0.0010320100018669047,-0.0010320100018669047
8.0,0.08,4.071778882472696,-9.99036454642991,0.0004633086943164061,13.682311115681431,-0.24823089055716965,0.7190644205701806,35.8802023797122,-0.6322821877065657,-0.012724031008475977,-0.003986592971002152,0.0017049599510215825,-0.013125778525190304,-0.01623978331957656,-0.0006747822330045928,-0.0006747822330045928
9.0,0.09,4.208452116451771,-9.990417637597153,0.0005301783893692801,13.655296706890999,-0.2964438568800687,0.8479828232304524,9.282529880860748,-0.6658594620641103,-0.01293823376902898,-0.0039093711897040875,0.0015734256279562246,-0.012166505346213856,-0.015384673602239227,-0.0006954616592250444,-0.0006954616592250444
10.0,0.1,4.34486246392775,-9.990538192407485,0.0005785212557904783,13.629505640011665,-0.22022903077304357,0.9780020503653832,5.794654567708996,-0.7153233579962776,-0.013265454971168312,-0.003599950434667072,0.001625768627146292,-0.012526485360033094,-0.015854150909488187,-0.0005000733318333126,-0.0005000733318333126
11.0,0.11,4.481018214921391,-9.990730817943636,0.0006068693780343316,13.6044450550214,-0.3550959359854458,0.9782882506250692,7.875629104814312,-0.7301289820982033,-0.01369449971324585,-0.0036797229914931444,0.0012962918413508293,-0.014678191724805577,-0.018193080466569166,-0.0006865574613132799,-0.0006865574613132799
12.0,0.12,4.616929614185818,-9.990998231470918,0.0006110302607602481,13.580398151253634,-0.44435503296554063,1.1617383072233962,21.80724090851666,-0.8749993767380934,-0.014234248906272383,-0.003697667562142683,0.001035175746547583,-0.02682422629850663,-0.030586746555326404,-0.0007980532623017423,-0.0007980532623017423
13.0,0.13,4.752601748279069,-9.99135465397708,0.0005840352025964461,13.556709176209793,-0.5117175634950396,1.4488477004088716,35.35112719832419,-1.0242308986370747,-0.014890890420985643,-0.003645531209627529,0.0008512946379235129,-0.027034240141080575,-0.03093432172913239,-0.0008373513228205668,-0.0008373513228205668
14.0,0.14,4.88804189441439,-9.99181552724245,0.0005162329757344029,13.533923876697374,-0.6126872655004264,1.8502367330541762,39.54529009009252,-1.1991975460826145,-0.015669554056497663,-0.0036094592835727176,0.0006502001961095107,-0.03404774253895496,-0.038160276882713805,-0.0008980783090118127,-0.0008980783090118127
15.0,0.15,5.023255380458783,-9.992398107132823,0.0003981762560972282,13.511461221082106,-0.6438425783067943,2.2323680548862446,39.891089182341815,-1.379286324494736,-0.016575452827893238,-0.0034660668675523683,0.0005426651116693903,-0.03592139950401395,-0.040280050796751905,-0.0008489505147741804,-0.0008489505147741804
16.0,0.16,5.158247661813162,-9.99312041500067,0.00022079927824228467,13.489796613942445,-0.6075534615665674,2.601086533377648,25.345467440485137,-1.4876959132192478,-0.01759835450627277,-0.0032336884941065267,0.0005260537181060124,-0.03173220670363398,-0.03627040024405125,-0.0007121709295772748,-0.0007121709295772748
17.0,0.17,5.293025644755343,-9.993991539592132,-1.9823630036310625e-05,13.468719894875386,-0.46945398487150675,2.5398128889530502,-25.426329243960463,-1.4484751794186135,-0.018712710093532463,-0.002922128502518645,0.0005918912903259579,-0.022987449289403765,-0.027652201665421407,-0.0004880550781659818,-0.0004880550781659818
18.0,0.18,5.427596237523602,-9.99500791519741,-0.00032104824884443203,13.448492445140255,-0.4929408330470324,2.2713077246818125,-28.293269084544967,-1.345138959663388,-0.01987240656022704,-0.0027700754658846133,0.0004904076203947071,-0.02166070437414344,-0.02646549660777056,-0.00042224560672498993,-0.00042224560672498993
19.0,0.19,5.561966763626419,-9.99615850714823,-0.0006772155705884776,13.428808228791404,-0.35992121882736694,1.920217541887979,-39.884580701254855,-1.2086056372513483,-0.02103104109005531,-0.00254021824753555,0.00048718517426924986,-0.017831450720386093,-0.022748538079802268,-0.00026713440339936126,-0.00026713440339936126
20.0,0.2,5.696142882249449,-9.99742973216331,-0.0010801566157654608,13.409872801382631,-0.4438570607453589,1.5374076732015394,-33.899838899509284,-1.0326772798075041,-0.022126872037476483,-0.002455538188638493,0.00034745542360901504,-0.01643084611381867,-0.021452710440372655,-0.0002507943160254297,-0.0002507943160254297
21.0,0.21,5.830132642638631,-9.998804338480923,-0.0015228430742185006,13.391573791214702,-0.5007531244307759,1.2797364318390947,-18.061581016229216,-0.9828705660143897,-0.02311866693037866,-0.0023529013784730156,0.00022664658168355045,-0.027652611436005572,-0.03293078655055538,-0.00021841315526242367,-0.00021841315526242367
22.0,0.22,5.963941122615433,-10.000277067205278,-0.002001481851762951,13.37396943733649,-0.375187145546079,1.1525744322354303,-7.522995542741377,-0.8546809217421677,-0.023972069558011105,-0.0021604234547988157,0.00016113585020674287,-0.017279133142069844,-0.022553745593750237,-0.00012046735047805799,-0.00012046735047805799
23.0,0.23,6.097593140865648,-10.001839436177985,-0.0025201138904455637,13.360931953386995,-0.3388855319470172,1.2799372319682856,27.700089982929363,-0.6615184972134363,-0.02463398437155377,-0.0015955306885371441,-0.00012656501311138972,-0.011863496231031181,-0.017209535846779755,-7.192673635932738e-05,-7.192673635932738e-05
24.0,0.24,6.231145578025164,-10.003474921801201,-0.0030927769082234654,13.352763398976967,-0.3096100229769953,1.5002606562221479,2.297715533103268,-0.6439727785869276,-0.025064663436096115,-0.0005943803607072898,-0.00043335093023201283,-0.015341689462117615,-0.02078613151853728,-4.647263973988877e-05,-4.647263973988877e-05
25.0,0.25,6.364611380292308,-10.005172083301883,-0.003716917482555502,13.34318859577414,-0.2723899025470026,1.2588149153351924,-31.340530165124807,-0.5399262431147317,-0.025230841862765693,-0.0005375991096222738,-0.00037321303589708143,-0.010615917262857334,-0.016029213497877733,-2.2193110663889564e-05,-2.2193110663889564e-05
26.0,0.26,6.497966681114977,-10.006917953373563,-0.004378330452225669,13.331151651919319,-0.16761888451874324,0.9939557980684346,-23.64284573208584,-0.3826776901009881,-0.02511505698394486,-0.000932682452741312,-0.00012184526330255974,-0.005409165339169732,-0.010742609041301953,1.3074501947879093e-06,1.3074501947879093e-06
27.0,0.27,6.631193098770303,-10.008697574062154,-0.005065249675707279,13.31777321961292,-0.24722665138542715,0.8249922522809142,-10.331215217374004,-0.30715478462576096,-0.024717142497662718,-0.0012606598713468479,0.0001545024765533181,-0.009828369956002628,-0.015126830777318261,2.7701548378070222e-05,2.7701548378070222e-05
28.0,0.28,6.76427937151679,-10.01050223254295,-0.005770762366383825,13.30310896229791,-0.14176694937050405,0.748405335990409,-7.873134823782594,-0.286461575521463,-0.02406605015549941,-0.0015971966709032819,0.0004364532268923227,-0.006532324028077687,-0.011750549660672936,3.565147570307678e-05,3.565147570307678e-05
29.0,0.29,6.897209833428958,-10.012328424233685,-0.006486439205907407,13.286912406128618,-0.08939710445702166,0.668368691283685,-7.539583609684978,-0.1853541979977499,-0.02318103117467113,-0.001976924465890664,0.000715118724739294,0.0008096394656775976,-0.004354225556067683,3.456814209404135e-05,3.456814209404135e-05
30.0,0.3,7.029970123212811,-10.014166408776116,-0.007202646108152231,13.269122742800675,-0.17980230934918023,0.5917619037988647,-6.8399482540393235,-0.19517128280642637,-0.022096582233235313,-0.0023046294074963586,0.001035771751858516,-0.008667091119280552,-0.013814547639366275,8.692175738345176e-05,8.692175738345176e-05
31.0,0.31,7.162544604217982,-10.016016419784155,-0.007912178841209943,13.250036585691186,-0.11976486481726256,0.5573790496399134,-1.746786609427285,-0.2449870658619436,-0.0208607313199746,-0.0026329366681239336,0.0012683172984688717,-0.004643583988298624,-0.00966458728252825,8.351211022001325e-05,8.351211022001325e-05
32.0,0.32,7.294922235703671,-10.017883091733697,-0.008610132359568696,13.229919196571847,-0.2667809788137685,0.5386490005086504,-1.132519529933872,-0.322644980794579,-0.01952030813746227,-0.0027757350331232334,0.0015563001386185568,-0.010343329588654417,-0.015265296049836298,0.00020858893548589155,0.00020858893548589155
33.0,0.33,7.4270939788091725,-10.01977522320523,-0.009294613056684001,13.209028666811573,-0.374095526710154,0.5626970252030622,5.63299004524564,-0.5722525393046813,-0.01814982178480166,-0.0028609620671858293,0.001856759128996723,-0.023622689248247175,-0.028478641828460088,0.0003624140862557669,0.0003624140862557669
34.0,0.34,7.559051916474969,-10.02171812059816,-0.009969951792779133,13.187404850476321,-0.33428044058382655,0.6430675810924485,8.688214056751235,-0.7871444012196662,-0.016818223973164573,-0.003031417283874565,0.0020035786441876787,-0.01669562155721037,-0.021260580148464082,0.0003968981328207773,0.0003968981328207773
35.0,0.35000000000000003,7.690788559090832,-10.023733111618812,-0.010640381032760967,13.1650909094047,-0.4550594631582514,0.7288163616067094,9.359121364738145,-0.9769269128275561,-0.015582008445314544,-0.002999096735731588,0.002300939865962105,-0.023084064900219282,-0.027547340553184668,0.0006002123458638054,0.0006002123458638054
36.0,0.36,7.822296245396332,-10.025840757125017,-0.011311907462893253,13.141967920799653,-0.5899335656315098,0.8518036766641527,14.94096083554107,-1.2905174893620492,-0.014510214868610696,-0.0028663280192130327,0.002680705907482579,-0.03579854549180719,-0.0402470727301662,0.0008894063182055303,0.0008894063182055303
37.0,0.37,7.953564993678622,-10.028072138697636,-0.011994624840599526,13.117855019048003,-0.5016876909881841,1.0156300910109097,16.08891144888601,-1.5122155413362102,-0.013659795106024025,-0.0030011888867040853,0.0027832933136508796,-0.027023955239332122,-0.03110139551471122,0.0008877687206933105,0.0008877687206933105
38.0,0.38,8.084585480134805,-10.030448779923779,-0.012695243299230234,13.093052761520516,-0.5939718369394554,1.1628981269742311,14.430439522095094,-1.623335108112117,-0.013062270962518776,-0.0028649354493397996,0.003123043647375514,-0.02827037623890353,-0.032167932071998036,0.001135029827384666,0.001135029827384666
39.0,0.39,8.215351463201031,-10.032983384020904,-0.013419448543852514,13.06758545103989,-0.7419851604849116,1.3208786144849316,17.45643188411082,-1.851326566755077,-0.012756320364421201,-0.002548944469893738,0.0036061006597044288,-0.04433258462568316,-0.04831551709104863,0.0015621757076628479,0.0015621757076628479
40.0,0.4,8.34585420739073,-10.035699551048637,-0.01417751213634151,13.041330749171632,-0.8752391103655112,1.520658214096525,21.91032181453332,-2.129203124680441,-0.012778409493588359,-0.002156302500927287,0.0041044848665338415,-0.05017463484729204,-0.05417621275355093,0.0020359153560725275,0.0020359153560725275
41.0,0.41000000000000003,8.476087713585697,-10.038625151706768,-0.014983148155956071,13.014814703508693,-0.9488302487880008,1.757855381169125,24.75428553250223,-2.3659973884403307,-0.013153208354377189,-0.0017959438808265336,0.004512307449553502,-0.0543389704569377,-0.05843651768836825,0.0024275376531493953,0.0024275376531493953
42.0,0.42,8.606049618813449,-10.041784352682063,-0.015849554998710942,12.988200605534766,-0.937034434452655,2.0063586720032704,24.580420908582013,-2.533474911506397,-0.013886054546706822,-0.00159683546746869,0.0047003917278739885,-0.05317028114300571,-0.057311026980727646,0.002622987613871884,0.002622987613871884
43.0,0.43,8.735740483792224,-10.045193773733075,-0.01678647972304412,12.962019117205708,-0.8724669981747891,2.2443524321485975,22.84550469877631,-2.5878030207028315,-0.014953679892689276,-0.0015389868859035471,0.004705118721508578,-0.048125937908171844,-0.052260029049205695,0.002645606505123317,0.002645606505123317
44.0,0.44,8.865166502384493,-10.048858795109226,-0.01779924231377334,12.93661532631634,-0.8602146986871985,2.495006628380534,26.369899406519767,-2.567988874465991,-0.016313136522237058,-0.0013515579155935235,0.0048109845411431675,-0.04732535556496942,-0.05155944899106526,0.002772185572755141,0.002772185572755141
45.0,0.45,8.994335364701715,-10.052778109449813,-0.018890558461072262,12.912066610592763,-0.968174156919125,2.754290514327404,27.297908848478134,-2.570378566388764,-0.017913781782679702,-0.0007808313909966795,0.0052464977248278775,-0.0542037929900266,-0.058734041051238896,0.0032734824414301896,0.0032734824414301896
46.0,0.46,9.123255220366303,-10.056952587860215,-0.02006518319965068,12.888333983223273,-1.0789132598787585,3.0480969187043323,31.007991987852506,-2.629927524390911,-0.019707030692861963,-0.00010297651709638726,0.005718859581408187,-0.06149148796636307,-0.06640689621250022,0.003858660480935827,0.003858660480935827
47.0,0.47000000000000003,9.251933200861984,-10.061387413846807,-0.021329383694599392,12.865436170766225,-1.0172293145209585,3.374684210415421,33.20425123876089,-2.6357773760907173,-0.021638407698830468,3.332547438105425e-05,0.0056346077180694995,-0.056888206306865086,-0.06187912229890372,0.0038901944949342668,0.0038901944949342668
48.0,0.48,9.380378782329295,-10.066082440208115,-0.02268686091984837,12.843645394945925,-1.0155975824687666,3.7035889073355555,32.94447022626692,-2.571836425238256,-0.023641930605979602,0.0003019653814591446,0.005679746089522535,-0.055614802401280514,-0.0607525143858167,0.004042804788508057,0.004042804788508057
49.0,0.49,9.508602106959367,-10.071031596490943,-0.02413902098619875,12.822725289990236,-1.0283967765513844,4.033811854468269,32.849873689677594,-2.5298653610755344,-0.02565587662521866,0.0006391528854120259,0.00576997771549451,-0.05792427162039121,-0.06328392477683928,0.00426394264425811,0.00426394264425811
50.0,0.5,9.636610062801022,-10.076230408278732,-0.025686789227126246,12.802537283472411,-1.126658734912057,4.372532459268271,35.64272023970357,-2.5275078135346623,-0.027617457791570824,0.0013110533350477109,0.006212161767641049,-0.06290009064111549,-0.06857468186571301,0.004821235734457831,0.004821235734457831
51.0,0.51,9.764409839266785,-10.08167816929858,-0.027333282906307592,12.782988066004014,-1.1878309371415572,4.7488454253969925,38.61787685588421,-2.587871050490245,-0.029480789965563158,0.001868115101062288,0.006568628773902992,-0.06782752375338141,-0.07386324127336094,0.005290230169465437,0.005290230169465437
52.0,0.52,9.892005548684168,-10.08737893599378,-0.02908122889284251,12.763969763633131,-1.0824641915503928,5.143669589311668,39.77237929064788,-2.5890406386270692,-0.031202504234549934,0.0017043929921311883,0.006237411537566527,-0.06008007358200679,-0.06601043460353827,0.00506350496394749,0.00506350496394749
53.0,0.53,10.019404163479624,-10.09333179224073,-0.030930505685080156,12.745752510534487,-1.0804637584369678,5.532151192134011,38.1219210023875,-2.551403310101839,-0.032740234361893945,0.0018612354743928329,0.006239491865617008,-0.058594686178804846,-0.06458186096738093,0.005167656179804815,0.005167656179804815
54.0,0.54,10.146611763385774,-10.099531934521963,-0.03287800361852075,12.7279979779981,-0.9761796149890912,5.901231849588568,35.32389174931701,-2.51128812517743,-0.034064199365005474,0.001587871579964374,0.005846479232694988,-0.05498857603942636,-0.06090731241426307,0.00486113455047652,0.00486113455047652
55.0,0.55,10.27363191084759,-10.105974201533305,-0.03491797689316788,12.710675782158917,-0.9392432096879967,6.235668210999407,32.35132530066129,-2.4375721757854114,-0.03513956976045737,0.0015127417043282704,0.005694931364728652,-0.0503366959888455,-0.056098433602216786,0.004779764390807371,0.004779764390807371
56.0,0.56,10.400469202049132,-10.11264972561226,-0.03704300608205831,12.693653787048067,-0.8898489627521523,6.536858557726449,28.732636995432134,-2.3776605986272035,-0.03595055584761687,0.0013680537106730219,0.005526790042456516,-0.04970980656779983,-0.0553930470242622,0.004659971020827197,0.004659971020827197
57.0,0.5700000000000001,10.527123627112976,-10.119551838286617,-0.039244477744993046,12.676605036006187,-0.9992045375984205,6.802277658766392,26.277947597685955,-2.37776509106702,-0.036490448830416855,0.0019381501376423515,0.006126396378397117,-0.05476834827180808,-0.06054622419643495,0.0052845137337009,0.0052845137337009
58.0,0.58,10.653595099441288,-10.126680425987574,-0.04151817494167879,12.659417481644182,-1.142424986092376,7.101788104515443,31.255973129695718,-2.514297462467747,-0.03678034715811842,0.002766627915740672,0.007022967326958025,-0.06636849040344353,-0.07256481591205094,0.006189947083894863,0.006189947083894863
59.0,0.59,10.779877658366603,-10.134048374454759,-0.043863993710956416,12.641718373006485,-1.22512259515934,7.455649447608563,40.45993637946662,-2.712749265682472,-0.03685408211906444,0.0033377413803890744,0.0076931871437949245,-0.06973990064670403,-0.07615778177090145,0.0068525047305786,0.0068525047305786
60.0,0.6,10.905966657754341,-10.141674314109501,-0.04628540480513698,12.623761684866384,-1.2258286343654643,7.889469453407287,43.86769266506714,-2.904229301487936,-0.03675305083011994,0.0034715164255629287,0.00794380483190579,-0.06976553326942085,-0.076284308787107,0.007081888555025412,0.007081888555025412
61.0,0.61,11.031856238655891,-10.149576429187597,-0.04878494192709318,12.605373761358786,-1.3539641516050358,8.379063169291483,49.04416395029183,-3.117239502047199,-0.03652384042488577,0.00424606459081109,0.008834251385303827,-0.07653842804783975,-0.08348534208755432,0.007949644927819126,0.007949644927819126
62.0,0.62,11.157542030347182,-10.157775555967985,-0.0513667303921919,12.586803383067885,-1.2339080737670913,8.30566396006626,-42.47120554845548,-3.3096415138964552,-0.03621816395899257,0.0037859079178336687,0.008473504808927496,-0.07069358420860083,-0.07745600596004329,0.007573580755469322,0.007573580755469322
63.0,0.63,11.28301887793231,-10.166289273221663,-0.054031651016761606,12.568032571096387,-1.3733737068017968,8.091135405490217,-14.919314061057051,-3.417060961775737,-0.035866749151408896,0.004610990981069976,0.009376263768436137,-0.06931830910346774,-0.07609229450168925,0.008472306173046344,0.008472306173046344
64.0,0.64,11.408286562820985,-10.175129023864848,-0.056780728154500686,12.5493217491551,-1.4415946559747714,8.034788530312246,-8.560806119994872,-3.614215791426917,-0.03551790046419268,0.005239326967381967,0.010064042972294619,-0.08204161075491452,-0.08950578108375845,0.00916030307317525,0.00916030307317525
65.0,0.65,11.533338067732107,-10.184314188013563,-0.05961745379005429,12.530019244314891,-1.5870724694570557,7.855920366495399,-5.416572799399328,-3.874473175688801,-0.035220504800336644,0.006322325572330285,0.011189059266061516,-0.09145832134483715,-0.09961347997425542,0.010287280314820733,0.010287280314820733
66.0,0.66,11.658167746477178,-10.193870690167998,-0.06254977809884223,12.510600796024518,-1.5858435687376213,7.829484229584731,-3.8445364738404173,-4.111648344408538,-0.035016485964967245,0.0066281119890046515,0.011518702879525755,-0.09025271752691175,-0.09855198028209626,0.010626261825652728,0.010626261825652728
67.0,0.67,11.782771151661434,-10.203820287667245,-0.06558255533630056,12.491173683151128,-1.4547123637748902,7.732321238589128,-22.208560229497444,-4.22523825572138,-0.03492922801428349,0.00604572677062058,0.010942511474678446,-0.08104719392509731,-0.08903241473418794,0.010068042911509366,0.010068042911509366
68.0,0.68,11.90714993027936,-10.214174589282573,-0.06871658767237322,12.472314779573555,-1.5160405096365157,7.578499070835846,-6.956689535542176,-4.292128197183383,-0.03496810229901688,0.0065569764891007624,0.011437666730185512,-0.08054216271382085,-0.08861451089384417,0.010589642584382327,0.010589642584382327
69.0,0.6900000000000001,12.031305852198575,-10.22493963853475,-0.07194996595465086,12.45365818362456,-1.4625851881457506,7.495375042858791,-8.090549443506838,-4.350592453211941,-0.035142426806641994,0.006494945797243188,0.011331206126598537,-0.08352995340890522,-0.0918959642010656,0.010519029648031227,0.010519029648031227
70.0,0.7000000000000001,12.155239032187717,-10.23612211282724,-0.0752806577276037,12.435296122234796,-1.5601511847926328,7.478339711388664,7.291551562982328,-4.419922580273938,-0.035447771406980945,0.00733029380039334,0.01211115243725107,-0.08536175230110121,-0.09399227150409172,0.011342805756666657,0.011342805756666657
71.0,0.71,12.278950575644291,-10.24772819009984,-0.07870757368295851,12.417198961974739,-1.615731374616737,7.556034042781372,9.113318355291602,-4.508088019555472,-0.03588316296081186,0.008010093065276263,0.012728942029706446,-0.09215182458358061,-0.10138540205522198,0.012018174058895848,0.012018174058895848
72.0,0.72,12.402439693122883,-10.25976683229193,-0.08223043771620746,12.399270052401864,-1.6523586173309037,7.6682134176611,12.715467725632466,-4.598791787798393,-0.036440072052788715,0.008572099725869468,0.013182993337327805,-0.09243652498391319,-0.10194693576337617,0.012547418399966866,0.012547418399966866
73.0,0.73,12.525707445376813,-10.272246194967712,-0.08584888965934206,12.381837247243084,-1.5658496965421378,7.802647244486309,5.747394019817159,-4.638777334162647,-0.03710147955076928,0.008286634060922954,0.0127739137396216,-0.08749123350836535,-0.09693164124905426,0.012207537530546998,0.012207537530546998
74.0,0.74,12.648757245717485,-10.285169668271049,-0.08955964843128027,12.364987315974604,-1.5579147751210267,7.787273171925728,4.59336178293412,-4.630626038739616,-0.03784100255071135,0.008412978665538388,0.012802583731863663,-0.08470513608544712,-0.09414682535179547,0.01230037301537028,0.01230037301537028
75.0,0.75,12.77159383131701,-10.298536543885625,-0.0933579447060956,12.348731908833877,-1.5564754045335585,7.778168373951059,-14.755929301779588,-4.635432075102704,-0.038635672730688284,0.008626434078028107,0.012930930137149955,-0.08709274307472192,-0.09680416878903096,0.012490941217440144,0.012490941217440144
76.0,0.76,12.89421925335643,-10.31234708501109,-0.0972389099152923,12.33273478237627,-1.6774605191079908,7.769736670148346,5.144661243905442,-4.673087970472323,-0.03946189336429126,0.009741723838778492,0.013946379521348279,-0.0925221934714151,-0.10274732590108895,0.01358140017299922,0.01358140017299922
77.0,0.77,13.016634693961734,-10.326604542269628,-0.1011994659300553,12.317122155649647,-1.5504244661657154,7.835448935116222,8.007603210291585,-4.700542914768043,-0.04030039318563865,0.009122652010597983,0.013232595492552278,-0.08726679749863223,-0.09734617101992306,0.01294729962602938,0.01294729962602938
78.0,0.78,13.138842182969999,-10.341310058205005,-0.10523369346844982,12.30202048243248,-1.4549185312120252,7.918143501882017,8.336435305400506,-4.623591094563357,-0.04111434737058647,0.00848654822291949,0.01252904721829922,-0.07627993603943296,-0.08581570914198546,0.012311722936875382,0.012311722936875382
79.0,0.79,13.260848757095168,-10.356456012296096,-0.10933241766911617,12.287708239705522,-1.3563188559142882,7.999168751244838,13.894682632686882,-4.533388807857461,-0.04187395957472663,0.007803439084568724,0.011816340487647936,-0.07404553259611264,-0.08340925189465997,0.011645439701824809,0.011645439701824809
80.0,0.8,13.382658183181034,-10.37203240879416,-0.11348334336819717,12.273656131894858,-1.2678380376426515,7.805641359535313,-35.445779519527285,-4.414844215492886,-0.04254656989339296,0.007150133966135555,0.011159646678757804,-0.06788166057702168,-0.07688532393390336,0.011029519175852947,0.011029519175852947
81.0,0.81,13.504274432221433,-10.388027449175105,-0.11767389812153393,12.260035167590111,-1.3916138297645388,7.640530938501692,-9.620831084466976,-4.334857291790975,-0.04310297688415081,0.008125879767244583,0.012173947179700816,-0.07186778280944844,-0.08095153771199584,0.012068974920829758,0.012068974920829758
82.0,0.8200000000000001,13.625697585121726,-10.404432394695176,-0.12189376266711006,12.246134735740224,-1.504392171534711,7.579629584453455,-7.2318702415419205,-4.3674965258785186,-0.043537719487763624,0.00921405795395764,0.013342850780323559,-0.08469623725452935,-0.09447386378406956,0.013234415371155186,0.013234415371155186
83.0,0.8300000000000001,13.74692268040557,-10.421250386487934,-0.12613846864707562,12.232016906773538,-1.484840039047414,7.585960289430142,2.3286791985821487,-4.4522154687037485,-0.04385611665265635,0.009244465347032476,0.013467994227305298,-0.08252225334119251,-0.09222600257489035,0.01334946336076126,0.01334946336076126
84.0,0.84,13.867944926317298,-10.438487623433724,-0.13040512342329985,12.217701434109713,-1.5394314951030548,7.6187617867284825,9.237374648529686,-4.505575909178797,-0.04405966477401808,0.009758424481972578,0.014090395209579323,-0.08230026184537248,-0.09205595747704026,0.013952339104938217,0.013952339104938217
85.0,0.85,13.988761160610045,-10.456149164051945,-0.13469183781486987,12.203250901815544,-1.5636289342073735,7.665312518932758,6.770946674450323,-4.616550110317161,-0.04416699835985995,0.01010055987052593,0.014557696412467503,-0.08832163484041192,-0.0984950965542305,0.014383674053178006,0.014383674053178006
86.0,0.86,14.109364384731684,-10.47424479077406,-0.13899834679461287,12.188359258114538,-1.6200975029496496,7.747034404665724,8.10862520972399,-4.748346997927948,-0.04419811801349291,0.010699110980360752,0.015278997005747818,-0.08961842567251307,-0.09999308533827414,0.015070134812721372,0.015070134812721372
87.0,0.87,14.229748475557802,-10.492786199963716,-0.1433264004283825,12.17329663822035,-1.6177869563223808,7.864314356216921,10.372957540027974,-4.877795325031526,-0.044176299290350475,0.010848539261608732,0.015536148960963333,-0.09031687081596605,-0.1008453618739507,0.015301986643013424,0.015301986643013424
88.0,0.88,14.349906713869634,-10.511784937278982,-0.14767767045110877,12.15788614205272,-1.7564960007788628,7.9780138504641425,20.4203030098604,-5.024431218268235,-0.044126095683667994,0.012166852223857862,0.016958890616892514,-0.09597898247390746,-0.10702260561805224,0.016699327557160793,0.016699327557160793
89.0,0.89,14.469832129210188,-10.53125468584903,-0.15205622124509982,12.142172171874272,-1.7729137585731232,8.055038815123476,-11.153457577295345,-5.202390552959455,-0.044080930304695745,0.012601161034434039,0.017479299800786365,-0.10114285814824234,-0.11274941049982269,0.01720031654211851,0.01720031654211851
90.0,0.9,14.589516128221987,-10.551211143826206,-0.15646578326960234,12.126193658596748,-1.6469971970887871,8.094005757716786,9.167445566227164,-5.296059245142545,-0.04405869353110719,0.011680557077423326,0.01662213829111283,-0.09000446438228336,-0.10107798896909372,0.016332490452093118,0.016332490452093118
91.0,0.91,14.708956901560887,-10.57166227600576,-0.16090664281274358,12.110672930737595,-1.5476636515231819,8.099453901740487,3.9871224246645873,-5.303139300516722,-0.04406248018140382,0.010822462083863579,0.015818677340853245,-0.08280377146552895,-0.09347035083037812,0.015526702123110123,0.015526702123110123
92.0,0.92,14.828155748539144,-10.592608201377361,-0.16537526612751177,12.095335565011078,-1.6080829174490658,8.15438411674884,7.247324602221988,-5.30952576298012,-0.04409641875638462,0.011413334742937025,0.01646141735794758,-0.08605888835008514,-0.09690290209830182,0.016170352958424186,0.016170352958424186
93.0,0.93,14.947110467210974,-10.61404938985636,-0.16986889935711078,12.07991474609432,-1.7306933255167685,8.150842047268673,1.2785362817346868,-5.384564709790817,-0.044170047316747285,0.012763132634540396,0.01784809448292807,-0.09635692460694616,-0.10792982542874885,0.017561157995928122,0.017561157995928122
94.0,0.9400000000000001,15.065815815085521,-10.635992042741309,-0.1743876419097074,12.064332212073195,-1.631112766382284,8.232789886724483,-1.659650696650415,-5.440555171849843,-0.04429110010256405,0.012156442183720367,0.017257611650044722,-0.09080253990317153,-0.10214401584220209,0.016979307869341438,0.016979307869341438
95.0,0.9500000000000001,15.184269139755802,-10.658440654252448,-0.17893029326092091,12.049080418523829,-1.6761750356527034,8.175980298077638,2.3101804056402364,-5.431631073614893,-0.04444742337209623,0.012663193649215188,0.017772393353622372,-0.08562130485525207,-0.09667969221458485,0.017504889591946068,0.017504889591946068
96.0,0.96,15.302472939288279,-10.681393873055699,-0.18349428937589896,12.034149441644045,-1.5863381014438354,8.236846419714691,12.570765233449741,-5.422641985490536,-0.044636848598921426,0.01203898425730433,0.017156005379384946,-0.08768769554432466,-0.09886381249628176,0.016899770984126577,0.016899770984126577
97.0,0.97,15.420425349389685,-10.704850356891932,-0.18807627653965897,12.019236577115908,-1.628684942540714,8.318264668807355,8.643836485022753,-5.432665642634633,-0.044851972826242585,0.012530550789263413,0.017649543587448753,-0.0890690207883985,-0.10035577186255806,0.017406434852012164,0.017406434852012164
98.0,0.98,15.538126060808438,-10.728810006255395,-0.19267406225514014,12.004578918794552,-1.4982847200008125,8.439105283218444,9.46431217796472,-5.405658526337831,-0.04508408944824338,0.011486944274925096,0.01660546886093526,-0.08202411079131143,-0.0928900943601663,0.016375235119293195,0.016375235119293195
99.0,0.99,15.655575817382132,-10.75326899330746,-0.19728228184281243,11.990323634563621,-1.4111773089738582,8.53656958801196,8.65901312918637,-5.307681797832489,-0.045310091921811915,0.010646633032166408,0.01577022280366663,-0.07376653193280394,-0.08407244980201731,0.015550674315830626,0.015550674315830626
100.0,1.0,15.772779999910004,-10.778217894171634,-0.20189436497598937,11.976480709789715,-1.5199197844835026,8.638134878341079,8.262915640822037,-5.241992368657792,-0.045515354685944774,0.011772061126925103,0.016908522333410777,-0.07928809038936122,-0.08975084864206925,0.016697488887983915,0.016697488887983915
101.0,1.01,15.889737905908985,-10.8036492072258,-0.2065041184665231,11.962553813659875,-1.404093818482946,8.662194247934195,-16.59929920790587,-5.196542256877083,-0.045692264592633314,0.010878240440324934,0.01603069752341894,-0.07851270652192198,-0.08884395662054895,0.01582550914116673,0.01582550914116673
102.0,1.02,16.006449324016746,-10.829558179330343,-0.2111068222418167,11.948823961217839,-1.5196626858087285,8.457136181837342,-10.893992928539966,-5.144153014656737,-0.04582376926977013,0.012058860371007726,0.01723062633617994,-0.0769491304317016,-0.08709735232148605,0.01702803076732144,0.01702803076732144
103.0,1.03,16.122915105045642,-10.85593841167553,-0.21569825832240405,11.935164337881153,-1.415029434976171,8.412475230254515,-2.5593640681031338,-5.1122909725113335,-0.04590853744998374,0.01125887743631264,0.016458612574724425,-0.07954710645078254,-0.08975686737412981,0.01625404909387001,0.01625404909387001
104.0,1.04,16.239133521306893,-10.882785797672932,-0.22027389663204042,11.921525308114015,-1.2847674177261097,8.44265622885859,8.420524255993325,-5.0284294047711064,-0.045934510600834956,0.009918008587651756,0.015154614107626505,-0.06750885990324743,-0.07700181223387499,0.014942795232366102,0.014942795232366102
105.0,1.05,16.355107354612333,-10.910091072437742,-0.22482776134640542,11.908255361218094,-1.3856997565599187,8.246451361155726,-33.6362245095232,-4.93871486276852,-0.04588874912373035,0.010926531831400984,0.01621142599065104,-0.06959072177651174,-0.07899890757235699,0.015987898275647904,0.015987898275647904
106.0,1.06,16.470837061544252,-10.937844704241884,-0.22935437561357527,11.89470392237725,-1.4072685883613338,8.087882920099194,-10.8136617660476,-4.929873982731133,-0.04577657539286218,0.011384152059992861,0.016724659634781685,-0.07911410087908848,-0.08890927765771336,0.01648581649510091,0.01648581649510091
107.0,1.07,16.586317738453715,-10.966045271357434,-0.23385229864257778,11.880935575325076,-1.430953276273798,8.03484361590744,1.7115918029480288,-4.966169937577706,-0.045606265578282686,0.011781990537088876,0.01717822551372695,-0.0782775106534212,-0.08796919832672946,0.01692157340110002,0.01692157340110002
108.0,1.08,16.701545579488172,-10.994693600905148,-0.2383214217310403,11.867081982988646,-1.305445009586405,8.036324635968695,0.5843625683272137,-4.940297772782987,-0.0453840517781186,0.010580987597026224,0.016038489375944757,-0.07112839429095998,-0.08036351862841809,0.015760720922885697,0.015760720922885697
109.0,1.09,16.81651917366775,-11.023786503043011,-0.24275977670222773,11.853269900416002,-1.4156721324892745,7.992008757788709,-7.843077559630995,-4.91738175348661,-0.04511379460487134,0.011728911699291633,0.01725686430326948,-0.07284255248673425,-0.08206134305097865,0.01695537869736346,0.01695537869736346
110.0,1.1,16.931236407101892,-11.053320892988932,-0.24716700124249966,11.839134761882601,-1.563200190779756,8.012589790425286,9.732175447082957,-4.999920701091113,-0.044816589807019594,0.01360208281698308,0.019191370989800564,-0.08713733275449892,-0.09713594735422248,0.018868957025140288,0.018868957025140288
111.0,1.11,17.045688423211068,-11.083302911822827,-0.25154698494931377,11.824568882004217,-1.4628133417340032,8.078328895800164,8.414889407043216,-5.092145375400443,-0.044518016450727484,0.012833115926783698,0.01846264398064751,-0.08243140360933604,-0.09218409007399896,0.018122643817132036,0.018122643817132036
112.0,1.12,17.159868825732065,-11.113739212534957,-0.2559036327489492,11.809939686841073,-1.5317196087213274,8.179457914234884,-1.2997243255375646,-5.103571722609766,-0.044224974813758595,0.013642289633568578,0.019299865977293766,-0.07758429562840562,-0.08706903691352348,0.018944586085962868,0.018944586085962868
113.0,1.1300000000000001,17.273776505326577,-11.14463040109849,-0.26023925128511066,11.795382716138652,-1.469575083372187,8.18005437480715,10.813868887642142,-5.142144167419998,-0.04395715228325901,0.013197773142193111,0.018880023006243758,-0.08259163456999503,-0.09232952035549392,0.018510309319677298,0.018510309319677298
114.0,1.1400000000000001,17.387406122985993,-11.175978757424328,-0.26455583408134414,11.780532591600501,-1.483075595763516,8.260804633715777,7.310385591261585,-5.183909992984197,-0.04372661185935894,0.013450370645103783,0.019143945172367782,-0.08163156432120883,-0.09132112693716489,0.018764357014237766,0.018764357014237766
115.0,1.1500000000000001,17.50075401620991,-11.207787106387464,-0.26885666507262057,11.765724825036923,-1.5638231852324729,8.38241609990193,18.857557008059466,-5.243946127503884,-0.043545213109678974,0.01458510411199191,0.02027209572939212,-0.08693245218897457,-0.0969636206914178,0.019889644361193518,0.019889644361193518
116.0,1.16,17.61381482364062,-11.240059718023215,-0.27314593950695926,11.750593516428838,-1.682745636370967,8.534508130586811,16.536352002722456,-5.344578644805453,-0.043431693447602636,0.0162833793436263,0.021945710541724735,-0.09515562109449949,-0.1058333785011717,0.0215671935242106,0.0215671935242106
117.0,1.17,17.72658138273295,-11.272804905067108,-0.2774299685010935,11.735368211137995,-1.608385253814052,8.59153009136843,-16.086799632477163,-5.420597371599251,-0.043398760307956405,0.015809220619718845,0.02142597743527438,-0.08998253481793744,-0.10045708998682025,0.021057625308575044,0.021057625308575044
118.0,1.18,17.83904938638342,-11.30602803952622,-0.28171336709620637,11.72023652331819,-1.7008346596034274,8.551702036673046,6.994635222700712,-5.443237539749375,-0.043446058261550236,0.017053133954590162,0.02260735599521142,-0.08951497870316927,-0.1000749595537104,0.022254485764866747,0.022254485764866747
119.0,1.19,17.951218048664604,-11.33973136509545,-0.2860003910614249,11.705273477398423,-1.688520080340098,8.579866480941835,1.244194532418556,-5.497435145171336,-0.04358101234410448,0.017293038617988282,0.02276726732349957,-0.09609368499106033,-0.10720804254993484,0.022436441080888176,0.022436441080888176
120.0,1.2,18.06308230343199,-11.373918694335048,-0.2902953103103179,11.690129656960105,-1.7487090160371765,8.668277419700955,14.826592052912558,-5.556150816846726,-0.04380264195550882,0.01828070384786941,0.02365752865214795,-0.09748553622125157,-0.10887084892907273,0.023354885024206698,0.023354885024206698
121.0,1.21,18.174638830646305,-11.40859439121096,-0.2946034838791057,11.6751903200297,-1.749532769364307,8.726646000000022,-6.039613253961517e-11,-5.603524023957562,-0.04410818311081847,0.018657798680742577,0.023928456225625658,-0.0985272993868679,-0.11015720520844789,0.023658955740449898,0.023658955740449898
122.0,1.22,18.285884778379476,-11.443761586286938,-0.29892908719662414,11.660289709114444,-1.7723609184147815,8.726646000000022,-6.039613253961517e-11,-5.628077649392959,-0.044490026073155185,0.01915838037346799,0.024316198591477173,-0.09898033533560736,-0.11082230832878516,0.024082695258328235,0.024082695258328235
123.0,1.23,18.396818435193676,-11.479422354993952,-0.3032765875134943,11.645588922677353,-1.883213210594843,8.726646000000022,-6.039613253961517e-11,-5.682553552754637,-0.04494169057686818,0.020632427284784868,0.02566810637946944,-0.10608121899713918,-0.11860874230736611,0.025471128969219322,0.025471128969219322
124.0,1.24,18.50743572621125,-11.515580072493428,-0.3076511703668304,11.630753140200783,-1.9207491521956421,8.726646000000022,-6.039613253961517e-11,-5.740721426331277,-0.0454583356693686,0.021334869856268465,0.02624193320224754,-0.10950987305013156,-0.12254179699126251,0.02608157218836838,0.02608157218836838
125.0,1.25,18.617731958275918,-11.55223906624438,-0.3120585329418336,11.616014589591947,-1.9606641193153362,8.726646000000022,-6.039613253961517e-11,-5.789457670065875,-0.046027379547658655,0.021970198229380237,0.026745559817660684,-0.11023578225970963,-0.1235802092004319,0.026621396195476772,0.026621396195476772
126.0,1.26,18.727704485238355,-11.589402513846812,-0.31650422743999335,11.601375811254211,-2.0141763841034868,8.726646000000022,1.616484723854406e-10,-5.83712901349456,-0.04664037217034837,0.02276875307533904,0.027416479842292833,-0.1147172277487959,-0.12866501290368904,0.027330954494275573,0.027330954494275573
127.0,1.27,18.837349709522513,-11.627073556132483,-0.3209931921865745,11.58681608025588,-1.9414803971769314,8.726646000000022,-6.039613253961517e-11,-5.860969113040449,-0.04728355135311938,0.022033197620049443,0.026556940666735668,-0.1095837430268172,-0.1234064046525258,0.026513605355684554,0.026513605355684554
128.0,1.28,18.946666643329927,-11.66525318950099,-0.3255286090082631,11.572620195618605,-2.0180481572868323,8.726646000000022,1.616484723854406e-10,-5.858773532783761,-0.04793526573325001,0.022946779464247127,0.027354489135029417,-0.10905525551695529,-0.12301633394033314,0.02735226365957328,0.02735226365957328
129.0,1.29,19.055656115887963,-11.70394039948866,-0.330113010241257,11.558623581004055,-1.9800486629130345,8.726646000000082,6.039613253960176e-11,-5.865285709628518,-0.04858470998221814,0.022653265680496252,0.026956843553633637,-0.11332337027121563,-0.12776078055586296,0.02699113755215697,0.02699113755215697
130.0,1.3,19.16431559947992,-11.743134422996231,-0.3347477369119557,11.544694879378575,-1.895499676954935,8.726646000000082,6.039613253960176e-11,-5.854289072292427,-0.049212478329412654,0.021623553123121825,0.0258387479818398,-0.105435333097439,-0.11945556559147638,0.025904143855444362,0.025904143855444362
131.0,1.31,19.27264626394718,-11.782832844655765,-0.3394328133305003,11.53121381469908,-1.9988125567557316,8.726646000000082,6.039613253960176e-11,-5.827268305184589,-0.04979734634677845,0.022814095298201262,0.02696152807475899,-0.10620672067498876,-0.12034790519489728,0.027054166891203803,0.027054166891203803
132.0,1.32,19.380649100338776,-11.823031848055933,-0.3441674768159656,11.517786119798906,-1.8602093343855832,8.726646000000082,6.039613253960176e-11,-5.8010082700991745,-0.050330113424959744,0.02128178948000413,0.025383002728657355,-0.10670065127523885,-0.12095169733494578,0.0254975463194716,0.0254975463194716
133.0,1.33,19.48832247444681,-11.86372800956385,-0.3489498657233406,11.50447207157204,-1.914400367927739,8.726646000000082,6.039613253960176e-11,-5.7784085120594675,-0.05079152425873094,0.02176661201627028,0.025843741517472575,-0.10301144140658308,-0.1170223290174963,0.025972534182206717,0.025972534182206717
134.0,1.34,19.595667005301657,-11.904917193791997,-0.35377827403380313,11.491294365527823,-1.9046352316858253,8.726646000000082,6.039613253960176e-11,-5.767134487803162,-0.051175295555827,0.02170951863317851,0.025793277682647633,-0.10737917289658376,-0.12171844674538135,0.02592669038275562,0.02592669038275562
135.0,1.35,19.702679020895644,-11.946596337662045,-0.35865113648563685,11.477786897191134,-2.0467686076881373,8.72664599999986,-1.616484723854047e-10,-5.800950474301505,-0.05148060501773129,0.023411034424436025,0.027524379017585525,-0.11507852282990308,-0.13005956563692259,0.0276538131668758,0.0276538131668758
136.0,1.36,19.809351868875833,-11.988765843046469,-0.36356962320776626,11.46394544272295,-2.096426184964367,8.72664599999986,-1.616484723854047e-10,-5.8684951172239765,-0.051715339473830384,0.02418274403344836,0.02833550753686644,-0.12022667069175791,-0.1357249782318867,0.028455243875468047,0.028455243875468047
137.0,1.37,19.91567655753492,-12.031428480844585,-0.368535786146876,11.449679573205255,-2.1565508370520545,8.72664599999986,-1.616484723854047e-10,-5.934872391075074,-0.0518843765898682,0.024954433042664637,0.029152563828719724,-0.1217974254233465,-0.13757025042058554,0.029259025433822264,0.029259025433822264
138.0,1.3800000000000001,20.02164574635611,-12.07458782868678,-0.37355290001357877,11.435208666238818,-2.2260811870219186,8.72664599999986,-1.616484723854047e-10,-6.021667200857783,-0.05200169697160107,0.025851880848581525,0.030101501894321543,-0.1278123106436742,-0.14419293008342515,0.030192219720941604,0.030192219720941604
139.0,1.3900000000000001,20.127249888677348,-12.118248211485735,-0.37862413084113844,11.420248863662472,-2.21946198020596,8.72664599999986,-1.616484723854047e-10,-6.0981289887751124,-0.05207989906283295,0.02582883151050273,0.030131610219935764,-0.12674097101016105,-0.14322103964641664,0.030205767324499245,0.030205767324499245
140.0,1.4000000000000001,20.23248145954067,-12.162413841990292,-0.38375200291476785,11.4053273701584,-2.1168383208336303,8.72664599999986,-1.616484723854047e-10,-6.14330046417186,-0.05212508794153844,0.024525471908277464,0.02888265655350443,-0.11953304275690432,-0.13556383911684985,0.02894014536517412,0.02894014536517412
141.0,1.41,20.33733772892709,-12.207086686457092,-0.38893647154510713,11.390611411769367,-1.9968004998983826,8.726646000000022,1.616484723854406e-10,-6.141154415953167,-0.05214015676024243,0.02286925795407214,0.02729085397280825,-0.11152607439924109,-0.12694261995809675,0.0273306704720614,0.0273306704720614
142.0,1.42,20.441819104559222,-12.252265545317803,-0.3941744881925672,11.376294540796335,-1.8485344943823303,8.726646000000022,-6.039613253961517e-11,-6.104693072711547,-0.05212479322078201,0.02083113363103909,0.02533075587922863,-0.10233516580477098,-0.11693272682661118,0.025351851602785486,0.025351851602785486
143.0,1.43,20.545927623083525,-12.297945819487023,-0.39946019542088307,11.36221806524131,-1.96497925494332,8.726646000000022,-6.039613253961517e-11,-6.05865665572598,-0.05207690563469677,0.021986981442458548,0.026573191786271003,-0.10322486035449938,-0.11771620943195525,0.026575983355853226,0.026575983355853226
144.0,1.44,20.64966326640829,-12.344121783773188,-0.4047880321327721,11.348045157127874,-2.010216234368273,8.726646000000022,-6.039613253961517e-11,-6.0570644915646294,-0.05200604001929948,0.022632168383605163,0.027302661699818858,-0.1128383294926274,-0.1279381811968388,0.027288333797740687,0.027288333797740687
145.0,1.45,20.75302035934132,-12.390790459990637,-0.4101539217528043,11.333547892796398,-1.9030185860814532,8.726646000000022,-6.039613253961517e-11,-6.05886749896369,-0.05191638121772345,0.02132206723286098,0.02606882262386396,-0.10761930455107106,-0.12230078615462005,0.026037256445215904,0.026037256445215904
146.0,1.46,20.85599619871119,-12.437949848248204,-0.41555360251674023,11.319278331663158,-1.954775210958907,8.726646000000022,-6.039613253961517e-11,-6.027180877759182,-0.05180017596779976,0.021747632502151896,0.026574609439108277,-0.1026830935156814,-0.11688686791173976,0.0265251638944683,0.0265251638944683
147.0,1.47,20.95859164473672,-12.485595649012115,-0.4209823910484118,11.305076365617426,-1.9234804165782429,8.726646000000022,-6.039613253961517e-11,-6.012087614017133,-0.0516642980785328,0.021364436154311554,0.02627898607013317,-0.10730324223851653,-0.12171384273255866,0.026212379507684846,0.026212379507684846
148.0,1.48,21.060803043934285,-12.533724117322592,-0.42643582372341793,11.290655473030931,-1.8949529332341655,8.726646000000022,-6.039613253961517e-11,-6.0102240367327315,-0.05151280998762255,0.020906556729274713,0.025902496924498603,-0.1066974667279072,-0.12099673622569981,0.02582048543401379,0.02582048543401379
149.0,1.49,21.162627919489246,-12.582332908876767,-0.4319097235433437,11.276396852426736,-1.7668345374288066,8.726646000000022,-6.039613253961517e-11,-5.969318293166954,-0.051341992611570346,0.019234698152007276,0.02430983380343537,-0.09720877714411554,-0.11068750955977227,0.024212875850010862,0.024212875850010862
150.0,1.5,21.264068235513673,-12.631416775764007,-0.4373975521272031,11.262482981637266,-1.6411119622411232,8.726646000000022,-6.039613253961517e-11,-5.877979411013383,-0.05114464692332368,0.017449717037754234,0.022613475457821275,-0.08956049353440386,-0.10227420010115455,0.02249910500503783,0.02249910500503783
151.0,1.51,21.365128959099472,-12.680966955374494,-0.442890424377039,11.24890105220603,-1.5362625074805716,8.726646000000022,-6.039613253961517e-11,-5.75926616049906,-0.050912941876008415,0.015916537837060124,0.02117768027639986,-0.083491006678356,-0.09550449204717,0.021044183009376997,0.021044183009376997
152.0,1.52,21.465815067518875,-12.73097166935307,-0.44837757577055554,11.23550743633277,-1.5125437778653597,8.726646000000022,-6.039613253961517e-11,-5.635226130376851,-0.05063673529955571,0.015398671267896975,0.020763372684125897,-0.08214666764652644,-0.09374870657955812,0.02061109726661003,0.02061109726661003
153.0,1.53,21.566130826302444,-12.781418697561554,-0.45384886579292916,11.222111400640472,-1.574181508761833,8.569566372000292,-52.359875999926416,-5.552376435364341,-0.05031296708270436,0.0160320426785355,0.021503392463372115,-0.08691668295908321,-0.09853922820127616,0.021333574610618567,0.021333574610618567
154.0,1.54,21.66607596664133,-12.832298431884741,-0.45929645503507155,11.208473174269233,-1.6671121117891765,8.045967612000686,-52.35987599999999,-5.527541976548041,-0.04994573453923206,0.017168553107084053,0.022743570150770824,-0.09304243252270143,-0.10488257398906528,0.022555361218940223,0.022555361218940223
155.0,1.55,21.765646806728764,-12.883606160128766,-0.4647167589860044,11.194500416036641,-1.802026697737167,7.52236885200124,-52.35987599994588,-5.569149999349963,-0.04954791242730618,0.018872168812665912,0.024540942623003523,-0.10167973220130168,-0.11403290168670586,0.024333812749641727,0.024333812749641727
156.0,1.56,21.864835205132483,-12.935342221436727,-0.47011039225391343,11.180049588433375,-1.9244107810081936,7.011879197482892,-52.35987599999999,-5.670281219837079,-0.04914270522621407,0.020500047634544494,0.02624168151659196,-0.10982887615513318,-0.12279505787017167,0.026015950618994747,0.026015950618994747
157.0,1.57,21.96362967369774,-12.987511826956053,-0.4754818567059541,11.165088391763131,-2.0387907234253384,6.795235691296714,8.141102700244017,-5.805848660883759,-0.04875703740218066,0.022032160720934488,0.02782444934565186,-0.11651257314722895,-0.13009508388962374,0.027583030297510674,0.027583030297510674
158.0,1.58,22.062017632665732,-13.040122837918037,-0.48083753000338975,11.149783622621563,-1.9487065074266885,7.102350024894408,52.35987599999999,-5.909564527991613,-0.048416023532494724,0.021063732438382513,0.026888622064507633,-0.11112781488121071,-0.12447966697863416,0.026635577235231824,0.026635577235231824
159.0,1.59,22.159990649199642,-13.093181437015055,-0.48618204692115075,11.134507266469651,-2.0291192678036194,7.622703245552067,49.114336657747174,-5.962969820103184,-0.04813075013086609,0.021916536513440443,0.027756544520914608,-0.10881356030244199,-0.12208865187943838,0.027497659720496694,0.027497659720496694
160.0,1.6,22.257544711240122,-13.146691070764335,-0.49151932766775397,11.119279863450107,-2.06545474652667,7.7645715811676315,-31.50673764013326,-6.046922501990479,-0.04792118068662331,0.02247378357532053,0.028309173986093037,-0.11674070795751536,-0.13067287033738748,0.028051989065284222,0.028051989065284222
161.0,1.61,22.354671372589795,-13.200655880965092,-0.4968538390737334,11.103777008180208,-2.051474614930343,7.344434347933482,-32.26738892555397,-6.1270118120807995,-0.047802894323189626,0.0223880717388766,0.02817506532472648,-0.11789654121333001,-0.1320783443031493,0.027930239806043904,0.027930239806043904
162.0,1.62,22.451364800004544,-13.255081350896829,-0.5021899240570289,11.088670563092792,-1.92782501180191,7.168212264963533,-11.308110723621546,-6.1523507109157745,-0.04777538663410335,0.020928495563981457,0.026620832421568635,-0.10747689716229883,-0.1210142248794636,0.02639714244758863,0.02639714244758863
163.0,1.6300000000000001,22.54762607729194,-13.309968937746353,-0.507528246797354,11.074075841685792,-1.884562665713024,6.960330307613935,-52.35987599999999,-6.1231615738467635,-0.047831234734309586,0.020273931636532655,0.025901610345871934,-0.10370109594032992,-0.11697829627830904,0.02569916868249718,0.02569916868249718
164.0,1.6400000000000001,22.643457340754065,-13.365315925187387,-0.5128673846597154,11.059710386437015,-1.9497159277321816,6.45083233090088,-40.344807314839954,-6.111516889762551,-0.04796573304047193,0.021036103634187564,0.026617619145252056,-0.10910659083155591,-0.12278616410350884,0.02643810339197054,0.02643810339197054
165.0,1.6500000000000001,22.738857033681406,-13.4211197621636,-0.5182066991697547,11.045396036438596,-1.96965961803217,5.94950142634025,-52.35987599999999,-6.121746954509024,-0.0481733999308125,0.02140912385808681,0.026918950848664365,-0.11215065526170685,-0.1261393479083715,0.02677095573814674,0.02677095573814674
166.0,1.6600000000000001,22.833822900790715,-13.477379959112252,-0.5235469266701257,11.03122666621594,-2.062233424675656,5.50010455413102,-52.359875999834856,-6.143408660578572,-0.04844284233604126,0.02262256190302245,0.028044991402771186,-0.11537272034741668,-0.1297174134259896,0.02793164682538012,0.02793164682538012
167.0,1.67,22.928352526629148,-13.534096445567288,-0.5288893922092243,11.017178414110615,-1.9862925951602004,5.151423546033386,-24.289870333282348,-6.1550181054503845,-0.04876678094407135,0.021872205046342998,0.027209082945193665,-0.11356882948917686,-0.1279246554306958,0.02712770987528432,0.02712770987528432
168.0,1.68,23.022443999428653,-13.591268731435187,-0.5342345724800569,11.003363407287022,-2.0798096095444705,5.047656711162253,2.5237110767951103,-6.146699659280834,-0.04912678133555289,0.022976779423819704,0.028218830234411484,-0.11238967836392132,-0.1267647343064557,0.028169495316193217,0.028169495316193217
169.0,1.69,23.116097809026847,-13.64889546095922,-0.5395836687165732,10.989783892233856,-2.151160339009955,4.660342811437415,-37.50602688986384,-6.178387234268693,-0.04951623535646917,0.024047532026033786,0.029187676131622205,-0.12142617516617668,-0.13659144832618614,0.029170411749843556,0.029170411749843556
170.0,1.7,23.209309053647356,-13.706976300367925,-0.5449389036230392,10.975988974048553,-2.085438408446506,4.503785691515158,-5.064892239280308,-6.208129918784172,-0.049927773023222564,0.023411717067680454,0.028449807112765617,-0.11978425184458091,-0.13501611864618288,0.02846272923962421,0.02846272923962421
171.0,1.71,23.302074326092278,-13.76551175009047,-0.5503020839013165,10.96255408690923,-2.0602855173172494,4.585281177543593,18.963320184491963,-6.197800561205492,-0.05034253075775947,0.02307969222096039,0.02802267837676328,-0.11337415891587728,-0.1282423490294689,0.028065317062218792,0.028065317062218792
172.0,1.72,23.394395334623557,-13.824500200525488,-0.5556737302321204,10.949438383453822,-2.09032073516865,4.763769334333282,8.394361618871786,-6.191634427591169,-0.050751122733967646,0.023461971428868217,0.028325946479341522,-0.11715233616171632,-0.13237236229138433,0.02839887361902589,0.02839887361902589
173.0,1.73,23.486270557848922,-13.88393916436316,-0.5610543222594684,10.936269282473654,-2.106404147786095,4.989963710229634,36.937055222672285,-6.203473421815172,-0.051146841673003825,0.02373939026981039,0.02853436076041895,-0.12037850624242788,-0.1359475155364152,0.02863667760706491,0.02863667760706491
174.0,1.74,23.577696229866802,-13.943827071240834,-0.5664451546771014,10.923079093489541,-2.2339236331405186,5.250092209527014,30.076792439103645,-6.2346490806682375,-0.05152216481824571,0.025360508269946187,0.030089611800853393,-0.1252445678758454,-0.14130894208964845,0.030220022885265565,0.030220022885265565
175.0,1.75,23.66866752876721,-14.004163495161311,-0.5718490031560405,10.909729996846005,-2.2470634297700673,5.715788336272806,51.35444207218886,-6.284083236381157,-0.05187816549866642,0.02573057797972373,0.030401019122431035,-0.13012504678153994,-0.14675015788113144,0.030554414252258084,0.030554414252258084
176.0,1.76,23.759177406043374,-14.064948878270808,-0.5772689006171001,10.89623169218308,-2.266539716091945,6.2392803954560625,52.35987599999999,-6.322418266389361,-0.05220959781449989,0.026020818146347286,0.03063967980780387,-0.12832551076040524,-0.1449972769770123,0.03081077666492631,0.03081077666492631
177.0,1.77,23.849221770807958,-14.126183685725241,-0.5827075820149393,10.882916853103755,-2.1638261401327394,6.762879155456064,52.35987599999999,-6.33799418094445,-0.05251328946018791,0.024817767198193355,0.02939425172511641,-0.12346391920823215,-0.1398932393264951,0.029579557758427077,0.029579557758427077
178.0,1.78,23.938799263710187,-14.187867116834745,-0.5881655206087179,10.86985081724413,-2.079217081633403,7.286477915456065,52.35987599999999,-6.3071328927507615,-0.05277882847279247,0.023659267710898445,0.028207082625938466,-0.11578588406304481,-0.13166453152377963,0.02840378211017437,0.02840378211017437
179.0,1.79,24.027912499556322,-14.249996220070894,-0.5936412178015774,10.857293738254116,-1.939594485727145,7.810076675456067,52.35987599999999,-6.254865641016746,-0.052997395320820144,0.02183776188866201,0.026374267972913437,-0.10869528783976255,-0.12396350211426997,0.026579003307285784,0.026579003307285784
180.0,1.8,24.11656566881776,-14.312565554001132,-0.5991302793681613,10.845052016120349,-1.8531789594562784,8.104119623075391,-52.35987599999999,-6.162169794622567,-0.053153192579978255,0.020576856833990614,0.025122426951475388,-0.10155511582758095,-0.11613767120543882,0.02533089129191736,0.02533089129191736
181.0,1.81,24.204764663530554,-14.375567132380231,-0.6046271037483435,10.83315971670257,-1.8988435187609929,7.591090780460869,-45.755977084469315,-6.0923515734956215,-0.05323762991582744,0.02099139678263109,0.0255649554409276,-0.10464475056632093,-0.11923655265075775,0.02577247701586386,0.02577247701586386
182.0,1.82,24.292511123677507,-14.43899240511766,-0.6101265720599137,10.820965947503572,-2.022364143398597,7.185937570563268,-35.361083318627124,-6.070481419670111,-0.05325137146352593,0.02253110270886932,0.027146464159453557,-0.11476014198842027,-0.12999877467273516,0.02734710311072193,0.02734710311072193
183.0,1.83,24.379800332890582,-14.502835824060728,-0.6156270226257515,10.808368984993175,-2.1722615310223845,7.030378111197435,-2.8283698967405293,-6.120148933017187,-0.05320214347945177,0.024499052469437246,0.029163606203329234,-0.12420163801690129,-0.140153243935943,0.029350636595849817,0.029350636595849817
184.0,1.84,24.466622516978155,-14.567095139598077,-0.6211301182755676,10.795084870534456,-2.3188699850114123,7.173130665592528,33.316174935477605,-6.202814527105062,-0.05310439057834845,0.02646325650509506,0.031183790712027933,-0.1336562043063032,-0.15045549559936203,0.031349784176592725,0.031349784176592725
185.0,1.85,24.55296478774988,-14.631770954495185,-0.6266405229965398,10.781178480938292,-2.4087315687211284,7.623157541522687,52.01070972819672,-6.313733866452873,-0.05297874395791263,0.02773120866136092,0.03251046932371898,-0.1395797985592255,-0.1570511860850758,0.03264959738242241,0.03264959738242241
186.0,1.86,24.638813178950855,-14.696865193814563,-0.6321637716340452,10.766685957329889,-2.3919799932511574,8.146756301521373,52.35987599979755,-6.4002219899474095,-0.05284313437071485,0.027618080865574917,0.0324537680577663,-0.13786021328627387,-0.15539601336590145,0.0325667367083402,0.0325667367083402
187.0,1.87,24.724157118270142,-14.762379839381186,-0.6377049728960161,10.752005291692338,-2.415567625430418,8.670355061520821,52.35987599999999,-6.470662355311263,-0.05271310911635781,0.027854475443686348,0.032742306601737825,-0.1383939538224358,-0.15610619895908187,0.03283277359802719,0.03283277359802719
188.0,1.8800000000000001,24.808988518324036,-14.828316240618266,-0.6432681964825336,10.73716125620205,-2.2890703925164466,8.72664599999986,-1.616484723854047e-10,-6.512628416343308,-0.05260232245968728,0.02631007177627112,0.031243593626871107,-0.13194236233312565,-0.1492170377418442,0.03131591990718022,0.03131591990718022
189.0,1.8900000000000001,24.893302789534616,-14.894674401475292,-0.6488546918215382,10.72257647087689,-2.161016575363469,8.72664599999986,-1.616484723854047e-10,-6.49282999300853,-0.05250946884835951,0.02454534795411368,0.029516703763767447,-0.12054165161135523,-0.13688988737968377,0.0295758089060519,0.0295758089060519
190.0,1.9000000000000001,24.977102148704553,-14.961452425799887,-0.654463632254881,10.708424078562697,-2.3004019120009676,8.72664599999986,-1.616484723854047e-10,-6.477563121510118,-0.05243887990742577,0.02605443410121712,0.031056668787068982,-0.12465207542976346,-0.14118340838561705,0.031108345247953077,0.031108345247953077
191.0,1.9100000000000001,25.06038511086025,-15.028645850232186,-0.6600939125108654,10.693902630126793,-2.394049049285246,8.72664599999986,-1.616484723854047e-10,-6.4966785640611615,-0.05240025682424944,0.02737634386351198,0.032395168198205856,-0.13755901773881452,-0.1551151424194107,0.032444684800434255,0.032444684800434255
192.0,1.92,25.143143733889,-15.096250936233016,-0.6657465289513851,10.678999053097613,-2.3772911929758314,8.726646000000022,0.0,-6.5397337947653105,-0.05239963185192527,0.027304551629171163,0.03231485928016541,-0.13851233837101384,-0.15623885045603464,0.03236689763113478,0.03236689763113478
193.0,1.93,25.225371987914038,-15.164266254993823,-0.6714222203509563,10.664156636051091,-2.2395863496931314,8.726646000000022,1.616484723854406e-10,-6.521834491493344,-0.052430218461276865,0.02560669350175585,0.030603422509138948,-0.12633834322138454,-0.14313936268090482,0.03065791607410292,0.03065791607410292
194.0,1.94,25.307071698721973,-15.232689908416885,-0.6771198688832314,10.649928086826531,-2.204765007016253,8.726646000000022,1.616484723854406e-10,-6.484423146821461,-0.0524869228732145,0.0249913159103477,0.029986983859915467,-0.12304233443632419,-0.13950785839339655,0.030044178758648305,0.030044178758648305
195.0,1.95,25.388245515030473,-15.301517821524488,-0.6828372276103621,10.635699511881946,-2.3379492284031613,8.726646000000022,1.616484723854406e-10,-6.46521254279156,-0.05256820205387017,0.02657088166132058,0.031563557299919345,-0.13124102912356395,-0.148305002982065,0.031627629981063866,0.031627629981063866
196.0,1.96,25.46889014376734,-15.370744747339508,-0.6885733857731493,10.621230251983285,-2.394562707957816,8.726646000000022,1.616484723854406e-10,-6.491794230149419,-0.05267546149944284,0.027458039121931063,0.03242695208083739,-0.14034334274639557,-0.15821248404098898,0.032502059282620864,0.032502059282620864
197.0,1.97,25.54899901102391,-15.44036783276118,-0.6943295579853725,10.606416959885946,-2.5430686728330367,8.726646000000022,1.616484723854406e-10,-6.535160213411338,-0.05280658536486755,0.02938096737929672,0.03430915710072452,-0.1458983350103222,-0.16437591287596537,0.03439752480893342,0.03439752480893342
198.0,1.98,25.628565138223813,-15.51038545572697,-0.7001082219832239,10.591540933717253,-2.4441872761817676,8.726646000000022,1.616484723854406e-10,-6.5700927440428325,-0.05296341724288072,0.028400964669589256,0.03328698890703987,-0.14335206363257538,-0.16174005695212693,0.0333887811298327,0.0333887811298327
199.0,1.99,25.707584122898005,-15.580796989091066,-0.7059109929499473,10.576727356656132,-2.554192750272343,8.726646000000022,1.616484723854406e-10,-6.572052190080528,-0.05313604000782284,0.02964063048096848,0.03448369696973906,-0.14020533146610137,-0.15840228704030612,0.034601254421187284,0.034601254421187284
200.0,2.0,25.78605488117258,-15.651600786310416,-0.71173934162141,10.562203531977506,-2.4924260051222538,8.726646000000022,1.616484723854406e-10,-6.591942346626119,-0.05332662685200987,0.02906055965367341,0.03385943433616492,-0.14535646153387413,-0.16406719694480706,0.033994594241934586,0.033994594241934586
201.0,2.0100000000000002,25.863973941961092,-15.72279463541765,-0.717594142339271,10.547496912938207,-2.424773880955765,8.726646000000144,1.2256862191857636e-10,-6.591178985511732,-0.05352907626458219,0.028174702903218406,0.03292837194912858,-0.13969333288017563,-0.15798623788102267,0.033082164497877244,0.033082164497877244
202.0,2.02,25.941339673935957,-15.794375963659506,-0.7234752908008433,10.533204648243451,-2.5192048580618587,8.726646000000022,0.0,-6.590691889795285,-0.05373395923999845,0.02926258339444357,0.03397210550147496,-0.14019938088202222,-0.1585540933977577,0.0341464184691623,0.0341464184691623
203.0,2.0300000000000002,26.018151786454773,-15.866342236781732,-0.7293831486961144,10.51876226663125,-2.6415270985337007,8.726646000000144,1.2256862191857636e-10,-6.606808947915249,-0.053944853529220446,0.030910869585554647,0.035577062059452755,-0.1516579497345908,-0.17113155255097395,0.035772719339892595,0.035772719339892595
204.0,2.04,26.094403371911145,-15.938689299595884,-0.735319082733856,10.503995152211191,-2.6351221035467494,8.726646000000022,0.0,-6.6519822259733274,-0.054164712054968166,0.031030292203765325,0.035641881096582895,-0.1562764175937086,-0.17636114077031725,0.03586071564671627,0.03586071564671627
205.0,2.05,26.17008792508609,-16.011416041228326,-0.7412851252780727,10.489192159896927,-2.5599874477135054,8.726646000000022,0.0,-6.668715430558711,-0.05438329345391161,0.03013318201958458,0.034690486309182866,-0.14671563279200517,-0.16601402358239772,0.03493198517500723,0.03493198517500723
206.0,2.06,26.24520399511914,-16.08452097959116,-0.7472816520801419,10.474889706036402,-2.4487911085831024,8.726646000000022,-1.2256862191863078e-10,-6.657451613217978,-0.05459327315357649,0.028686611147975265,0.03320671761974188,-0.1414111371112195,-0.1602597280424786,0.03346817332905148,0.03346817332905148
207.0,2.07,26.319753776808582,-16.15800307465443,-0.753307639802979,10.460903341782563,-2.4001946534263006,8.726646000000022,0.0,-6.629515864701663,-0.054787299560900136,0.027945038997009678,0.03243985382259481,-0.1372946283386479,-0.155764646442776,0.03272182715909939,0.03272182715909939
208.0,2.08,26.393738669114587,-16.231858258590783,-0.7593599677793875,10.447271402649525,-2.3178884770022714,8.726646000000022,-1.2256862191863078e-10,-6.595508492352267,-0.054957108084443956,0.026870329368408767,0.03134381242712166,-0.13289168945494625,-0.15092456800362378,0.031647878802540066,0.031647878802540066
209.0,2.09,26.46716198630295,-16.30608307592243,-0.7654349426784757,10.43393509291896,-2.288650630717167,8.726646000000022,0.0,-6.545129678056053,-0.05509260006498857,0.026390813959892435,0.030852735309649965,-0.12996638429256308,-0.1476616367508908,0.031177883166356075,0.031177883166356075
210.0,2.1,26.540026281277527,-16.380671813680724,-0.7715278170357156,10.420781607289557,-2.322273068432699,8.726646000000022,-1.2256862191863078e-10,-6.514152238891226,-0.05518961502239502,0.026742774526708375,0.031206451972186616,-0.1332870596914389,-0.15116159612272553,0.03154980710219598,0.03154980710219598
211.0,2.11,26.612332275092065,-16.455619269729752,-0.7776344162762244,10.407589340819763,-2.278112839465033,8.726646000000022,0.0,-6.480009974315223,-0.0552437870118377,0.02622212772268937,0.030697054366493896,-0.13044611419708776,-0.14801454582107304,0.031054814418416735,0.031054814418416735
212.0,2.12,26.684080812960865,-16.53092002319486,-0.7837496691067651,10.39470205041496,-2.1291578817414116,8.726646000000022,-1.2256862191863078e-10,-6.416411478680654,-0.05524445281894348,0.024305312215021694,0.02880398861130881,-0.11998573247560465,-0.13657178748500245,0.02917079421855556,0.02917079421855556
213.0,2.13,26.755278168046072,-16.606569129366303,-0.7898669493614803,10.382275783122648,-2.0023875641869413,8.726646000000022,0.0,-6.313347190823963,-0.05518043337511291,0.02249964841374439,0.0270460710364461,-0.11187067397954986,-0.12757225623169619,0.027415844811426397,0.027415844811426397
214.0,2.14,26.825932075750256,-16.682558429053756,-0.7959773982658324,10.370072998735168,-2.060008883778942,8.726646000000022,-1.2256862191863078e-10,-6.225310991826383,-0.055045439510290506,0.02296730010580955,0.027579468934109296,-0.11399070958970779,-0.12957513301812315,0.027948935366971753,0.027948935366971753
215.0,2.15,26.896047132017454,-16.758878788224706,-0.802072934719241,10.357704400230752,-2.065851250779821,8.726646000000022,0.0,-6.170664008439255,-0.054841054201410326,0.023047666489381616,0.027729465250586175,-0.11867809701345694,-0.1343961134874296,0.02809887090775267,0.02809887090775267
216.0,2.16,26.96562356790723,-16.835521990958643,-0.8081467848274926,10.345172360724188,-2.074897126411095,8.726646000000022,-1.2256862191863078e-10,-6.133264233115075,-0.05456704440644631,0.023098648947342083,0.02784556439605862,-0.11695952842055711,-0.13235934915397668,0.028217585530314095,0.028217585530314095
217.0,2.17,27.034662478484204,-16.912481436831307,-0.8141929724787614,10.332646938467708,-1.9471263270126755,8.726646000000022,0.0,-6.068129824156288,-0.05422629961199528,0.02146980651866616,0.026289564339055528,-0.11026454518288921,-0.12492218928806341,0.026665352445074834,0.026665352445074834
218.0,2.18,27.10316691961444,-16.9897497167771,-0.8202041179468984,10.320141551412531,-2.0256703923689323,8.726646000000144,1.2256862191857636e-10,-5.996548774850725,-0.05381831195742968,0.022175193247026062,0.02707449190595902,-0.10914704119212823,-0.12344400238521536,0.027453278687450518,0.027453278687450518
219.0,2.19,27.171139949788504,-17.0673187507232,-0.8261740398081867,10.307405817496903,-2.167362446640626,8.726646000000022,0.0,-6.00001950209739,-0.05335824949077011,0.02394016369335046,0.028911631143297617,-0.1216830211327955,-0.13671700352520355,0.02929514610548403,0.02929514610548403
220.0,2.2,27.238575631995865,-17.14518210835861,-0.8321002978686196,10.294041034747293,-2.1754092139424843,8.726646000000144,1.2256862191857636e-10,-6.0585274426868505,-0.05286969950969715,0.024172266647450785,0.029194866288996528,-0.12762899855305293,-0.1430303916340049,0.02958645625479524,0.02958645625479524
221.0,2.21,27.305464940062993,-17.223337338772843,-0.8379826541238521,10.280464377094567,-2.0543919039191803,8.726646000000022,0.0,-6.064319751421419,-0.052364278435656594,0.02265779890557562,0.027714826345110695,-0.11542526688323447,-0.12982541888418483,0.028115559626669336,0.028115559626669336
222.0,2.22,27.371806879495864,-17.301781532319925,-0.84381824787234,10.26717060256676,-1.9116662961663768,8.726645999999922,-9.947598300638081e-11,-6.006625465038882,-0.051849192839969804,0.02070285182995081,0.02579213525443883,-0.10792868922383368,-0.12157854925817818,0.02620324972436674,0.02620324972436674
223.0,2.23,27.437605418991243,-17.380509876561522,-0.8496021898945197,10.253939140794762,-2.0605911326827533,8.726646000000022,0.0,-5.971679104591669,-0.05133375995816448,0.022291519207759014,0.027403135236736292,-0.11249795023484707,-0.12627017097318033,0.02783263464889205,0.02783263464889205
224.0,2.24,27.502860238656,-17.45951625653354,-0.8553312654387223,10.240459969465812,-2.176450384897188,8.726646000000144,1.2256862191857636e-10,-6.020506223803933,-0.05083855925435962,0.02389337566779448,0.02899866535677286,-0.12669336140539547,-0.14139687124041023,0.029453938193224796,0.029453938193224796
225.0,2.25,27.56756298366005,-17.538798210574658,-0.8610069554551552,10.226545514672482,-2.1955591124715372,8.726646000000022,0.0,-6.093114649208024,-0.05038574284799022,0.024293205332441708,0.029361528278250837,-0.12720502402674205,-0.1419679769503408,0.029845554247721003,0.029845554247721003
226.0,2.2600000000000002,27.631704892803022,-17.618355055984026,-0.866631592852056,10.212621265249554,-2.2034706092672525,8.726646000000144,1.2256862191857636e-10,-6.1333237538810685,-0.04998649731711904,0.024444553063252866,0.029452793303637065,-0.12597036332938935,-0.1406675189777075,0.02996842798735718,0.02996842798735718
227.0,2.27,27.695282033647338,-17.69818729496163,-0.8722073990692617,10.198874203462932,-2.116415644367238,8.726646000000022,0.0,-6.147380299168299,-0.04965415235489175,0.02343289954770876,0.02836192277602429,-0.12223700032944093,-0.13666364115168053,0.028913212767740597,0.028913212767740597
228.0,2.2800000000000002,27.75829290574565,-17.778294177668325,-0.8777345619475915,10.185490563238956,-2.0842290937202175,8.726646000000144,1.2256862191857636e-10,-6.119357823471609,-0.04938737850707639,0.022984972107628565,0.027802885351897885,-0.11756120027823005,-0.1316080773285121,0.02840064961087978,0.02840064961087978
229.0,2.29,27.820741685410916,-17.858675296327803,-0.8832124328188596,10.172776390024671,-1.9868868737714513,8.726646000000022,0.0,-6.068500527384716,-0.04918533483426555,0.021840510516585303,0.026505153868846255,-0.11396577620122496,-0.12766780662550972,0.027164912836528637,0.027164912836528637
230.0,2.3000000000000003,27.88263432720767,-17.93932900869556,-0.8886385874873257,10.160683960714806,-2.120397198130396,8.674286124000004,-52.35987599999999,-6.012714562406904,-0.049038756592783166,0.02348271382550004,0.02792302636220795,-0.11611272632059857,-0.12988789699956688,0.02866729473859655,0.02866729473859655
231.0,2.31,27.943977620925438,-18.0202549248966,-0.8940127458237672,10.149290499051169,-2.2665592520730717,8.150687364000692,-52.35987599999999,-6.030194667726465,-0.04895140658382452,0.025638425704484463,0.02976819172473467,-0.13048096133094883,-0.14529916974798887,0.030638680872184836,0.030638680872184836
232.0,2.32,28.004771270384577,-18.101455087354474,-0.89933828258575,10.138441576124425,-2.188521069218422,7.68211574685336,-52.35987599984115,-6.048207131113409,-0.0489279900949854,0.025123614135141203,0.028836172772512825,-0.1281179533866492,-0.14287070026194515,0.02988197122441114,0.02988197122441114
233.0,2.33,28.06501831215395,-18.182936188742854,-0.904618763342602,10.129096687157498,-2.271247798134593,7.322717785370887,-39.17787417757955,-6.014674285219012,-0.048952847375015436,0.02635088115988128,0.029513920475778742,-0.12347957010614896,-0.13795484722729193,0.03078877717900885,0.03078877717900885
234.0,2.34,28.124729735882784,-18.264706523400786,-0.9098572548576536,10.121409966852182,-2.3951751082437287,6.833872819754426,-36.09523386006373,-6.017141709304342,-0.04902556245485847,0.028393931570505616,0.030846156105697322,-0.13466433872299843,-0.15004353493736744,0.032418807816463814,0.032418807816463814
235.0,2.35,28.183911477208724,-18.34677506090285,-0.9150598275123633,10.115047103127479,-2.362277240236305,6.386283851778004,-52.35987599999999,-6.045708694675921,-0.04915063905512541,0.02867471252070687,0.030239063925679214,-0.14055018721004592,-0.15657455202698806,0.032184585365088336,0.032184585365088336
236.0,2.36,28.242568068251096,-18.429153644892903,-0.9202334323435205,10.110576098137946,-2.2591730899410503,6.036103191840113,-31.229759030367063,-6.023297085570337,-0.04931417412615199,0.02791963897391329,0.0285270393335914,-0.1280376940898208,-0.14324803489398227,0.030877326562956622,0.030877326562956622
237.0,2.37,28.300713199434806,-18.511854581937165,-0.925382263516781,10.10836488684794,-2.321249621291664,5.738178865322422,-52.35987599999999,-5.951194778098707,-0.04950002524193492,0.02911999133800716,0.02872171610493684,-0.12840830306711135,-0.14369372169375058,0.03149716959879295,0.03149716959879295
238.0,2.38,28.358361946980438,-18.594887611715198,-0.9305103163292024,10.107875048793138,-2.174236529250653,5.225164723022722,-43.60163609496795,-5.882680750872032,-0.0497003318043175,0.02795785774035959,0.026612658119957416,-0.1276150225559241,-0.1428846072952542,0.0297814671558303,0.0297814671558303
239.0,2.39,28.415526691308642,-18.67825896253114,-0.9356200442044008,10.10898716538395,-2.2129894963698695,4.713126987094986,-52.35987599999999,-5.7898013109175315,-0.04989309516036276,0.02871771281630721,0.026535231400355536,-0.12243646031404512,-0.13731875991422487,0.030055975471206357,0.030055975471206357
240.0,2.4,28.472222796695764,-18.761973690135545,-0.9407135933998235,10.111579120362817,-2.110608228226219,4.198299226979359,-52.35987599984115,-5.695569526934179,-0.05006443249474978,0.027952828211310347,0.025036945895191863,-0.12255889806288738,-0.13739962265017588,0.028855052416560036,0.028855052416560036
241.0,2.41,28.52846310489717,-18.846033689262146,-0.9457912731547764,10.115303159128997,-2.0270089320140214,3.6822554990104215,-52.35987599999999,-5.572626309673227,-0.05019306876090072,0.02715426047072439,0.02363051988034443,-0.11387403291282798,-0.1279915891459671,0.02769209332393867,0.02769209332393867
242.0,2.42,28.584263342824574,-18.93043963773661,-0.950852147494198,10.120245614029015,-2.1377626708941784,3.164668235536532,-52.35987599984159,-5.460847804023719,-0.05026087580696985,0.02869569443872259,0.024661910616148135,-0.11796780246907457,-0.1322299374952984,0.028934521014640398,0.028934521014640398
243.0,2.43,28.639635492597307,-19.01519019734399,-0.9558964203650959,10.125751718733559,-2.217300512571844,2.6903505617659937,-39.887560424518526,-5.419504391478133,-0.05026517899924168,0.030102201478112756,0.02559445537689401,-0.12973687009214252,-0.1447898747379485,0.030059139127612676,0.030059139127612676
244.0,2.44,28.694582942595375,-19.10028547419577,-0.9609283505845129,10.131740173976446,-2.3548309854464837,2.4543904967211856,-0.31824756963064926,-5.442962596556797,-0.05020991154202957,0.032175278673936734,0.02720597029175228,-0.1366874916422491,-0.15230311887502335,0.03185140048277482,0.03185140048277482
245.0,2.45,28.749104957865864,-19.185727951939768,-0.9659549070286945,10.138212045476386,-2.36721859008542,2.674340524797531,38.32470960954124,-5.468491427683868,-0.050104239833947184,0.03278948192225632,0.027388458848719953,-0.13844274714700694,-0.15429148282919636,0.03219020172677551,0.03219020172677551
246.0,2.46,28.803200669899354,-19.2715219338842,-0.9709835835791071,10.145369499317026,-2.4006509441184143,3.167361766742981,52.35987599999999,-5.489919439077386,-0.04995645985242072,0.033475068245151514,0.02766775972549372,-0.13902084955192034,-0.15500359368720956,0.032616431373820295,0.032616431373820295
247.0,2.47,28.85687044803247,-19.357672042137935,-0.9760211316794689,10.153277595685298,-2.2621062564896635,3.6684702300667746,37.54001739567093,-5.487381060525559,-0.049776374365143504,0.03205526864471194,0.025876973878489987,-0.13159134912651158,-0.14703810038839654,0.030965452008869097,0.030965452008869097
248.0,2.48,28.910117881663638,-19.444182681110885,-0.981070815616667,10.16213726754414,-2.191888103191763,3.8024608764856995,5.992478837592013,-5.424969883033096,-0.049559698796815904,0.03120173640328273,0.024698538543033118,-0.12275388281147256,-0.13746569719732013,0.029917141714407233,0.029917141714407233
249.0,2.49,28.962951848387473,-19.531056595628506,-0.9861329500710838,10.171925602334973,-2.141122760181337,3.968517315015248,22.018083952977307,-5.367779434836093,-0.0493101402517725,0.030656400221483405,0.023853398847198677,-0.12366214095619395,-0.13828470890246045,0.02919999036775498,0.02919999036775498
250.0,2.5,29.01537931799612,-19.618294299278787,-0.9912060605770243,10.182295126978754,-2.034832556848438,3.999467327489455,0.4502951247431993,-5.2898985646030035,-0.04902841862871888,0.029441871063690856,0.022362233560713422,-0.11606289095471449,-0.1299600857607231,0.02782940918155709,0.02782940918155709
251.0,2.5100000000000002,29.06740919470622,-19.705895663557726,-0.9962866641779723,10.193492674673083,-2.1236763048218803,4.097932956211156,7.598357307746845,-5.20096442154851,-0.048709847761628663,0.03051828226846139,0.02319705511417718,-0.11655908399218057,-0.13026617264665644,0.0287726792871841,0.0287726792871841
252.0,2.52,29.11905030679643,-19.793859457295746,-1.0013721524111618,10.205021229350276,-2.2508778679417674,4.1082775572634045,5.094982630905804,-5.179243718553808,-0.04836613719453385,0.03231797656951873,0.024774256652438202,-0.12964704975515498,-0.14417343660566156,0.03045112529350084,0.03045112529350084
253.0,2.5300000000000002,29.170302356014794,-19.882184228874472,-1.0064640579507877,10.216642711461187,-2.3097939792322233,4.262085730261676,21.843436711733755,-5.219243720700821,-0.04801647761703197,0.0333369689823961,0.02557384825450773,-0.13653074704389817,-0.15156175924809734,0.03134561041456576,0.03134561041456576
254.0,2.54,29.22116065812983,-19.970871627272466,-1.0115666435988913,10.228488702687981,-2.381896585528761,4.610339252737525,38.21754614242478,-5.257097565332458,-0.04767244128596738,0.034424164647014234,0.026450868240314868,-0.13788221077207724,-0.15304777147260323,0.032308657444702495,0.032308657444702495
255.0,2.5500000000000003,29.271621853350585,-20.059924575333778,-1.016684445041367,10.240821662164766,-2.2351126971887623,5.0733973590181,41.817539032387856,-5.276730014548863,-0.04734732094067286,0.032838507704819775,0.024672908831809184,-0.13118367348426074,-0.14581765750096734,0.030609402495945653,0.030609402495945653
256.0,2.56,29.32168598671228,-20.149346471894795,-1.0218183889049566,10.253789387153816,-2.1126847776817397,5.409088458571506,34.16761160580272,-5.217440746334297,-0.04703532111599298,0.031231035215329696,0.02290390701025851,-0.11887304779537888,-0.13247103651228576,0.028910579145637508,0.028910579145637508
257.0,2.57,29.371360202408816,-20.239138792483576,-1.0269661304837772,10.267471173312217,-2.229690003697782,5.630659674598258,-2.3296944919882003,-5.170078337497208,-0.046738628359090754,0.032565503712044856,0.024108735621249624,-0.123756747818698,-0.13751898479580513,0.030176727599479675,0.030176727599479675
258.0,2.58,29.420648072048092,-20.329299757053718,-1.0321259169887642,10.281112328637576,-2.1126426133560203,5.493867318457629,-7.409184468844571,-5.146064418776309,-0.046466725856244936,0.031345476334083314,0.022783653260156113,-0.12565732418282216,-0.13943787469925006,0.028902685033507132,0.028902685033507132
259.0,2.59,29.469549509618133,-20.419827086681643,-1.0372959091471339,10.294997862852528,-2.21972236067524,5.514885717235959,10.170895459628914,-5.112788968209572,-0.046215724158901385,0.032544395355634456,0.023888975093908422,-0.12324744314068103,-0.13672506033069953,0.030054617461485057,0.030054617461485057
260.0,2.6,29.518067034801728,-20.51071930877122,-1.0424755953008262,10.308952520906779,-2.3254010471748376,5.536046112679826,-4.864643775564484,-5.124582362982677,-0.04599531687319169,0.0340289491352765,0.02528785131186081,-0.13488970311043672,-0.14916992082807795,0.03149432892353465,0.03149432892353465
261.0,2.61,29.566196095179354,-20.601973822688752,-1.0476668888289427,10.322671256000216,-2.2390786919044547,5.612224236448867,13.178965935892636,-5.161701703183238,-0.045815339044331056,0.03315918661490731,0.02433898553620999,-0.13287289079906034,-0.1469960980716837,0.030581101018545685,0.030581101018545685
262.0,2.62,29.613932530509135,-20.69359012669879,-1.0528704239541755,10.336651172866798,-2.1031282278942145,5.833938557129969,25.330437291614007,-5.115392610418303,-0.04566635556630786,0.031411086313116794,0.022526713069650192,-0.11919978508318878,-0.13224148075591366,0.028798956079952757,0.028798956079952757
263.0,2.63,29.661281160570763,-20.785567949729636,-1.058083487301721,10.351079919517787,-2.144246492092517,5.848209980698216,-15.414831361585534,-5.0624351001620465,-0.04554530415104506,0.031745473913976904,0.022825234658669813,-0.12085525387837255,-0.1338659476631771,0.02911747841125478,0.02911747841125478
264.0,2.64,29.708244932021536,-20.877903895038024,-1.0633029264240748,10.365317205567385,-2.109334747795965,5.707390206192116,-4.518513858760507,-5.044104389872442,-0.04545267535021342,0.031377333933790864,0.022444420516582082,-0.12483399957801407,-0.13802554110881332,0.02874593088178727,0.02874593088178727
265.0,2.65,29.754822440206205,-20.970593798868396,-1.0685265740344934,10.379450001743027,-2.1577574583934807,5.7020900954667,0.11707702407549771,-5.033232480396173,-0.04538249916163454,0.03192004470810786,0.02298796788789771,-0.1242995333129231,-0.13737833899179236,0.029291363059505648,0.029291363059505648
266.0,2.66,29.80101296802015,-21.06363463308602,-1.0737533572439366,10.39349270999021,-2.1212700370000857,5.734110902408683,7.7499554470472285,-5.028543262596923,-0.04533528832583401,0.031529721664839874,0.022611654111186524,-0.12475330210165687,-0.13779753375137435,0.02891045954709321,0.02891045954709321
267.0,2.67,29.846814467286503,-21.15702258004806,-1.07898164701909,10.40734009785294,-2.172286278312111,5.808591142749648,-0.33170706847943976,-5.019152850672246,-0.045307533178473476,0.03208975176879834,0.023195919724026424,-0.1254787323905649,-0.13853409826511323,0.029485505465367882,0.029485505465367882
268.0,2.68,29.8922248774563,-21.25075450137908,-1.0842119093969629,10.420983583094056,-2.2906719747232476,5.798810376983016,6.144015100149291,-5.062819931934928,-0.045305313524930856,0.033595290901981954,0.0247257733492411,-0.135728653051482,-0.1495330911289088,0.03100453608813862,0.03100453608813862
269.0,2.69,29.93723623856906,-21.34482648681888,-1.0894465737406756,10.434084905540717,-2.282484488678185,5.92394721535404,17.30317195925237,-5.118203035968971,-0.0453336414141449,0.03364558772444475,0.02480089223784184,-0.13473449935805362,-0.14852390419009046,0.031065350131614107,0.031065350131614107
270.0,2.7,29.98184076203414,-21.43923587440649,-1.094688654087179,10.447066246188992,-2.2552518573822664,6.162623294579446,25.533212719175324,-5.143096258815811,-0.04539078815203077,0.03328830925742686,0.02447372555156805,-0.13141951930044984,-0.14501424275181024,0.03072074990383328,0.03072074990383328
271.0,2.71,30.02603420892099,-21.533980728376655,-1.0999405911227202,10.459816919122451,-2.310438786190953,6.385295754529434,24.637939440635797,-5.17700334260552,-0.04548145170389995,0.033908593755812504,0.02513330293847637,-0.13625692384959692,-0.15027286270764423,0.03135945701600449,0.03135945701600449
272.0,2.72,30.069809811957697,-21.629057421043356,-1.1052045965012707,10.472207330616163,-2.238822728139364,6.446804764484849,0.3346532773348391,-5.210903997672256,-0.045605989009550804,0.033081930309808674,0.024356730745307857,-0.1317161279689022,-0.14545408835400633,0.030557609950722632,0.030557609950722632
273.0,2.73,30.11316244253548,-21.724462589719934,-1.1104819858654837,10.484438921823552,-2.252438860503041,6.558734135193867,3.8265114641337967,-5.207283412756707,-0.04575690785118625,0.03311580616186134,0.024454542310574603,-0.12898278540435898,-0.14255176988817908,0.030626901288359765,0.030626901288359765
274.0,2.74,30.156090198224412,-21.82019324950301,-1.1157733550666096,10.496504959548057,-2.1669194513233516,6.547194721755058,-2.0920792802778485,-5.2132271751545805,-0.04593338666122793,0.03204135189354272,0.02345893457691245,-0.12823722131399518,-0.14175460384237773,0.029598250200754902,0.029598250200754902
275.0,2.75,30.19859023029118,-21.916244503065663,-1.1210766475562244,10.508324234578375,-2.0590702855261216,6.539850002849788,2.600057200652659,-5.174784901552793,-0.046122217686602414,0.030547997164607876,0.0220567303877901,-0.11794133401521949,-0.1306882323469355,0.0281612952345672,0.0281612952345672
276.0,2.7600000000000002,30.24066503234303,-22.01261284116977,-1.1263886178804337,10.520250864528638,-2.0635031438665634,6.5072960355073075,-21.14314557321966,-5.1302539109282375,-0.04631268921002648,0.03038900972195126,0.022002524266926157,-0.11815968102697089,-0.13084123229024464,0.028068841573811287,0.028068841573811287
277.0,2.77,30.282316160298134,-22.109291978029717,-1.1317052132104282,10.531639056679646,-2.197511304100058,6.212476123970375,-17.047233340953586,-5.131824433371136,-0.04650227783024047,0.0319684341752548,0.023692281362178304,-0.12904647287402835,-0.14252446575276645,0.029715788919469383,0.029715788919469383
278.0,2.7800000000000002,30.323538594285054,-22.206275864947873,-1.1370260156438143,10.542577105218239,-2.220149899204277,6.151511124200037,0.37487389496947104,-5.183928489971245,-0.046691546155361745,0.032369468297185434,0.02419224500335692,-0.13115129824603736,-0.14482517570640493,0.03017532023346327,0.03017532023346327
0.0,0.0,2.9855712,-10.0,0.0,13.8889,0.0,0.0,0.0,0.0,0.0,0.0,0.0,0.0,0.0,0.0,0.0
