`,Time,traj_tx,traj_ty,traj_tz,,,
0,0,402.3692313,-12.25,0,,,
1,0.01,402.5079629,-12.25,0,,,
2,0.02,402.6462836,-12.25,0,,,
3,0.03,402.7841382,-12.25,0,,,
4,0.04,402.9215269,-12.25,0,,,
5,0.05,403.0584616,-12.25,0,,,
6,0.06,403.1949605,-12.25,0,,,
7,0.07,403.3310479,-12.25,0,,,
8,0.08,403.466753,-12.25,0,,,
9,0.09,403.6021085,-12.25,0,,,
10,0.1,403.7371476,-12.25,0,,,
11,0.11,403.8719013,-12.25,0,,,
12,0.12,404.0063975,-12.25,0,,,
13,0.13,404.1406614,-12.25,0,,,
14,0.14,404.2747157,-12.25,0,,,
15,0.15,404.4085811,-12.25,0,,,
16,0.16,404.5422773,-12.25,0,,,
17,0.17,404.6758226,-12.25,0,,,
18,0.18,404.8092346,-12.25,0,,,
19,0.19,404.9425293,-12.25,0,,,
20,0.2,405.0757219,-12.25,0,,,
21,0.21,405.2088904,-12.25,0,,,
22,0.22,405.3420903,-12.25,0,,,
23,0.23,405.47531,-12.25,0,,,
24,0.24,405.6085357,-12.25,0,,,
25,0.25,405.7417502,-12.25,0,,,
26,0.26,405.8749324,-12.25,0,,,
27,0.27,406.0080592,-12.25,0,,,
28,0.28,406.1411063,-12.25,0,,,
29,0.29,406.2740505,-12.25,0,,,
30,0.3,406.4068683,-12.25,0,,,
31,0.31,406.5395363,-12.25,0,,,
32,0.32,406.672033,-12.25,0,,,
33,0.33,406.804338,-12.25,0,,,
34,0.34,406.9364323,-12.25,0,,,
35,0.35,407.068298,-12.25,0,,,
36,0.36,407.199918,-12.25,0,,,
37,0.37,407.3312758,-12.25,0,,,
38,0.38,407.4623549,-12.25,0,,,
39,0.39,407.5931398,-12.25,0,,,
40,0.4,407.7236157,-12.25,0,,,
41,0.41,407.8537696,-12.25,0,,,
42,0.42,407.9835906,-12.25,0,,,
43,0.43,408.113071,-12.25,0,,,
44,0.44,408.242205,-12.25,0,,,
45,0.45,408.3709896,-12.25,0,,,
46,0.46,408.4994239,-12.25,0,,,
47,0.47,408.6275089,-12.25,0,,,
48,0.48,408.7552473,-12.25,0,,,
49,0.49,408.8826426,-12.25,0,,,
50,0.5,409.009699,-12.25,0,,,
51,0.51,409.1364215,-12.25,0,,,
52,0.52,409.2628152,-12.25,0,,,
53,0.53,409.3888851,-12.25,0,,,
54,0.54,409.5146366,-12.25,0,,,
55,0.55,409.640075,-12.25,0,,,
56,0.56,409.7652056,-12.25,0,,,
57,0.57,409.8900334,-12.25,0,,,
58,0.58,410.0145635,-12.25,0,,,
59,0.59,410.1388007,-12.25,0,,,
60,0.6,410.2627499,-12.25,0,,,
61,0.61,410.3864158,-12.25,0,,,
62,0.62,410.5098034,-12.25,0,,,
63,0.63,410.6329173,-12.25,0,,,
64,0.64,410.7557621,-12.25,0,,,
65,0.65,410.8783421,-12.25,0,,,
66,0.66,411.0006615,-12.25,0,,,
67,0.67,411.1227243,-12.25,0,,,
68,0.68,411.2445337,-12.25,0,,,
69,0.69,411.3660928,-12.25,0,,,
70,0.7,411.4874037,-12.25,0,,,
71,0.71,411.6084681,-12.25,0,,,
72,0.72,411.729287,-12.25,0,,,
73,0.73,411.8498605,-12.25,0,,,
74,0.74,411.970188,-12.25,0,,,
75,0.75,412.0902682,-12.25,0,,,
76,0.76,412.2100986,-12.25,0,,,
77,0.77,412.3296756,-12.25,0,,,
78,0.78,412.4489938,-12.25,0,,,
79,0.79,412.5680454,-12.25,0,,,
80,0.8,412.6868201,-12.25,0,,,
81,0.81,412.8053127,-12.25,0,,,
82,0.82,412.9235501,-12.25,0,,,
83,0.83,413.0415708,-12.25,0,,,
84,0.84,413.1593855,-12.25,0,,,
85,0.85,413.2769934,-12.25,0,,,
86,0.86,413.3943919,-12.25,0,,,
87,0.87,413.511578,-12.25,0,,,
88,0.88,413.6285489,-12.25,0,,,
89,0.89,413.7453021,-12.25,0,,,
90,0.9,413.8618373,-12.25,0,,,
91,0.91,413.9781514,-12.25,0,,,
92,0.92,414.0942404,-12.25,0,,,
93,0.93,414.2101002,-12.25,0,,,
94,0.94,414.3257269,-12.25,0,,,
95,0.95,414.4411168,-12.25,0,,,
96,0.96,414.5562661,-12.25,0,,,
97,0.97,414.6711701,-12.25,0,,,
98,0.98,414.7858233,-12.25,0,,,
99,0.99,414.9002237,-12.25,0,,,
100,1,415.0143687,-12.25,0,,,
101,1.01,415.1282542,-12.25,0,,,
102,1.02,415.2418837,-12.25,0,,,
103,1.03,415.3552724,-12.25,0,,,
104,1.04,415.4684281,-12.25,0,,,
105,1.05,415.5813472,-12.25,0,,,
106,1.06,415.6940253,-12.25,0,,,
107,1.07,415.8064599,-12.25,0,,,
108,1.08,415.9186509,-12.25,0,,,
109,1.09,416.0305988,-12.25,0,,,
110,1.1,416.1423032,-12.25,0,,,
111,1.11,416.253754,-12.25,0,,,
112,1.12,416.3650045,-12.25,0,,,
113,1.13,416.4762245,-12.25,0,,,
114,1.14,416.5874309,-12.25,0,,,
115,1.15,416.6986162,-12.25,0,,,
116,1.16,416.8097773,-12.25,0,,,
117,1.17,416.9209163,-12.25,0,,,
118,1.18,417.0320376,-12.25,0,,,
119,1.19,417.1431452,-12.25,0,,,
120,1.2,417.2542415,-12.25,0,,,
121,1.21,417.3653266,-12.25,0,,,
122,1.22,417.4763996,-12.25,0,,,
123,1.23,417.5874588,-12.25,0,,,
124,1.24,417.6985114,-12.25,0,,,
125,1.25,417.8095856,-12.25,0,,,
126,1.26,417.9207132,-12.25,0,,,
127,1.27,418.0319252,-12.25,0,,,
128,1.28,418.1432522,-12.25,0,,,
129,1.29,418.2547246,-12.25,0,,,
130,1.3,418.3663732,-12.25,0,,,
131,1.31,418.4782289,-12.25,0,,,
132,1.32,418.5903226,-12.25,0,,,
133,1.33,418.7026849,-12.25,0,,,
134,1.34,418.8153374,-12.25,0,,,
135,1.35,418.9282808,-12.25,0,,,
136,1.36,419.0415118,-12.25,0,,,
137,1.37,419.1550272,-12.25,0,,,
138,1.38,419.2688244,-12.25,0,,,
139,1.39,419.3829001,-12.25,0,,,
140,1.4,419.4972504,-12.25,0,,,
141,1.41,419.6118722,-12.25,0,,,
142,1.42,419.7267629,-12.25,0,,,
143,1.43,419.841918,-12.25,0,,,
144,1.44,419.9573337,-12.25,0,,,
145,1.45,420.0730064,-12.25,0,,,
146,1.46,420.1889331,-12.25,0,,,
147,1.47,420.3051109,-12.25,0,,,
148,1.48,420.4215373,-12.25,0,,,
149,1.49,420.5382103,-12.25,0,,,
150,1.5,420.655128,-12.25,0,,,
151,1.51,420.7722889,-12.25,0,,,
152,1.52,420.889692,-12.25,0,,,
153,1.53,421.0073364,-12.25,0,,,
154,1.54,421.1252214,-12.25,0,,,
155,1.55,421.2433469,-12.25,0,,,
156,1.56,421.3617127,-12.25,0,,,
157,1.57,421.4803189,-12.25,0,,,
158,1.58,421.5991658,-12.25,0,,,
159,1.59,421.718254,-12.25,0,,,
160,1.6,421.837584,-12.25,0,,,
161,1.61,421.9571566,-12.25,0,,,
162,1.62,422.0769716,-12.25,0,,,
163,1.63,422.197029,-12.25,0,,,
164,1.64,422.3173266,-12.25,0,,,
165,1.65,422.4378216,-12.25,0,,,
166,1.66,422.5584321,-12.25,0,,,
167,1.67,422.679077,-12.25,0,,,
168,1.68,422.7996824,-12.25,0,,,
169,1.69,422.9202167,-12.25,0,,,
170,1.7,423.0406847,-12.25,0,,,
171,1.71,423.1610901,-12.25,0,,,
172,1.72,423.281434,-12.25,0,,,
173,1.73,423.4017176,-12.25,0,,,
174,1.74,423.5219437,-12.25,0,,,
175,1.75,423.6421164,-12.25,0,,,
176,1.76,423.7622413,-12.25,0,,,
177,1.77,423.8823253,-12.25,0,,,
178,1.78,424.0023751,-12.25,0,,,
179,1.79,424.1223971,-12.25,0,,,
180,1.8,424.2423971,-12.25,0,,,
181,1.81,424.3623802,-12.25,0,,,
182,1.82,424.4823512,-12.25,0,,,
183,1.83,424.6023145,-12.25,0,,,
184,1.84,424.7222741,-12.25,0,,,
185,1.85,424.8422334,-12.25,0,,,
186,1.86,424.9621957,-12.25,0,,,
187,1.87,425.0821636,-12.25,0,,,
188,1.88,425.2021395,-12.25,0,,,
189,1.89,425.3221307,-12.25,0,,,
190,1.9,425.4421584,-12.25,0,,,
191,1.91,425.5622458,-12.25,0,,,
192,1.92,425.682415,-12.25,0,,,
193,1.93,425.8026876,-12.25,0,,,
194,1.94,425.9230847,-12.25,0,,,
195,1.95,426.0436275,-12.25,0,,,
196,1.96,426.164337,-12.25,0,,,
197,1.97,426.285234,-12.25,0,,,
198,1.98,426.4063386,-12.25,0,,,
199,1.99,426.5276653,-12.25,0,,,
200,2,426.6492137,-12.25,0,,,
201,2.01,426.7709803,-12.25,0,,,
202,2.02,426.8929623,-12.25,0,,,
203,2.03,427.0151573,-12.25,0,,,
204,2.04,427.1375624,-12.25,0,,,
205,2.05,427.2601738,-12.25,0,,,
206,2.06,427.3829876,-12.25,0,,,
207,2.07,427.5060001,-12.25,0,,,
208,2.08,427.6292066,-12.25,0,,,
209,2.09,427.7526023,-12.25,0,,,
210,2.1,427.8761827,-12.25,0,,,
211,2.11,427.9999434,-12.25,0,,,
212,2.12,428.1238802,-12.25,0,,,
213,2.13,428.2479892,-12.25,0,,,
214,2.14,428.3722666,-12.25,0,,,
215,2.15,428.496709,-12.25,0,,,
216,2.16,428.6213132,-12.25,0,,,
217,2.17,428.7460762,-12.25,0,,,
218,2.18,428.8709957,-12.25,0,,,
219,2.19,428.9960694,-12.25,0,,,
220,2.2,429.1212954,-12.25,0,,,
221,2.21,429.2466722,-12.25,0,,,
222,2.22,429.3721986,-12.25,0,,,
223,2.23,429.4978735,-12.25,0,,,
224,2.24,429.6236963,-12.25,0,,,
225,2.25,429.7496664,-12.25,0,,,
226,2.26,429.8757834,-12.25,0,,,
227,2.27,430.0020463,-12.25,0,,,
228,2.28,430.1284533,-12.25,0,,,
229,2.29,430.2550026,-12.25,0,,,
230,2.3,430.3816702,-12.25,0,,,
231,2.31,430.508403,-12.25,0,,,
232,2.32,430.6351475,-12.25,0,,,
233,2.33,430.7618534,-12.25,0,,,
234,2.34,430.8884932,-12.25,0,,,
235,2.35,431.0150686,-12.25,0,,,
236,2.36,431.141582,-12.25,0,,,
237,2.37,431.2680342,-12.25,0,,,
238,2.38,431.3944262,-12.25,0,,,
239,2.39,431.5207598,-12.25,0,,,
240,2.4,431.6470382,-12.25,0,,,
241,2.41,431.7732656,-12.25,0,,,
242,2.42,431.8994473,-12.25,0,,,
243,2.43,432.0255885,-12.25,0,,,
244,2.44,432.1516944,-12.25,0,,,
245,2.45,432.2777698,-12.25,0,,,
246,2.46,432.403819,-12.25,0,,,
247,2.47,432.5298459,-12.25,0,,,
248,2.48,432.6558543,-12.25,0,,,
249,2.49,432.7818479,-12.25,0,,,
250,2.5,432.90783,-12.25,0,,,
251,2.51,433.0338037,-12.25,0,,,
252,2.52,433.1597715,-12.25,0,,,
253,2.53,433.2857361,-12.25,0,,,
254,2.54,433.4117018,-12.25,0,,,
255,2.55,433.5376832,-12.25,0,,,
256,2.56,433.6636974,-12.25,0,,,
257,2.57,433.789761,-12.25,0,,,
258,2.58,433.9158899,-12.25,0,,,
259,2.59,434.0420998,-12.25,0,,,
260,2.6,434.1684063,-12.25,0,,,
261,2.61,434.2948248,-12.25,0,,,
262,2.62,434.4213705,-12.25,0,,,
263,2.63,434.5480585,-12.25,0,,,
264,2.64,434.6749011,-12.25,0,,,
265,2.65,434.8018995,-12.25,0,,,
266,2.66,434.9290521,-12.25,0,,,
267,2.67,435.0563575,-12.25,0,,,
268,2.68,435.1838143,-12.25,0,,,
269,2.69,435.3114205,-12.25,0,,,
270,2.7,435.4391741,-12.25,0,,,
271,2.71,435.5670724,-12.25,0,,,
272,2.72,435.6951125,-12.25,0,,,
273,2.73,435.8232904,-12.25,0,,,
274,2.74,435.9516025,-12.25,0,,,
275,2.75,436.0800454,-12.25,0,,,
276,2.76,436.2086156,-12.25,0,,,
277,2.77,436.3373102,-12.25,0,,,
278,2.78,436.4661262,-12.25,0,,,
279,2.79,436.5950611,-12.25,0,,,
280,2.8,436.7241121,-12.25,0,,,
281,2.81,436.8532769,-12.25,0,,,
282,2.82,436.9825534,-12.25,0,,,
283,2.83,437.1119395,-12.25,0,,,
284,2.84,437.2414332,-12.25,0,,,
285,2.85,437.3710328,-12.25,0,,,
286,2.86,437.500737,-12.25,0,,,
287,2.87,437.6305443,-12.25,0,,,
288,2.88,437.7604539,-12.25,0,,,
289,2.89,437.8904647,-12.25,0,,,
290,2.9,438.0205762,-12.25,0,,,
291,2.91,438.1507877,-12.25,0,,,
292,2.92,438.2810984,-12.25,0,,,
293,2.93,438.4115065,-12.25,0,,,
294,2.94,438.5420106,-12.25,0,,,
295,2.95,438.6725958,-12.25,0,,,
296,2.96,438.8032246,-12.25,0,,,
297,2.97,438.9338589,-12.25,0,,,
298,2.98,439.0644626,-12.25,0,,,
299,2.99,439.1950136,-12.25,0,,,
300,3,439.3255126,-12.25,0,,,
301,3.01,439.4559611,-12.25,0,,,
302,3.02,439.5863593,-12.25,0,,,
303,3.03,439.716708,-12.25,0,,,
304,3.04,439.8470083,-12.25,0,,,
305,3.05,439.9772624,-12.25,0,,,
306,3.06,440.1074734,-12.25,0,,,
307,3.07,440.2376447,-12.25,0,,,
308,3.08,440.3677801,-12.25,0,,,
309,3.09,440.4978835,-12.25,0,,,
310,3.1,440.6279583,-12.25,0,,,
311,3.11,440.7580077,-12.25,0,,,
312,3.12,440.8880348,-12.25,0,,,
313,3.13,441.0180425,-12.25,0,,,
314,3.14,441.1480335,-12.25,0,,,
315,3.15,441.2780103,-12.25,0,,,
316,3.16,441.4079753,-12.25,0,,,
317,3.17,441.5379305,-12.25,0,,,
318,3.18,441.6678779,-12.25,0,,,
319,3.19,441.7978205,-12.25,0,,,
320,3.2,441.9277687,-12.25,0,,,
321,3.21,442.0577357,-12.25,0,,,
322,3.22,442.1877341,-12.25,0,,,
323,3.23,442.317776,-12.25,0,,,
324,3.24,442.4478734,-12.25,0,,,
325,3.25,442.5780383,-12.25,0,,,
326,3.26,442.7082825,-12.25,0,,,
327,3.27,442.8386178,-12.25,0,,,
328,3.28,442.9690556,-12.25,0,,,
329,3.29,443.0996058,-12.25,0,,,
330,3.3,443.2302703,-12.25,0,,,
331,3.31,443.3610479,-12.25,0,,,
332,3.32,443.4919377,-12.25,0,,,
333,3.33,443.6229388,-12.25,0,,,
334,3.34,443.7540499,-12.25,0,,,
335,3.35,443.8852696,-12.25,0,,,
336,3.36,444.016596,-12.25,0,,,
337,3.37,444.1480269,-12.25,0,,,
338,3.38,444.2795593,-12.25,0,,,
339,3.39,444.4111904,-12.25,0,,,
340,3.4,444.5429174,-12.25,0,,,
341,3.41,444.6747378,-12.25,0,,,
342,3.42,444.8066492,-12.25,0,,,
343,3.43,444.9386493,-12.25,0,,,
344,3.44,445.0707362,-12.25,0,,,
345,3.45,445.2029078,-12.25,0,,,
346,3.46,445.3351622,-12.25,0,,,
347,3.47,445.467498,-12.25,0,,,
348,3.48,445.5999135,-12.25,0,,,
349,3.49,445.7324073,-12.25,0,,,
350,3.5,445.8649784,-12.25,0,,,
351,3.51,445.9976256,-12.25,0,,,
352,3.52,446.1303481,-12.25,0,,,
353,3.53,446.2631453,-12.25,0,,,
354,3.54,446.3960165,-12.25,0,,,
355,3.55,446.5289613,-12.25,0,,,
356,3.56,446.6619794,-12.25,0,,,
357,3.57,446.7950702,-12.25,0,,,
358,3.58,446.9282326,-12.25,0,,,
359,3.59,447.0614655,-12.25,0,,,
360,3.6,447.1947612,-12.25,0,,,
361,3.61,447.3280927,-12.25,0,,,
362,3.62,447.4614306,-12.25,0,,,
363,3.63,447.5947465,-12.25,0,,,
364,3.64,447.7280199,-12.25,0,,,
365,3.65,447.8612492,-12.25,0,,,
366,3.66,447.9944358,-12.25,0,,,
367,3.67,448.12758,-12.25,0,,,
368,3.68,448.260682,-12.25,0,,,
369,3.69,448.3937428,-12.25,0,,,
370,3.7,448.5267636,-12.25,0,,,
371,3.71,448.6597467,-12.25,0,,,
372,3.72,448.7926948,-12.25,0,,,
373,3.73,448.9256108,-12.25,0,,,
374,3.74,449.0584977,-12.25,0,,,
375,3.75,449.1913582,-12.25,0,,,
376,3.76,449.3241948,-12.25,0,,,
377,3.77,449.4570098,-12.25,0,,,
378,3.78,449.5898056,-12.25,0,,,
379,3.79,449.7225843,-12.25,0,,,
380,3.8,449.8553479,-12.25,0,,,
381,3.81,449.9880981,-12.25,0,,,
382,3.82,450.1208367,-12.25,0,,,
383,3.83,450.2535652,-12.25,0,,,
384,3.84,450.3862853,-12.25,0,,,
385,3.85,450.5190046,-12.25,0,,,
386,3.86,450.6517338,-12.25,0,,,
387,3.87,450.7844837,-12.25,0,,,
388,3.88,450.9172642,-12.25,0,,,
389,3.89,451.0500855,-12.25,0,,,
390,3.9,451.1829576,-12.25,0,,,
391,3.91,451.3158902,-12.25,0,,,
392,3.92,451.4488934,-12.25,0,,,
393,3.93,451.5819766,-12.25,0,,,
394,3.94,451.715149,-12.25,0,,,
395,3.95,451.8484134,-12.25,0,,,
396,3.96,451.9817689,-12.25,0,,,
397,3.97,452.1152148,-12.25,0,,,
398,3.98,452.2487504,-12.25,0,,,
399,3.99,452.3823749,-12.25,0,,,
400,4,452.5160871,-12.25,0,,,
401,4.01,452.6498858,-12.25,0,,,
402,4.02,452.7837689,-12.25,0,,,
403,4.03,452.9177343,-12.25,0,,,
404,4.04,453.0517796,-12.25,0,,,
405,4.05,453.1859025,-12.25,0,,,
406,4.06,453.3201009,-12.25,0,,,
407,4.07,453.4543728,-12.25,0,,,
408,4.08,453.5887165,-12.25,0,,,
409,4.09,453.7231301,-12.25,0,,,
410,4.1,453.857612,-12.25,0,,,
411,4.11,453.9921606,-12.25,0,,,
412,4.12,454.1267747,-12.25,0,,,
413,4.13,454.2614528,-12.25,0,,,
414,4.14,454.3961939,-12.25,0,,,
415,4.15,454.5309969,-12.25,0,,,
416,4.16,454.6658612,-12.25,0,,,
417,4.17,454.8007858,-12.25,0,,,
418,4.18,454.9357703,-12.25,0,,,
419,4.19,455.0708142,-12.25,0,,,
420,4.2,455.2059171,-12.25,0,,,
421,4.21,455.3410787,-12.25,0,,,
422,4.22,455.476299,-12.25,0,,,
423,4.23,455.6115778,-12.25,0,,,
424,4.24,455.7469151,-12.25,0,,,
425,4.25,455.882311,-12.25,0,,,
426,4.26,456.0177657,-12.25,0,,,
427,4.27,456.1532794,-12.25,0,,,
428,4.28,456.2888524,-12.25,0,,,
429,4.29,456.4244849,-12.25,0,,,
430,4.3,456.5601773,-12.25,0,,,
431,4.31,456.6959299,-12.25,0,,,
432,4.32,456.8317433,-12.25,0,,,
433,4.33,456.9676178,-12.25,0,,,
434,4.34,457.1035539,-12.25,0,,,
435,4.35,457.2395521,-12.25,0,,,
436,4.36,457.3756129,-12.25,0,,,
437,4.37,457.5117368,-12.25,0,,,
438,4.38,457.6479245,-12.25,0,,,
439,4.39,457.7841766,-12.25,0,,,
440,4.4,457.9204935,-12.25,0,,,
441,4.41,458.0568758,-12.25,0,,,
442,4.42,458.1933242,-12.25,0,,,
443,4.43,458.329839,-12.25,0,,,
444,4.44,458.466421,-12.25,0,,,
445,4.45,458.6030707,-12.25,0,,,
446,4.46,458.7397884,-12.25,0,,,
447,4.47,458.8765747,-12.25,0,,,
448,4.48,459.01343,-12.25,0,,,
449,4.49,459.1503547,-12.25,0,,,
450,4.5,459.2873492,-12.25,0,,,
451,4.51,459.4244137,-12.25,0,,,
452,4.52,459.5615486,-12.25,0,,,
453,4.53,459.6987542,-12.25,0,,,
454,4.54,459.8360306,-12.25,0,,,
455,4.55,459.9733781,-12.25,0,,,
456,4.56,460.1107969,-12.25,0,,,
457,4.57,460.248287,-12.25,0,,,
458,4.58,460.3858488,-12.25,0,,,
459,4.59,460.5234821,-12.25,0,,,
460,4.6,460.6611872,-12.25,0,,,
461,4.61,460.798964,-12.25,0,,,
462,4.62,460.9368126,-12.25,0,,,
463,4.63,461.0747329,-12.25,0,,,
464,4.64,461.2127251,-12.25,0,,,
465,4.65,461.3507889,-12.25,0,,,
466,4.66,461.4889245,-12.25,0,,,
467,4.67,461.6271316,-12.25,0,,,
468,4.68,461.7654103,-12.25,0,,,
469,4.69,461.9037604,-12.25,0,,,
470,4.7,462.0421818,-12.25,0,,,
471,4.71,462.1806743,-12.25,0,,,
472,4.72,462.319238,-12.25,0,,,
473,4.73,462.4578726,-12.25,0,,,
474,4.74,462.5965779,-12.25,0,,,
475,4.75,462.7353539,-12.25,0,,,
476,4.76,462.8742003,-12.25,0,,,
477,4.77,463.0131172,-12.25,0,,,
478,4.78,463.1521042,-12.25,0,,,
479,4.79,463.2911614,-12.25,0,,,
480,4.8,463.4302885,-12.25,0,,,
481,4.81,463.5694855,-12.25,0,,,
482,4.82,463.7087521,-12.25,0,,,
483,4.83,463.8480882,-12.25,0,,,
484,4.84,463.9874938,-12.25,0,,,
485,4.85,464.1269686,-12.25,0,,,
486,4.86,464.2665126,-12.25,0,,,
487,4.87,464.4061256,-12.25,0,,,
488,4.88,464.5458076,-12.25,0,,,
489,4.89,464.6855583,-12.25,0,,,
490,4.9,464.8253776,-12.25,0,,,
491,4.91,464.9652654,-12.25,0,,,
492,4.92,465.1052216,-12.25,0,,,
493,4.93,465.2452461,-12.25,0,,,
494,4.94,465.3853387,-12.25,0,,,
495,4.95,465.5254994,-12.25,0,,,
496,4.96,465.6657281,-12.25,0,,,
497,4.97,465.8060247,-12.25,0,,,
498,4.98,465.946389,-12.25,0,,,
499,4.99,466.0868211,-12.25,0,,,
500,5,466.2273208,-12.25,0,,,
501,5.01,466.3678882,-12.25,0,,,
502,5.02,466.508523,-12.25,0,,,
503,5.03,466.6492254,-12.25,0,,,
504,5.04,466.7899952,-12.25,0,,,
505,5.05,466.9308325,-12.25,0,,,
506,5.06,467.0717372,-12.25,0,,,
507,5.07,467.2127093,-12.25,0,,,
508,5.08,467.3537488,-12.25,0,,,
509,5.09,467.4948557,-12.25,0,,,
510,5.1,467.63603,-12.25,0,,,
511,5.11,467.7772717,-12.25,0,,,
512,5.12,467.9185809,-12.25,0,,,
513,5.13,468.0599575,-12.25,0,,,
514,5.14,468.2014017,-12.25,0,,,
515,5.15,468.3429135,-12.25,0,,,
516,5.16,468.4844929,-12.25,0,,,
517,5.17,468.62614,-12.25,0,,,
518,5.18,468.7678548,-12.25,0,,,
519,5.19,468.9096375,-12.25,0,,,
520,5.2,469.0514881,-12.25,0,,,
521,5.21,469.1934066,-12.25,0,,,
522,5.22,469.3353932,-12.25,0,,,
523,5.23,469.4774478,-12.25,0,,,
524,5.24,469.6195707,-12.25,0,,,
525,5.25,469.7617618,-12.25,0,,,
526,5.26,469.9040213,-12.25,0,,,
527,5.27,470.0463491,-12.25,0,,,
528,5.28,470.1887453,-12.25,0,,,
529,5.29,470.33121,-12.25,0,,,
530,5.3,470.4737432,-12.25,0,,,
531,5.31,470.616345,-12.25,0,,,
532,5.32,470.7590155,-12.25,0,,,
533,5.33,470.9017546,-12.25,0,,,
534,5.34,471.0445623,-12.25,0,,,
535,5.35,471.1874388,-12.25,0,,,
536,5.36,471.330384,-12.25,0,,,
537,5.37,471.473398,-12.25,0,,,
538,5.38,471.6164807,-12.25,0,,,
539,5.39,471.7596323,-12.25,0,,,
540,5.4,471.9028526,-12.25,0,,,
541,5.41,472.0461417,-12.25,0,,,
542,5.42,472.1894996,-12.25,0,,,
543,5.43,472.3329263,-12.25,0,,,
544,5.44,472.4764218,-12.25,0,,,
545,5.45,472.619986,-12.25,0,,,
546,5.46,472.763619,-12.25,0,,,
547,5.47,472.9073207,-12.25,0,,,
548,5.48,473.0510911,-12.25,0,,,
549,5.49,473.1949303,-12.25,0,,,
550,5.5,473.3388381,-12.25,0,,,
551,5.51,473.4828145,-12.25,0,,,
552,5.52,473.6268596,-12.25,0,,,
553,5.53,473.7709732,-12.25,0,,,
554,5.54,473.9151554,-12.25,0,,,
555,5.55,474.0594062,-12.25,0,,,
556,5.56,474.2037254,-12.25,0,,,
557,5.57,474.3481132,-12.25,0,,,
558,5.58,474.4925694,-12.25,0,,,
559,5.59,474.637094,-12.25,0,,,
560,5.6,474.7816871,-12.25,0,,,
561,5.61,474.9263485,-12.25,0,,,
562,5.62,475.0710782,-12.25,0,,,
563,5.63,475.2158763,-12.25,0,,,
564,5.64,475.3607426,-12.25,0,,,
565,5.65,475.5056772,-12.25,0,,,
566,5.66,475.65068,-12.25,0,,,
567,5.67,475.795751,-12.25,0,,,
568,5.68,475.9408902,-12.25,0,,,
569,5.69,476.0860975,-12.25,0,,,
570,5.7,476.2313729,-12.25,0,,,
571,5.71,476.3767164,-12.25,0,,,
572,5.72,476.522128,-12.25,0,,,
573,5.73,476.6676076,-12.25,0,,,
574,5.74,476.8131552,-12.25,0,,,
575,5.75,476.9587708,-12.25,0,,,
576,5.76,477.1044544,-12.25,0,,,
577,5.77,477.2502059,-12.25,0,,,
578,5.78,477.3960254,-12.25,0,,,
579,5.79,477.5419127,-12.25,0,,,
580,5.8,477.687868,-12.25,0,,,
581,5.81,477.8338911,-12.25,0,,,
582,5.82,477.9799822,-12.25,0,,,
583,5.83,478.1261411,-12.25,0,,,
584,5.84,478.2723679,-12.25,0,,,
585,5.85,478.4186625,-12.25,0,,,
586,5.86,478.5650249,-12.25,0,,,
587,5.87,478.7114553,-12.25,0,,,
588,5.88,478.8579534,-12.25,0,,,
589,5.89,479.0045194,-12.25,0,,,
590,5.9,479.1511532,-12.25,0,,,
591,5.91,479.2978549,-12.25,0,,,
592,5.92,479.4446245,-12.25,0,,,
593,5.93,479.5914618,-12.25,0,,,
594,5.94,479.7383671,-12.25,0,,,
595,5.95,479.8853402,-12.25,0,,,
596,5.96,480.0323812,-12.25,0,,,
597,5.97,480.1794901,-12.25,0,,,
598,5.98,480.3266668,-12.25,0,,,
599,5.99,480.4739115,-12.25,0,,,
600,6,480.621224,-12.25,0,,,
601,6.01,480.7686045,-12.25,0,,,
602,6.02,480.9160529,-12.25,0,,,
603,6.03,481.0635692,-12.25,0,,,
604,6.04,481.2111535,-12.25,0,,,
605,6.05,481.3588057,-12.25,0,,,
606,6.06,481.5065259,-12.25,0,,,
607,6.07,481.654314,-12.25,0,,,
608,6.08,481.8021701,-12.25,0,,,
609,6.09,481.9500941,-12.25,0,,,
610,6.1,482.0980861,-12.25,0,,,
611,6.11,482.246146,-12.25,0,,,
612,6.12,482.3942739,-12.25,0,,,
613,6.13,482.5424698,-12.25,0,,,
614,6.14,482.6907336,-12.25,0,,,
615,6.15,482.8390654,-12.25,0,,,
616,6.16,482.9874652,-12.25,0,,,
617,6.17,483.1359328,-12.25,0,,,
618,6.18,483.2844685,-12.25,0,,,
619,6.19,483.4330721,-12.25,0,,,
620,6.2,483.5817436,-12.25,0,,,
621,6.21,483.730483,-12.25,0,,,
622,6.22,483.8792904,-12.25,0,,,
623,6.23,484.0281657,-12.25,0,,,
624,6.24,484.1771089,-12.25,0,,,
625,6.25,484.32612,-12.25,0,,,
626,6.26,484.4751989,-12.25,0,,,
627,6.27,484.6243458,-12.25,0,,,
628,6.28,484.7735605,-12.25,0,,,
629,6.29,484.9228431,-12.25,0,,,
630,6.3,485.0721936,-12.25,0,,,
631,6.31,485.2216118,-12.25,0,,,
632,6.32,485.371098,-12.25,0,,,
633,6.33,485.5206519,-12.25,0,,,
634,6.34,485.6702736,-12.25,0,,,
635,6.35,485.8199632,-12.25,0,,,
636,6.36,485.9697205,-12.25,0,,,
637,6.37,486.1195456,-12.25,0,,,
638,6.38,486.2694385,-12.25,0,,,
639,6.39,486.4193992,-12.25,0,,,
640,6.4,486.5694275,-12.25,0,,,
641,6.41,486.7195237,-12.25,0,,,
642,6.42,486.8696875,-12.25,0,,,
643,6.43,487.0199191,-12.25,0,,,
644,6.44,487.1702184,-12.25,0,,,
645,6.45,487.3205854,-12.25,0,,,
646,6.46,487.47102,-12.25,0,,,
647,6.47,487.6215224,-12.25,0,,,
648,6.48,487.7720924,-12.25,0,,,
649,6.49,487.92273,-12.25,0,,,
650,6.5,488.0734354,-12.25,0,,,
651,6.51,488.2242083,-12.25,0,,,
652,6.52,488.3750489,-12.25,0,,,
653,6.53,488.5259571,-12.25,0,,,
654,6.54,488.6769329,-12.25,0,,,
655,6.55,488.8279763,-12.25,0,,,
656,6.56,488.9790873,-12.25,0,,,
657,6.57,489.1302659,-12.25,0,,,
658,6.58,489.281512,-12.25,0,,,
659,6.59,489.4328258,-12.25,0,,,
660,6.6,489.5842071,-12.25,0,,,
661,6.61,489.7356559,-12.25,0,,,
662,6.62,489.8871723,-12.25,0,,,
663,6.63,490.0387563,-12.25,0,,,
664,6.64,490.1904078,-12.25,0,,,
665,6.65,490.3421268,-12.25,0,,,
666,6.66,490.4939134,-12.25,0,,,
667,6.67,490.6457675,-12.25,0,,,
668,6.68,490.7976891,-12.25,0,,,
669,6.69,490.9496782,-12.25,0,,,
670,6.7,491.1017348,-12.25,0,,,
671,6.71,491.253859,-12.25,0,,,
672,6.72,491.4060506,-12.25,0,,,
673,6.73,491.5583098,-12.25,0,,,
674,6.74,491.7106364,-12.25,0,,,
675,6.75,491.8630305,-12.25,0,,,
676,6.76,492.0154921,-12.25,0,,,
677,6.77,492.1680212,-12.25,0,,,
678,6.78,492.3206178,-12.25,0,,,
679,6.79,492.4732819,-12.25,0,,,
680,6.8,492.6260134,-12.25,0,,,
681,6.81,492.7788124,-12.25,0,,,
682,6.82,492.9316789,-12.25,0,,,
683,6.83,493.0846128,-12.25,0,,,
684,6.84,493.2376142,-12.25,0,,,
685,6.85,493.390683,-12.25,0,,,
686,6.86,493.5438193,-12.25,0,,,
687,6.87,493.6970231,-12.25,0,,,
688,6.88,493.8502942,-12.25,0,,,
689,6.89,494.0036328,-12.25,0,,,
690,6.9,494.1570389,-12.25,0,,,
691,6.91,494.3105123,-12.25,0,,,
692,6.92,494.4640532,-12.25,0,,,
693,6.93,494.6176615,-12.25,0,,,
694,6.94,494.7713372,-12.25,0,,,
695,6.95,494.9250803,-12.25,0,,,
696,6.96,495.0788908,-12.25,0,,,
697,6.97,495.2327686,-12.25,0,,,
698,6.98,495.3867139,-12.25,0,,,
699,6.99,495.5407265,-12.25,0,,,
700,7,495.6948065,-12.25,0,,,
701,7.01,495.8489539,-12.25,0,,,
702,7.02,496.0031686,-12.25,0,,,
703,7.03,496.1574507,-12.25,0,,,
704,7.04,496.3118001,-12.25,0,,,
705,7.05,496.4662168,-12.25,0,,,
706,7.06,496.6207009,-12.25,0,,,
707,7.07,496.7752523,-12.25,0,,,
708,7.08,496.929871,-12.25,0,,,
709,7.09,497.084557,-12.25,0,,,
710,7.1,497.2393103,-12.25,0,,,
711,7.11,497.3941309,-12.25,0,,,
712,7.12,497.5490188,-12.25,0,,,
713,7.13,497.703974,-12.25,0,,,
714,7.14,497.8589964,-12.25,0,,,
715,7.15,498.0140862,-12.25,0,,,
716,7.16,498.1692431,-12.25,0,,,
717,7.17,498.3244673,-12.25,0,,,
718,7.18,498.4797588,-12.25,0,,,
719,7.19,498.6351175,-12.25,0,,,
720,7.2,498.7905434,-12.25,0,,,
721,7.21,498.9460366,-12.25,0,,,
722,7.22,499.1015969,-12.25,0,,,
723,7.23,499.2572245,-12.25,0,,,
724,7.24,499.4129193,-12.25,0,,,
725,7.25,499.5686812,-12.25,0,,,
726,7.26,499.7245104,-12.25,0,,,
727,7.27,499.8804067,-12.25,0,,,
728,7.28,500.0363702,-12.25,0,,,
729,7.29,500.1924009,-12.25,0,,,
730,7.3,500.3484987,-12.25,0,,,
731,7.31,500.5046636,-12.25,0,,,
732,7.32,500.6608958,-12.25,0,,,
733,7.33,500.817195,-12.25,0,,,
734,7.34,500.9735614,-12.25,0,,,
735,7.35,501.1299949,-12.25,0,,,
736,7.36,501.2864955,-12.25,0,,,
737,7.37,501.4430633,-12.25,0,,,
738,7.38,501.5996981,-12.25,0,,,
739,7.39,501.7564001,-12.25,0,,,
740,7.4,501.9131691,-12.25,0,,,
741,7.41,502.0700052,-12.25,0,,,
742,7.42,502.2269084,-12.25,0,,,
743,7.43,502.3838787,-12.25,0,,,
744,7.44,502.540916,-12.25,0,,,
745,7.45,502.6980204,-12.25,0,,,
746,7.46,502.8551919,-12.25,0,,,
747,7.47,503.0124304,-12.25,0,,,
748,7.48,503.1697359,-12.25,0,,,
749,7.49,503.3271085,-12.25,0,,,
750,7.5,503.4845481,-12.25,0,,,
751,7.51,503.6420548,-12.25,0,,,
752,7.52,503.7996285,-12.25,0,,,
753,7.53,503.9572691,-12.25,0,,,
754,7.54,504.1149768,-12.25,0,,,
755,7.55,504.2727515,-12.25,0,,,
756,7.56,504.4305932,-12.25,0,,,
757,7.57,504.5885018,-12.25,0,,,
758,7.58,504.7464775,-12.25,0,,,
759,7.59,504.9045201,-12.25,0,,,
760,7.6,505.0626297,-12.25,0,,,
761,7.61,505.2208063,-12.25,0,,,
762,7.62,505.3790498,-12.25,0,,,
763,7.63,505.5373603,-12.25,0,,,
764,7.64,505.6957377,-12.25,0,,,
765,7.65,505.8541821,-12.25,0,,,
766,7.66,506.0126934,-12.25,0,,,
767,7.67,506.1712716,-12.25,0,,,
768,7.68,506.3299168,-12.25,0,,,
769,7.69,506.4886289,-12.25,0,,,
770,7.7,506.6474079,-12.25,0,,,
771,7.71,506.8062538,-12.25,0,,,
772,7.72,506.9651665,-12.25,0,,,
773,7.73,507.1241462,-12.25,0,,,
774,7.74,507.2831928,-12.25,0,,,
775,7.75,507.4423062,-12.25,0,,,
776,7.76,507.6014866,-12.25,0,,,
777,7.77,507.7607337,-12.25,0,,,
778,7.78,507.9200478,-12.25,0,,,
779,7.79,508.0794287,-12.25,0,,,
780,7.8,508.2388764,-12.25,0,,,
781,7.81,508.398391,-12.25,0,,,
782,7.82,508.5579724,-12.25,0,,,
783,7.83,508.7176206,-12.25,0,,,
784,7.84,508.8773357,-12.25,0,,,
785,7.85,509.0371176,-12.25,0,,,
786,7.86,509.1969663,-12.25,0,,,
787,7.87,509.3568817,-12.25,0,,,
788,7.88,509.516864,-12.25,0,,,
789,7.89,509.6769131,-12.25,0,,,
790,7.9,509.8370289,-12.25,0,,,
791,7.91,509.9972115,-12.25,0,,,
792,7.92,510.1574609,-12.25,0,,,
793,7.93,510.3177771,-12.25,0,,,
794,7.94,510.47816,-12.25,0,,,
795,7.95,510.6386096,-12.25,0,,,
796,7.96,510.799126,-12.25,0,,,
797,7.97,510.9597091,-12.25,0,,,
798,7.98,511.1203589,-12.25,0,,,
799,7.99,511.2810755,-12.25,0,,,
800,8,511.4418588,-12.25,0,,,
801,8.01,511.6027088,-12.25,0,,,
802,8.02,511.7636255,-12.25,0,,,
803,8.03,511.9246088,-12.25,0,,,
804,8.04,512.0856589,-12.25,0,,,
805,8.05,512.2467756,-12.25,0,,,
806,8.06,512.407959,-12.25,0,,,
807,8.07,512.5692091,-12.25,0,,,
808,8.08,512.7305259,-12.25,0,,,
809,8.09,512.8919093,-12.25,0,,,
810,8.1,513.0533593,-12.25,0,,,
811,8.11,513.214876,-12.25,0,,,
812,8.12,513.3764593,-12.25,0,,,
813,8.13,513.5381092,-12.25,0,,,
814,8.14,513.6998258,-12.25,0,,,
815,8.15,513.861609,-12.25,0,,,
816,8.16,514.0234588,-12.25,0,,,
817,8.17,514.1853752,-12.25,0,,,
818,8.18,514.3473581,-12.25,0,,,
819,8.19,514.5094077,-12.25,0,,,
820,8.2,514.6715239,-12.25,0,,,
821,8.21,514.8337066,-12.25,0,,,
822,8.22,514.9959559,-12.25,0,,,
823,8.23,515.1582717,-12.25,0,,,
824,8.24,515.3206541,-12.25,0,,,
825,8.25,515.4831031,-12.25,0,,,
826,8.26,515.6456186,-12.25,0,,,
827,8.27,515.8082006,-12.25,0,,,
828,8.28,515.9708492,-12.25,0,,,
829,8.29,516.1335643,-12.25,0,,,
830,8.3,516.2963459,-12.25,0,,,
831,8.31,516.459194,-12.25,0,,,
832,8.32,516.6221086,-12.25,0,,,
833,8.33,516.7850898,-12.25,0,,,
834,8.34,516.9481374,-12.25,0,,,
835,8.35,517.1112515,-12.25,0,,,
836,8.36,517.274432,-12.25,0,,,
837,8.37,517.4376791,-12.25,0,,,
838,8.38,517.6009926,-12.25,0,,,
839,8.39,517.7643726,-12.25,0,,,
840,8.4,517.927819,-12.25,0,,,
841,8.41,518.0913318,-12.25,0,,,
842,8.42,518.2549111,-12.25,0,,,
843,8.43,518.4185569,-12.25,0,,,
844,8.44,518.582269,-12.25,0,,,
845,8.45,518.7460476,-12.25,0,,,
846,8.46,518.9098926,-12.25,0,,,
847,8.47,519.073804,-12.25,0,,,
848,8.48,519.2377818,-12.25,0,,,
849,8.49,519.401826,-12.25,0,,,
850,8.5,519.5659366,-12.25,0,,,
851,8.51,519.7301136,-12.25,0,,,
852,8.52,519.8943569,-12.25,0,,,
853,8.53,520.0586666,-12.25,0,,,
854,8.54,520.2230427,-12.25,0,,,
855,8.55,520.3874851,-12.25,0,,,
856,8.56,520.5519938,-12.25,0,,,
857,8.57,520.7165689,-12.25,0,,,
858,8.58,520.8812104,-12.25,0,,,
859,8.59,521.0459182,-12.25,0,,,
860,8.6,521.2106922,-12.25,0,,,
861,8.61,521.3755326,-12.25,0,,,
862,8.62,521.5404393,-12.25,0,,,
863,8.63,521.7054124,-12.25,0,,,
864,8.64,521.8704517,-12.25,0,,,
865,8.65,522.0355572,-12.25,0,,,
866,8.66,522.2007291,-12.25,0,,,
867,8.67,522.3659673,-12.25,0,,,
868,8.68,522.5312717,-12.25,0,,,
869,8.69,522.6966423,-12.25,0,,,
870,8.7,522.8620793,-12.25,0,,,
871,8.71,523.0275824,-12.25,0,,,
872,8.72,523.1931518,-12.25,0,,,
873,8.73,523.3587875,-12.25,0,,,
874,8.74,523.5244894,-12.25,0,,,
875,8.75,523.6902574,-12.25,0,,,
876,8.76,523.8560917,-12.25,0,,,
877,8.77,524.0219923,-12.25,0,,,
878,8.78,524.187959,-12.25,0,,,
879,8.79,524.3539919,-12.25,0,,,
880,8.8,524.520091,-12.25,0,,,
881,8.81,524.6862562,-12.25,0,,,
882,8.82,524.8524877,-12.25,0,,,
883,8.83,525.0187853,-12.25,0,,,
884,8.84,525.1851491,-12.25,0,,,
885,8.85,525.351579,-12.25,0,,,
886,8.86,525.5180751,-12.25,0,,,
887,8.87,525.6846373,-12.25,0,,,
888,8.88,525.8512656,-12.25,0,,,
889,8.89,526.0179601,-12.25,0,,,
890,8.9,526.1847201,-12.25,0,,,
891,8.91,526.3515412,-12.25,0,,,
892,8.92,526.5184228,-12.25,0,,,
893,8.93,526.6853653,-12.25,0,,,
894,8.94,526.8523691,-12.25,0,,,
895,8.95,527.0194345,-12.25,0,,,
896,8.96,527.186562,-12.25,0,,,
897,8.97,527.3537524,-12.25,0,,,
898,8.98,527.5210062,-12.25,0,,,
899,8.99,527.6883239,-12.25,0,,,
900,9,527.8557062,-12.25,0,,,
901,9.01,528.0231536,-12.25,0,,,
902,9.02,528.1906664,-12.25,0,,,
903,9.03,528.3582453,-12.25,0,,,
904,9.04,528.5258905,-12.25,0,,,
905,9.05,528.6936024,-12.25,0,,,
906,9.06,528.8613813,-12.25,0,,,
907,9.07,529.0292276,-12.25,0,,,
908,9.08,529.1971414,-12.25,0,,,
909,9.09,529.365123,-12.25,0,,,
910,9.1,529.5331726,-12.25,0,,,
911,9.11,529.7012902,-12.25,0,,,
912,9.12,529.869476,-12.25,0,,,
913,9.13,530.0377301,-12.25,0,,,
914,9.14,530.2060524,-12.25,0,,,
915,9.15,530.3744432,-12.25,0,,,
916,9.16,530.5429022,-12.25,0,,,
917,9.17,530.7114295,-12.25,0,,,
918,9.18,530.8800251,-12.25,0,,,
919,9.19,531.0486888,-12.25,0,,,
920,9.2,531.2174206,-12.25,0,,,
921,9.21,531.3862205,-12.25,0,,,
922,9.22,531.5550882,-12.25,0,,,
923,9.23,531.7240237,-12.25,0,,,
924,9.24,531.8930268,-12.25,0,,,
925,9.25,532.0620975,-12.25,0,,,
926,9.26,532.2312355,-12.25,0,,,
927,9.27,532.4004408,-12.25,0,,,
928,9.28,532.5697131,-12.25,0,,,
929,9.29,532.7390525,-12.25,0,,,
930,9.3,532.9084586,-12.25,0,,,
931,9.31,533.0779315,-12.25,0,,,
932,9.32,533.2474709,-12.25,0,,,
933,9.33,533.4170768,-12.25,0,,,
934,9.34,533.586749,-12.25,0,,,
935,9.35,533.7564874,-12.25,0,,,
936,9.36,533.9262919,-12.25,0,,,
937,9.37,534.0961625,-12.25,0,,,
938,9.38,534.2660989,-12.25,0,,,
939,9.39,534.4361012,-12.25,0,,,
940,9.4,534.6061692,-12.25,0,,,
941,9.41,534.7763029,-12.25,0,,,
942,9.42,534.9465022,-12.25,0,,,
943,9.43,535.116767,-12.25,0,,,
944,9.44,535.2870972,-12.25,0,,,
945,9.45,535.4574929,-12.25,0,,,
946,9.46,535.6279539,-12.25,0,,,
947,9.47,535.7984802,-12.25,0,,,
948,9.48,535.9690718,-12.25,0,,,
949,9.49,536.1397286,-12.25,0,,,
950,9.5,536.3104507,-12.25,0,,,
951,9.51,536.4812379,-12.25,0,,,
952,9.52,536.6520903,-12.25,0,,,
953,9.53,536.8230078,-12.25,0,,,
954,9.54,536.9939905,-12.25,0,,,
955,9.55,537.1650383,-12.25,0,,,
956,9.56,537.3361512,-12.25,0,,,
957,9.57,537.5073293,-12.25,0,,,
958,9.58,537.6785725,-12.25,0,,,
959,9.59,537.8498808,-12.25,0,,,
960,9.6,538.0212542,-12.25,0,,,
961,9.61,538.1926928,-12.25,0,,,
962,9.62,538.3641966,-12.25,0,,,
963,9.63,538.5357655,-12.25,0,,,
964,9.64,538.7073995,-12.25,0,,,
965,9.65,538.8790988,-12.25,0,,,
966,9.66,539.0508633,-12.25,0,,,
967,9.67,539.222693,-12.25,0,,,
968,9.68,539.3945879,-12.25,0,,,
969,9.69,539.5665481,-12.25,0,,,
970,9.7,539.7385737,-12.25,0,,,
971,9.71,539.9106645,-12.25,0,,,
972,9.72,540.0828207,-12.25,0,,,
973,9.73,540.2550422,-12.25,0,,,
974,9.74,540.4273292,-12.25,0,,,
975,9.75,540.5996815,-12.25,0,,,
976,9.76,540.7720993,-12.25,0,,,
977,9.77,540.9445825,-12.25,0,,,
978,9.78,541.1171258,-12.25,0,,,
979,9.79,541.2897009,-12.25,0,,,
980,9.8,541.4622791,-12.25,0,,,
981,9.81,541.6348412,-12.25,0,,,
982,9.82,541.8073754,-12.25,0,,,
983,9.83,541.9798792,-12.25,0,,,
984,9.84,542.1523529,-12.25,0,,,
985,9.85,542.3247958,-12.25,0,,,
986,9.86,542.4972072,-12.25,0,,,
987,9.87,542.6695869,-12.25,0,,,
988,9.88,542.8419352,-12.25,0,,,
989,9.89,543.0142533,-12.25,0,,,
990,9.9,543.1865425,-12.25,0,,,
991,9.91,543.3588042,-12.25,0,,,
992,9.92,543.5310401,-12.25,0,,,
993,9.93,543.7032514,-12.25,0,,,
994,9.94,543.8754393,-12.25,0,,,
995,9.95,544.047605,-12.25,0,,,
996,9.96,544.2197494,-12.25,0,,,
997,9.97,544.3918735,-12.25,0,,,
998,9.98,544.5639781,-12.25,0,,,
999,9.99,544.736064,-12.25,0,,,
1000,10,544.908132,-12.25,0,,,
1001,10.01,545.0801826,-12.25,0,,,
1002,10.02,545.2522162,-12.25,0,,,
1003,10.03,545.4242266,-12.25,0,,,
1004,10.04,545.5961995,-12.25,0,,,
1005,10.05,545.76812,-12.25,0,,,
1006,10.06,545.9399733,-12.25,0,,,
1007,10.07,546.111745,-12.25,0,,,
1008,10.08,546.2834202,-12.25,0,,,
1009,10.09,546.4549839,-12.25,0,,,
1010,10.1,546.626421,-12.25,0,,,
1011,10.11,546.7977162,-12.25,0,,,
1012,10.12,546.9688549,-12.25,0,,,
1013,10.13,547.1398284,-12.25,0,,,
1014,10.14,547.3106367,-12.25,0,,,
1015,10.15,547.4812806,-12.25,0,,,
1016,10.16,547.6517613,-12.25,0,,,
1017,10.17,547.8220913,-12.25,0,,,
1018,10.18,547.9923251,-12.25,0,,,
1019,10.19,548.1625162,-12.25,0,,,
1020,10.2,548.3327012,-12.25,0,,,
1021,10.21,548.5028993,-12.25,0,,,
1022,10.22,548.6731162,-12.25,0,,,
1023,10.23,548.84335,-12.25,0,,,
1024,10.24,549.0135959,-12.25,0,,,
1025,10.25,549.1838486,-12.25,0,,,
1026,10.26,549.3541035,-12.25,0,,,
1027,10.27,549.5243567,-12.25,0,,,
1028,10.28,549.6946048,-12.25,0,,,
1029,10.29,549.864845,-12.25,0,,,
1030,10.3,550.0350749,-12.25,0,,,
1031,10.31,550.2052923,-12.25,0,,,
1032,10.32,550.3754956,-12.25,0,,,
1033,10.33,550.5456834,-12.25,0,,,
1034,10.34,550.7158543,-12.25,0,,,
1035,10.35,550.8860072,-12.25,0,,,
1036,10.36,551.056141,-12.25,0,,,
1037,10.37,551.2262543,-12.25,0,,,
1038,10.38,551.3963459,-12.25,0,,,
1039,10.39,551.5664146,-12.25,0,,,
1040,10.4,551.7364591,-12.25,0,,,
1041,10.41,551.9064783,-12.25,0,,,
1042,10.42,552.0764712,-12.25,0,,,
1043,10.43,552.2464369,-12.25,0,,,
1044,10.44,552.4163746,-12.25,0,,,
1045,10.45,552.5862836,-12.25,0,,,
1046,10.46,552.7561632,-12.25,0,,,
1047,10.47,552.926013,-12.25,0,,,
1048,10.48,553.0958326,-12.25,0,,,
1049,10.49,553.2656216,-12.25,0,,,
1050,10.5,553.4353798,-12.25,0,,,
1051,10.51,553.605107,-12.25,0,,,
1052,10.52,553.774803,-12.25,0,,,
1053,10.53,553.9444679,-12.25,0,,,
1054,10.54,554.1141017,-12.25,0,,,
1055,10.55,554.2837045,-12.25,0,,,
1056,10.56,554.4532763,-12.25,0,,,
1057,10.57,554.6228175,-12.25,0,,,
1058,10.58,554.7923282,-12.25,0,,,
1059,10.59,554.9618087,-12.25,0,,,
1060,10.6,555.1312594,-12.25,0,,,
1061,10.61,555.3006804,-12.25,0,,,
1062,10.62,555.4700723,-12.25,0,,,
1063,10.63,555.6394354,-12.25,0,,,
1064,10.64,555.8087701,-12.25,0,,,
1065,10.65,555.9780769,-12.25,0,,,
1066,10.66,556.1473562,-12.25,0,,,
1067,10.67,556.3166085,-12.25,0,,,
1068,10.68,556.4858343,-12.25,0,,,
1069,10.69,556.655034,-12.25,0,,,
1070,10.7,556.8242081,-12.25,0,,,
1071,10.71,556.9933571,-12.25,0,,,
1072,10.72,557.1624813,-12.25,0,,,
1073,10.73,557.3315813,-12.25,0,,,
1074,10.74,557.5006574,-12.25,0,,,
1075,10.75,557.66971,-12.25,0,,,
1076,10.76,557.8387394,-12.25,0,,,
1077,10.77,558.0077459,-12.25,0,,,
1078,10.78,558.17673,-12.25,0,,,
1079,10.79,558.3456917,-12.25,0,,,
1080,10.8,558.5146314,-12.25,0,,,
1081,10.81,558.6835493,-12.25,0,,,
1082,10.82,558.8524455,-12.25,0,,,
1083,10.83,559.0213203,-12.25,0,,,
1084,10.84,559.1901737,-12.25,0,,,
1085,10.85,559.3590059,-12.25,0,,,
1086,10.86,559.527817,-12.25,0,,,
1087,10.87,559.696607,-12.25,0,,,
1088,10.88,559.865376,-12.25,0,,,
1089,10.89,560.034124,-12.25,0,,,
1090,10.9,560.202851,-12.25,0,,,
1091,10.91,560.371557,-12.25,0,,,
1092,10.92,560.540242,-12.25,0,,,
1093,10.93,560.7089059,-12.25,0,,,
1094,10.94,560.8775486,-12.25,0,,,
1095,10.95,561.0461702,-12.25,0,,,
1096,10.96,561.2147705,-12.25,0,,,
1097,10.97,561.3833494,-12.25,0,,,
1098,10.98,561.5519068,-12.25,0,,,
1099,10.99,561.7204427,-12.25,0,,,
1100,11,561.8889569,-12.25,0,,,
1101,11.01,562.0574493,-12.25,0,,,
1102,11.02,562.2259198,-12.25,0,,,
1103,11.03,562.3943683,-12.25,0,,,
1104,11.04,562.5627948,-12.25,0,,,
1105,11.05,562.731199,-12.25,0,,,
1106,11.06,562.899581,-12.25,0,,,
1107,11.07,563.0679406,-12.25,0,,,
1108,11.08,563.2362777,-12.25,0,,,
1109,11.09,563.4045922,-12.25,0,,,
1110,11.1,563.572884,-12.25,0,,,
1111,11.11,563.741153,-12.25,0,,,
1112,11.12,563.9093992,-12.25,0,,,
1113,11.13,564.0776225,-12.25,0,,,
1114,11.14,564.2458227,-12.25,0,,,
1115,11.15,564.4139998,-12.25,0,,,
1116,11.16,564.5821537,-12.25,0,,,
1117,11.17,564.7502844,-12.25,0,,,
1118,11.18,564.9183916,-12.25,0,,,
1119,11.19,565.0864755,-12.25,0,,,
1120,11.2,565.2545358,-12.25,0,,,
1121,11.21,565.4225726,-12.25,0,,,
1122,11.22,565.5905859,-12.25,0,,,
1123,11.23,565.7585755,-12.25,0,,,
1124,11.24,565.9265414,-12.25,0,,,
1125,11.25,566.0944836,-12.25,0,,,
1126,11.26,566.262402,-12.25,0,,,
1127,11.27,566.4302967,-12.25,0,,,
1128,11.28,566.5981676,-12.25,0,,,
1129,11.29,566.7660147,-12.25,0,,,
1130,11.3,566.9338381,-12.25,0,,,
1131,11.31,567.1016377,-12.25,0,,,
1132,11.32,567.2694134,-12.25,0,,,
1133,11.33,567.4371655,-12.25,0,,,
1134,11.34,567.6048938,-12.25,0,,,
1135,11.35,567.7725984,-12.25,0,,,
1136,11.36,567.9402793,-12.25,0,,,
1137,11.37,568.1079366,-12.25,0,,,
1138,11.38,568.2755703,-12.25,0,,,
1139,11.39,568.4431805,-12.25,0,,,
1140,11.4,568.6107672,-12.25,0,,,
1141,11.41,568.7783304,-12.25,0,,,
1142,11.42,568.9458704,-12.25,0,,,
1143,11.43,569.113387,-12.25,0,,,
1144,11.44,569.2808805,-12.25,0,,,
1145,11.45,569.4483508,-12.25,0,,,
1146,11.46,569.615798,-12.25,0,,,
1147,11.47,569.7832223,-12.25,0,,,
1148,11.48,569.9506236,-12.25,0,,,
1149,11.49,570.1180021,-12.25,0,,,
1150,11.5,570.2853579,-12.25,0,,,
1151,11.51,570.452691,-12.25,0,,,
1152,11.52,570.6200014,-12.25,0,,,
1153,11.53,570.7872893,-12.25,0,,,
1154,11.54,570.9545547,-12.25,0,,,
1155,11.55,571.1217977,-12.25,0,,,
1156,11.56,571.2890182,-12.25,0,,,
1157,11.57,571.4562165,-12.25,0,,,
1158,11.58,571.6233925,-12.25,0,,,
1159,11.59,571.7905462,-12.25,0,,,
1160,11.6,571.9576778,-12.25,0,,,
1161,11.61,572.1247872,-12.25,0,,,
1162,11.62,572.2918745,-12.25,0,,,
1163,11.63,572.4589397,-12.25,0,,,
1164,11.64,572.6259829,-12.25,0,,,
1165,11.65,572.7930041,-12.25,0,,,
1166,11.66,572.9600033,-12.25,0,,,
1167,11.67,573.1269805,-12.25,0,,,
1168,11.68,573.2939358,-12.25,0,,,
1169,11.69,573.4608692,-12.25,0,,,
1170,11.7,573.6277806,-12.25,0,,,
1171,11.71,573.7946702,-12.25,0,,,
1172,11.72,573.9615378,-12.25,0,,,
1173,11.73,574.1283836,-12.25,0,,,
1174,11.74,574.2952076,-12.25,0,,,
1175,11.75,574.4620096,-12.25,0,,,
1176,11.76,574.6287899,-12.25,0,,,
1177,11.77,574.7955482,-12.25,0,,,
1178,11.78,574.9622848,-12.25,0,,,
1179,11.79,575.1289995,-12.25,0,,,
1180,11.8,575.2956924,-12.25,0,,,
1181,11.81,575.4623635,-12.25,0,,,
1182,11.82,575.6290128,-12.25,0,,,
1183,11.83,575.7956403,-12.25,0,,,
1184,11.84,575.962246,-12.25,0,,,
1185,11.85,576.1288299,-12.25,0,,,
1186,11.86,576.295392,-12.25,0,,,
1187,11.87,576.4619324,-12.25,0,,,
1188,11.88,576.628451,-12.25,0,,,
1189,11.89,576.7949478,-12.25,0,,,
1190,11.9,576.9614229,-12.25,0,,,
1191,11.91,577.1278762,-12.25,0,,,
1192,11.92,577.2943078,-12.25,0,,,
1193,11.93,577.4607177,-12.25,0,,,
1194,11.94,577.6271058,-12.25,0,,,
1195,11.95,577.7934722,-12.25,0,,,
1196,11.96,577.9598169,-12.25,0,,,
1197,11.97,578.1261399,-12.25,0,,,
1198,11.98,578.2924413,-12.25,0,,,
1199,11.99,578.4587209,-12.25,0,,,
1200,12,578.6249789,-12.25,0,,,
1201,12.01,578.7912153,-12.25,0,,,
1202,12.02,578.9574301,-12.25,0,,,
1203,12.03,579.1236232,-12.25,0,,,
1204,12.04,579.2897948,-12.25,0,,,
1205,12.05,579.4559449,-12.25,0,,,
1206,12.06,579.6220734,-12.25,0,,,
1207,12.07,579.7881804,-12.25,0,,,
1208,12.08,579.9542659,-12.25,0,,,
1209,12.09,580.1203299,-12.25,0,,,
1210,12.1,580.2863726,-12.25,0,,,
1211,12.11,580.4523938,-12.25,0,,,
1212,12.12,580.6183937,-12.25,0,,,
1213,12.13,580.7843722,-12.25,0,,,
1214,12.14,580.9503295,-12.25,0,,,
1215,12.15,581.1162654,-12.25,0,,,
1216,12.16,581.2821802,-12.25,0,,,
1217,12.17,581.4480738,-12.25,0,,,
1218,12.18,581.6139462,-12.25,0,,,
1219,12.19,581.7797975,-12.25,0,,,
1220,12.2,581.9456278,-12.25,0,,,
1221,12.21,582.111437,-12.25,0,,,
1222,12.22,582.2772253,-12.25,0,,,
1223,12.23,582.4429925,-12.25,0,,,
1224,12.24,582.6087389,-12.25,0,,,
1225,12.25,582.7744645,-12.25,0,,,
1226,12.26,582.9401692,-12.25,0,,,
1227,12.27,583.1058531,-12.25,0,,,
1228,12.28,583.2715163,-12.25,0,,,
1229,12.29,583.4371588,-12.25,0,,,
1230,12.3,583.6027806,-12.25,0,,,
1231,12.31,583.7683818,-12.25,0,,,
1232,12.32,583.9339625,-12.25,0,,,
1233,12.33,584.0995226,-12.25,0,,,
1234,12.34,584.2650622,-12.25,0,,,
1235,12.35,584.4305814,-12.25,0,,,
1236,12.36,584.5960801,-12.25,0,,,
1237,12.37,584.7615584,-12.25,0,,,
1238,12.38,584.9270164,-12.25,0,,,
1239,12.39,585.0924541,-12.25,0,,,
1240,12.4,585.2578715,-12.25,0,,,
1241,12.41,585.4232687,-12.25,0,,,
1242,12.42,585.5886456,-12.25,0,,,
1243,12.43,585.7540024,-12.25,0,,,
1244,12.44,585.9193391,-12.25,0,,,
1245,12.45,586.0846556,-12.25,0,,,
1246,12.46,586.2499521,-12.25,0,,,
1247,12.47,586.4152285,-12.25,0,,,
1248,12.48,586.5804849,-12.25,0,,,
1249,12.49,586.7457214,-12.25,0,,,
1250,12.5,586.9109379,-12.25,0,,,
1251,12.51,587.0761346,-12.25,0,,,
1252,12.52,587.2413113,-12.25,0,,,
1253,12.53,587.4064683,-12.25,0,,,
1254,12.54,587.5716054,-12.25,0,,,
1255,12.55,587.7367227,-12.25,0,,,
1256,12.56,587.9018203,-12.25,0,,,
1257,12.57,588.0668982,-12.25,0,,,
1258,12.58,588.2319564,-12.25,0,,,
1259,12.59,588.396995,-12.25,0,,,
1260,12.6,588.562014,-12.25,0,,,
1261,12.61,588.7270133,-12.25,0,,,
1262,12.62,588.8919931,-12.25,0,,,
1263,12.63,589.0569534,-12.25,0,,,
1264,12.64,589.2218942,-12.25,0,,,
1265,12.65,589.3868156,-12.25,0,,,
1266,12.66,589.5517175,-12.25,0,,,
1267,12.67,589.7166,-12.25,0,,,
1268,12.68,589.8814631,-12.25,0,,,
1269,12.69,590.0463069,-12.25,0,,,
1270,12.7,590.2111314,-12.25,0,,,
1271,12.71,590.3759367,-12.25,0,,,
1272,12.72,590.5407227,-12.25,0,,,
1273,12.73,590.7054895,-12.25,0,,,
1274,12.74,590.8702371,-12.25,0,,,
1275,12.75,591.0349656,-12.25,0,,,
1276,12.76,591.1996749,-12.25,0,,,
1277,12.77,591.3643653,-12.25,0,,,
1278,12.78,591.5290366,-12.25,0,,,
1279,12.79,591.6936888,-12.25,0,,,
1280,12.8,591.8583222,-12.25,0,,,
1281,12.81,592.0229366,-12.25,0,,,
1282,12.82,592.1875321,-12.25,0,,,
1283,12.83,592.3521088,-12.25,0,,,
1284,12.84,592.5166667,-12.25,0,,,
1285,12.85,592.6812059,-12.25,0,,,
1286,12.86,592.8457263,-12.25,0,,,
1287,12.87,593.010228,-12.25,0,,,
1288,12.88,593.1747111,-12.25,0,,,
1289,12.89,593.3391755,-12.25,0,,,
1290,12.9,593.5036214,-12.25,0,,,
1291,12.91,593.6680488,-12.25,0,,,
1292,12.92,593.8324577,-12.25,0,,,
1293,12.93,593.9968482,-12.25,0,,,
1294,12.94,594.1612203,-12.25,0,,,
1295,12.95,594.325574,-12.25,0,,,
1296,12.96,594.4899095,-12.25,0,,,
1297,12.97,594.6542266,-12.25,0,,,
1298,12.98,594.8185256,-12.25,0,,,
1299,12.99,594.9828064,-12.25,0,,,
1300,13,595.1470691,-12.25,0,,,
1301,13.01,595.3113137,-12.25,0,,,
1302,13.02,595.4755403,-12.25,0,,,
1303,13.03,595.639749,-12.25,0,,,
1304,13.04,595.8039397,-12.25,0,,,
1305,13.05,595.9681126,-12.25,0,,,
1306,13.06,596.1322676,-12.25,0,,,
1307,13.07,596.2964049,-12.25,0,,,
1308,13.08,596.4605244,-12.25,0,,,
1309,13.09,596.6246263,-12.25,0,,,
1310,13.1,596.7887106,-12.25,0,,,
1311,13.11,596.9527772,-12.25,0,,,
1312,13.12,597.1168264,-12.25,0,,,
1313,13.13,597.280858,-12.25,0,,,
1314,13.14,597.4448723,-12.25,0,,,
1315,13.15,597.6088691,-12.25,0,,,
1316,13.16,597.7728486,-12.25,0,,,
1317,13.17,597.9368107,-12.25,0,,,
1318,13.18,598.1007557,-12.25,0,,,
1319,13.19,598.2646833,-12.25,0,,,
1320,13.2,598.4285938,-12.25,0,,,
1321,13.21,598.5924872,-12.25,0,,,
1322,13.22,598.7563634,-12.25,0,,,
1323,13.23,598.9202226,-12.25,0,,,
1324,13.24,599.0840647,-12.25,0,,,
1325,13.25,599.2478897,-12.25,0,,,
1326,13.26,599.4116978,-12.25,0,,,
1327,13.27,599.5754889,-12.25,0,,,
1328,13.28,599.7392631,-12.25,0,,,
1329,13.29,599.9030204,-12.25,0,,,
1330,13.3,600.0667608,-12.25,0,,,
1331,13.31,600.2304844,-12.25,0,,,
1332,13.32,600.394191,-12.25,0,,,
1333,13.33,600.5578808,-12.25,0,,,
1334,13.34,600.7215537,-12.25,0,,,
1335,13.35,600.8852098,-12.25,0,,,
1336,13.36,601.0488489,-12.25,0,,,
1337,13.37,601.2124712,-12.25,0,,,
1338,13.38,601.3760766,-12.25,0,,,
1339,13.39,601.5396651,-12.25,0,,,
1340,13.4,601.7032366,-12.25,0,,,
1341,13.41,601.8667911,-12.25,0,,,
1342,13.42,602.0303286,-12.25,0,,,
1343,13.43,602.1938489,-12.25,0,,,
1344,13.44,602.3573521,-12.25,0,,,
1345,13.45,602.520838,-12.25,0,,,
1346,13.46,602.6843066,-12.25,0,,,
1347,13.47,602.8477578,-12.25,0,,,
1348,13.48,603.0111915,-12.25,0,,,
1349,13.49,603.1746075,-12.25,0,,,
1350,13.5,603.3380058,-12.25,0,,,
1351,13.51,603.5013861,-12.25,0,,,
1352,13.52,603.6647485,-12.25,0,,,
1353,13.53,603.8280926,-12.25,0,,,
1354,13.54,603.9914184,-12.25,0,,,
1355,13.55,604.1547258,-12.25,0,,,
1356,13.56,604.3180145,-12.25,0,,,
1357,13.57,604.4812845,-12.25,0,,,
1358,13.58,604.6445353,-12.25,0,,,
1359,13.59,604.807767,-12.25,0,,,
1360,13.6,604.9709791,-12.25,0,,,
1361,13.61,605.1341716,-12.25,0,,,
1362,13.62,605.297344,-12.25,0,,,
1363,13.63,605.4604962,-12.25,0,,,
1364,13.64,605.623628,-12.25,0,,,
1365,13.65,605.7867389,-12.25,0,,,
1366,13.66,605.9498288,-12.25,0,,,
1367,13.67,606.1128973,-12.25,0,,,
1368,13.68,606.275944,-12.25,0,,,
1369,13.69,606.4389687,-12.25,0,,,
1370,13.7,606.6019708,-12.25,0,,,
1371,13.71,606.7649502,-12.25,0,,,
1372,13.72,606.9279063,-12.25,0,,,
1373,13.73,607.0908387,-12.25,0,,,
1374,13.74,607.2537471,-12.25,0,,,
1375,13.75,607.4166309,-12.25,0,,,
1376,13.76,607.5794897,-12.25,0,,,
1377,13.77,607.7423231,-12.25,0,,,
1378,13.78,607.9051306,-12.25,0,,,
1379,13.79,608.0679118,-12.25,0,,,
1380,13.8,608.2306662,-12.25,0,,,
1381,13.81,608.3933931,-12.25,0,,,
1382,13.82,608.5560921,-12.25,0,,,
1383,13.83,608.7187627,-12.25,0,,,
1384,13.84,608.8814043,-12.25,0,,,
1385,13.85,609.0440162,-12.25,0,,,
1386,13.86,609.2065979,-12.25,0,,,
1387,13.87,609.3691489,-12.25,0,,,
1388,13.88,609.5316683,-12.25,0,,,
1389,13.89,609.6941557,-12.25,0,,,
1390,13.9,609.8566103,-12.25,0,,,
1391,13.91,610.0190314,-12.25,0,,,
1392,13.92,610.1814184,-12.25,0,,,
1393,13.93,610.3437706,-12.25,0,,,
1394,13.94,610.5060873,-12.25,0,,,
1395,13.95,610.6683678,-12.25,0,,,
1396,13.96,610.8306113,-12.25,0,,,
1397,13.97,610.9928172,-12.25,0,,,
1398,13.98,611.1549848,-12.25,0,,,
1399,13.99,611.3171132,-12.25,0,,,
1400,14,611.4792017,-12.25,0,,,
1401,14.01,611.6412495,-12.25,0,,,
1402,14.02,611.8032559,-12.25003145,0,,,
1403,14.03,611.9652201,-12.25063586,0,,,
1404,14.04,612.1271413,-12.25200461,0,,,
1405,14.05,612.2890187,-12.25413171,0,,,
1406,14.06,612.4508516,-12.25701113,0,,,
1407,14.07,612.6126389,-12.26063683,0,,,
1408,14.08,612.7743801,-12.26500277,0,,,
1409,14.09,612.9360742,-12.27010293,0,,,
1410,14.1,613.0977203,-12.27593125,0,,,
1411,14.11,613.2593178,-12.28248169,0,,,
1412,14.12,613.4208658,-12.28974817,0,,,
1413,14.13,613.5823634,-12.29772465,0,,,
1414,14.14,613.7438099,-12.30640506,0,,,
1415,14.15,613.9052043,-12.31578332,0,,,
1416,14.16,614.066546,-12.32585337,0,,,
1417,14.17,614.2278341,-12.33660913,0,,,
1418,14.18,614.3890677,-12.34804453,0,,,
1419,14.19,614.5502461,-12.36015347,0,,,
1420,14.2,614.7113685,-12.37292988,0,,,
1421,14.21,614.8724341,-12.38636768,0,,,
1422,14.22,615.0334421,-12.40046078,0,,,
1423,14.23,615.1943917,-12.41520309,0,,,
1424,14.24,615.3552821,-12.43058853,0,,,
1425,14.25,615.5161127,-12.44661101,0,,,
1426,14.26,615.6768825,-12.46326444,0,,,
1427,14.27,615.8375908,-12.48054274,0,,,
1428,14.28,615.9982369,-12.49843982,0,,,
1429,14.29,616.15882,-12.5169496,0,,,
1430,14.3,616.3193393,-12.53606599,0,,,
1431,14.31,616.4797941,-12.55578291,0,,,
1432,14.32,616.6401836,-12.57609428,0,,,
1433,14.33,616.8005071,-12.59699403,0,,,
1434,14.34,616.9607639,-12.61847609,0,,,
1435,14.35,617.1209534,-12.64053439,0,,,
1436,14.36,617.2810748,-12.66316287,0,,,
1437,14.37,617.4411274,-12.6863555,0,,,
1438,14.38,617.6011107,-12.71010621,0,,,
1439,14.39,617.7610241,-12.73440897,0,,,
1440,14.4,617.9208669,-12.75925777,0,,,
1441,14.41,618.0806386,-12.78464657,0,,,
1442,14.42,618.2403386,-12.81056937,0,,,
1443,14.43,618.3999664,-12.83702017,0,,,
1444,14.44,618.5595215,-12.86399299,0,,,
1445,14.45,618.7190033,-12.89148184,0,,,
1446,14.46,618.8784115,-12.91948075,0,,,
1447,14.47,619.0377455,-12.94798379,0,,,
1448,14.48,619.197005,-12.976985,0,,,
1449,14.49,619.3561895,-13.00647846,0,,,
1450,14.5,619.5152986,-13.03645825,0,,,
1451,14.51,619.6743319,-13.06691846,0,,,
1452,14.52,619.8332891,-13.09785322,0,,,
1453,14.53,619.9921698,-13.12925663,0,,,
1454,14.54,620.1509737,-13.16112285,0,,,
1455,14.55,620.3097005,-13.19344603,0,,,
1456,14.56,620.46835,-13.22622034,0,,,
1457,14.57,620.6269217,-13.25943997,0,,,
1458,14.58,620.7854156,-13.29309913,0,,,
1459,14.59,620.9438314,-13.32719204,0,,,
1460,14.6,621.102169,-13.36171295,0,,,
1461,14.61,621.2604281,-13.39665611,0,,,
1462,14.62,621.4186087,-13.43201581,0,,,
1463,14.63,621.5767106,-13.46778635,0,,,
1464,14.64,621.7347338,-13.50396206,0,,,
1465,14.65,621.8926782,-13.54053728,0,,,
1466,14.66,622.0505439,-13.57750636,0,,,
1467,14.67,622.2083307,-13.6148637,0,,,
1468,14.68,622.3660388,-13.65260369,0,,,
1469,14.69,622.5236681,-13.69072075,0,,,
1470,14.7,622.6812186,-13.72920934,0,,,
1471,14.71,622.8386906,-13.76806391,0,,,
1472,14.72,622.996084,-13.80727896,0,,,
1473,14.73,623.153399,-13.84684898,0,,,
1474,14.74,623.3106358,-13.88676852,0,,,
1475,14.75,623.4677945,-13.92703213,0,,,
1476,14.76,623.6248754,-13.96763439,0,,,
1477,14.77,623.7818786,-14.0085699,0,,,
1478,14.78,623.9388043,-14.04983327,0,,,
1479,14.79,624.095653,-14.09141917,0,,,
1480,14.8,624.2524248,-14.13332225,0,,,
1481,14.81,624.4091201,-14.17553721,0,,,
1482,14.82,624.5657392,-14.21805877,0,,,
1483,14.83,624.7222825,-14.26088168,0,,,
1484,14.84,624.8787504,-14.3040007,0,,,
1485,14.85,625.0351433,-14.34741062,0,,,
1486,14.86,625.1914616,-14.39110627,0,,,
1487,14.87,625.347706,-14.43508249,0,,,
1488,14.88,625.5038768,-14.47933414,0,,,
1489,14.89,625.6599746,-14.52385614,0,,,
1490,14.9,625.816,-14.56864339,0,,,
1491,14.91,625.9719535,-14.61369086,0,,,
1492,14.92,626.127836,-14.65899352,0,,,
1493,14.93,626.2836479,-14.70454639,0,,,
1494,14.94,626.4393901,-14.75034449,0,,,
1495,14.95,626.5950631,-14.79638287,0,,,
1496,14.96,626.7506678,-14.84265661,0,,,
1497,14.97,626.9062049,-14.88916082,0,,,
1498,14.98,627.0616752,-14.93589063,0,,,
1499,14.99,627.2170796,-14.98284119,0,,,
1500,15,627.3724188,-15.03000768,0,,,
1501,15.01,627.5276937,-15.07738532,0,,,
1502,15.02,627.6829053,-15.12496934,0,,,
1503,15.03,627.8380545,-15.17275501,0,,,
1504,15.04,627.9931422,-15.22073761,0,,,
1505,15.05,628.1481696,-15.26891247,0,,,
1506,15.06,628.3031376,-15.31727492,0,,,
1507,15.07,628.4580472,-15.36582033,0,,,
1508,15.08,628.6128995,-15.41454406,0,,,
1509,15.09,628.7676956,-15.46344151,0,,,
1510,15.1,628.9224364,-15.5125081,0,,,
1511,15.11,629.0771232,-15.56173927,0,,,
1512,15.12,629.2317569,-15.61113046,0,,,
1513,15.13,629.3863387,-15.66067717,0,,,
1514,15.14,629.5408697,-15.7103749,0,,,
1515,15.15,629.6953513,-15.76021918,0,,,
1516,15.16,629.8497845,-15.81020556,0,,,
1517,15.17,630.0041707,-15.86032962,0,,,
1518,15.18,630.158511,-15.91058695,0,,,
1519,15.19,630.3128068,-15.96097318,0,,,
1520,15.2,630.4670595,-16.01148395,0,,,
1521,15.21,630.6212702,-16.0621149,0,,,
1522,15.22,630.7754405,-16.11286172,0,,,
1523,15.23,630.9295716,-16.16372008,0,,,
1524,15.24,631.0836648,-16.21468568,0,,,
1525,15.25,631.2377216,-16.26575423,0,,,
1526,15.26,631.3917433,-16.31692148,0,,,
1527,15.27,631.5457313,-16.36818318,0,,,
1528,15.28,631.6996871,-16.41953508,0,,,
1529,15.29,631.8536122,-16.47097298,0,,,
1530,15.3,632.0075079,-16.52249265,0,,,
1531,15.31,632.1613756,-16.57408989,0,,,
1532,15.32,632.3152168,-16.62576049,0,,,
1533,15.33,632.469033,-16.67750027,0,,,
1534,15.34,632.6228257,-16.72930511,0,,,
1535,15.35,632.7765964,-16.78117087,0,,,
1536,15.36,632.9303469,-16.83309344,0,,,
1537,15.37,633.0840787,-16.88506874,0,,,
1538,15.38,633.2377935,-16.93709271,0,,,
1539,15.39,633.391493,-16.98916126,0,,,
1540,15.4,633.5451789,-17.04127033,0,,,
1541,15.41,633.6988527,-17.09341584,0,,,
1542,15.42,633.8525161,-17.1455937,0,,,
1543,15.43,634.0061707,-17.19779985,0,,,
1544,15.44,634.1598181,-17.25003022,0,,,
1545,15.45,634.3134598,-17.30228072,0,,,
1546,15.46,634.4670975,-17.35454729,0,,,
1547,15.47,634.6207328,-17.40682587,0,,,
1548,15.48,634.7743672,-17.45911239,0,,,
1549,15.49,634.9280025,-17.51140279,0,,,
1550,15.5,635.0816402,-17.56369301,0,,,
1551,15.51,635.2352819,-17.61597898,0,,,
1552,15.52,635.3889293,-17.66825665,0,,,
1553,15.53,635.542584,-17.72052197,0,,,
1554,15.54,635.6962477,-17.77277086,0,,,
1555,15.55,635.8499218,-17.82499925,0,,,
1556,15.56,636.003608,-17.87720307,0,,,
1557,15.57,636.157308,-17.92937823,0,,,
1558,15.58,636.3110234,-17.98152067,0,,,
1559,15.59,636.4647556,-18.03362628,0,,,
1560,15.6,636.6185064,-18.08569096,0,,,
1561,15.61,636.7722772,-18.13771061,0,,,
1562,15.62,636.9260696,-18.1896811,0,,,
1563,15.63,637.0798852,-18.2415983,0,,,
1564,15.64,637.2337255,-18.29345809,0,,,
1565,15.65,637.3875921,-18.34525632,0,,,
1566,15.66,637.5414865,-18.39698884,0,,,
1567,15.67,637.6954103,-18.44865151,0,,,
1568,15.68,637.8493651,-18.50024017,0,,,
1569,15.69,638.0033524,-18.55175066,0,,,
1570,15.7,638.1573738,-18.60317878,0,,,
1571,15.71,638.3114308,-18.65452032,0,,,
1572,15.72,638.4655249,-18.70577108,0,,,
1573,15.73,638.6196577,-18.75692683,0,,,
1574,15.74,638.7738306,-18.80798335,0,,,
1575,15.75,638.9280453,-18.85893638,0,,,
1576,15.76,639.0823031,-18.90978166,0,,,
1577,15.77,639.2366057,-18.9605149,0,,,
1578,15.78,639.3909543,-19.01113179,0,,,
1579,15.79,639.5453506,-19.06162801,0,,,
1580,15.8,639.6997958,-19.11199922,0,,,
1581,15.81,639.8542915,-19.16224105,0,,,
1582,15.82,640.0088389,-19.2123491,0,,,
1583,15.83,640.1634394,-19.26231897,0,,,
1584,15.84,640.3180944,-19.31214622,0,,,
1585,15.85,640.4728051,-19.36182641,0,,,
1586,15.86,640.627573,-19.41135506,0,,,
1587,15.87,640.7823993,-19.46072771,0,,,
1588,15.88,640.9372854,-19.50993983,0,,,
1589,15.89,641.0922325,-19.55898693,0,,,
1590,15.9,641.247242,-19.60786444,0,,,
1591,15.91,641.4023151,-19.65656779,0,,,
1592,15.92,641.557453,-19.70509239,0,,,
1593,15.93,641.712657,-19.7534336,0,,,
1594,15.94,641.8679281,-19.80158677,0,,,
1595,15.95,642.0232675,-19.84954719,0,,,
1596,15.96,642.1786762,-19.89731013,0,,,
1597,15.97,642.3341553,-19.94487083,0,,,
1598,15.98,642.4897055,-19.99222449,0,,,
1599,15.99,642.645328,-20.03936629,0,,,
1600,16,642.8010236,-20.08629137,0,,,
1601,16.01,642.9567932,-20.13299489,0,,,
1602,16.02,643.1126376,-20.17947192,0,,,
1603,16.03,643.2685578,-20.22571755,0,,,
1604,16.04,643.4245544,-20.2717268,0,,,
1605,16.05,643.5806282,-20.31749466,0,,,
1606,16.06,643.7367797,-20.36301608,0,,,
1607,16.07,643.8930096,-20.408286,0,,,
1608,16.08,644.0493184,-20.45329929,0,,,
1609,16.09,644.2057066,-20.49805082,0,,,
1610,16.1,644.3621747,-20.5425354,0,,,
1611,16.11,644.5187229,-20.58674784,0,,,
1612,16.12,644.6753518,-20.63068288,0,,,
1613,16.13,644.8320614,-20.67433525,0,,,
1614,16.14,644.9888521,-20.71769963,0,,,
1615,16.15,645.1457239,-20.76077068,0,,,
1616,16.16,645.302677,-20.80354301,0,,,
1617,16.17,645.4597114,-20.84601123,0,,,
1618,16.18,645.6168271,-20.88816991,0,,,
1619,16.19,645.7740242,-20.93001359,0,,,
1620,16.2,645.9313025,-20.97153679,0,,,
1621,16.21,646.088662,-21.01273399,0,,,
1622,16.22,646.2461025,-21.05359968,0,,,
1623,16.23,646.4036239,-21.0941283,0,,,
1624,16.24,646.561226,-21.13431428,0,,,
1625,16.25,646.7189086,-21.17415202,0,,,
1626,16.26,646.8766713,-21.21363591,0,,,
1627,16.27,647.034514,-21.25276031,0,,,
1628,16.28,647.1924363,-21.29151956,0,,,
1629,16.29,647.3504379,-21.32990796,0,,,
1630,16.3,647.5085182,-21.36791983,0,,,
1631,16.31,647.6666769,-21.40554944,0,,,
1632,16.32,647.8249136,-21.44279105,0,,,
1633,16.33,647.9832278,-21.47963891,0,,,
1634,16.34,648.1416189,-21.51608726,0,,,
1635,16.35,648.3000866,-21.55213033,0,,,
1636,16.36,648.4586301,-21.5877623,0,,,
1637,16.37,648.6172491,-21.62297737,0,,,
1638,16.38,648.7759428,-21.65776971,0,,,
1639,16.39,648.9347107,-21.69213348,0,,,
1640,16.4,649.0935521,-21.72606283,0,,,
1641,16.41,649.2524663,-21.75955189,0,,,
1642,16.42,649.4114527,-21.79259479,0,,,
1643,16.43,649.5705104,-21.82518563,0,,,
1644,16.44,649.7296389,-21.85731853,0,,,
1645,16.45,649.8888374,-21.88898759,0,,,
1646,16.46,650.0481051,-21.92018689,0,,,
1647,16.47,650.2074413,-21.95091052,0,,,
1648,16.48,650.3668451,-21.98115256,0,,,
1649,16.49,650.5263159,-22.01090708,0,,,
1650,16.5,650.6858528,-22.04016813,0,,,
1651,16.51,650.845455,-22.06892979,0,,,
1652,16.52,651.0051217,-22.09718611,0,,,
1653,16.53,651.164852,-22.12493113,0,,,
1654,16.54,651.3246451,-22.15215891,0,,,
1655,16.55,651.4845002,-22.1788635,0,,,
1656,16.56,651.6444165,-22.20503894,0,,,
1657,16.57,651.8043931,-22.23067927,0,,,
1658,16.58,651.9644291,-22.25577855,0,,,
1659,16.59,652.1245237,-22.28033082,0,,,
1660,16.6,652.2846761,-22.30433011,0,,,
1661,16.61,652.4448855,-22.32777047,0,,,
1662,16.62,652.6051509,-22.35064595,0,,,
1663,16.63,652.7654716,-22.37295059,0,,,
1664,16.64,652.9258467,-22.39467845,0,,,
1665,16.65,653.0862753,-22.41582356,0,,,
1666,16.66,653.2467567,-22.43637997,0,,,
1667,16.67,653.4072899,-22.45634175,0,,,
1668,16.68,653.5678742,-22.47570295,0,,,
1669,16.69,653.7285088,-22.49445762,0,,,
1670,16.7,653.8891927,-22.51259982,0,,,
1671,16.71,654.0499252,-22.53012362,0,,,
1672,16.72,654.2107055,-22.54702308,0,,,
1673,16.73,654.3715326,-22.56329228,0,,,
1674,16.74,654.5324059,-22.57892529,0,,,
1675,16.75,654.6933245,-22.59391618,0,,,
1676,16.76,654.8542876,-22.60825905,0,,,
1677,16.77,655.0152944,-22.62194798,0,,,
1678,16.78,655.1763443,-22.63497707,0,,,
1679,16.79,655.3374364,-22.64734041,0,,,
1680,16.8,655.4985699,-22.65903212,0,,,
1681,16.81,655.6597442,-22.67004629,0,,,
1682,16.82,655.8209585,-22.68037704,0,,,
1683,16.83,655.9822122,-22.69001849,0,,,
1684,16.84,656.1435044,-22.69896476,0,,,
1685,16.85,656.3048346,-22.70720998,0,,,
1686,16.86,656.4662019,-22.71474828,0,,,
1687,16.87,656.6276058,-22.7215738,0,,,
1688,16.88,656.7890456,-22.72768069,0,,,
1689,16.89,656.9505206,-22.73306308,0,,,
1690,16.9,657.1120302,-22.73771514,0,,,
1691,16.91,657.2735739,-22.74163101,0,,,
1692,16.92,657.4351509,-22.74480487,0,,,
1693,16.93,657.5967608,-22.74723088,0,,,
1694,16.94,657.7584029,-22.7489032,0,,,
1695,16.95,657.9200766,-22.74981603,0,,,
1696,16.96,658.0817814,-22.75,0,,,
1697,16.97,658.2435168,-22.75,0,,,
1698,16.98,658.4052823,-22.75,0,,,
1699,16.99,658.5670773,-22.75,0,,,
1700,17,658.7289014,-22.75,0,,,
1701,17.01,658.890754,-22.75,0,,,
1702,17.02,659.0526348,-22.75,0,,,
1703,17.03,659.2145433,-22.75,0,,,
1704,17.04,659.3764791,-22.75,0,,,
1705,17.05,659.5384417,-22.75,0,,,
1706,17.06,659.7004308,-22.75,0,,,
1707,17.07,659.8624459,-22.75,0,,,
1708,17.08,660.0244866,-22.75,0,,,
1709,17.09,660.1865527,-22.75,0,,,
1710,17.1,660.3486436,-22.75,0,,,
1711,17.11,660.5107591,-22.75,0,,,
1712,17.12,660.6728988,-22.75,0,,,
1713,17.13,660.8350624,-22.75,0,,,
1714,17.14,660.9972496,-22.75,0,,,
1715,17.15,661.1594601,-22.75,0,,,
1716,17.16,661.3216936,-22.75,0,,,
1717,17.17,661.4839499,-22.75,0,,,
1718,17.18,661.6462286,-22.75,0,,,
1719,17.19,661.8085295,-22.75,0,,,
1720,17.2,661.9708524,-22.75,0,,,
1721,17.21,662.133197,-22.75,0,,,
1722,17.22,662.2955631,-22.75,0,,,
1723,17.23,662.4579506,-22.75,0,,,
1724,17.24,662.6203592,-22.75,0,,,
1725,17.25,662.7827888,-22.75,0,,,
1726,17.26,662.9452392,-22.75,0,,,
1727,17.27,663.1077103,-22.75,0,,,
1728,17.28,663.2702019,-22.75,0,,,
1729,17.29,663.4327139,-22.75,0,,,
1730,17.3,663.595246,-22.75,0,,,
1731,17.31,663.7577981,-22.75,0,,,
1732,17.32,663.9203701,-22.75,0,,,
1733,17.33,664.0829619,-22.75,0,,,
1734,17.34,664.2455734,-22.75,0,,,
1735,17.35,664.4082045,-22.75,0,,,
1736,17.36,664.5708551,-22.75,0,,,
1737,17.37,664.7335252,-22.75,0,,,
1738,17.38,664.8962146,-22.75,0,,,
1739,17.39,665.0589233,-22.75,0,,,
1740,17.4,665.2216512,-22.75,0,,,
1741,17.41,665.3843982,-22.75,0,,,
1742,17.42,665.5471644,-22.75,0,,,
1743,17.43,665.7099495,-22.75,0,,,
1744,17.44,665.8727537,-22.75,0,,,
1745,17.45,666.0355767,-22.75,0,,,
1746,17.46,666.1984187,-22.75,0,,,
1747,17.47,666.3612795,-22.75,0,,,
1748,17.48,666.5241593,-22.75,0,,,
1749,17.49,666.6870579,-22.75,0,,,
1750,17.5,666.8499754,-22.75,0,,,
1751,17.51,667.0129117,-22.75,0,,,
1752,17.52,667.175867,-22.75,0,,,
1753,17.53,667.3388411,-22.75,0,,,
1754,17.54,667.5018341,-22.75,0,,,
1755,17.55,667.6648461,-22.75,0,,,
1756,17.56,667.8278769,-22.75,0,,,
1757,17.57,667.9909267,-22.75,0,,,
1758,17.58,668.1539954,-22.75,0,,,
1759,17.59,668.317083,-22.75,0,,,
1760,17.6,668.4801896,-22.75,0,,,
1761,17.61,668.6433152,-22.75,0,,,
1762,17.62,668.8064599,-22.75,0,,,
1763,17.63,668.9696236,-22.75,0,,,
1764,17.64,669.1328064,-22.75,0,,,
1765,17.65,669.2960083,-22.75,0,,,
1766,17.66,669.4592295,-22.75,0,,,
1767,17.67,669.6224699,-22.75,0,,,
1768,17.68,669.7857296,-22.75,0,,,
1769,17.69,669.9490086,-22.75,0,,,
1770,17.7,670.1123068,-22.75,0,,,
1771,17.71,670.2756244,-22.75,0,,,
1772,17.72,670.4389613,-22.75,0,,,
1773,17.73,670.6023176,-22.75,0,,,
1774,17.74,670.7656932,-22.75,0,,,
1775,17.75,670.9290881,-22.75,0,,,
1776,17.76,671.0925025,-22.75,0,,,
1777,17.77,671.2559364,-22.75,0,,,
1778,17.78,671.4193898,-22.75,0,,,
1779,17.79,671.5828627,-22.75,0,,,
1780,17.8,671.7463551,-22.75,0,,,
1781,17.81,671.9098671,-22.75,0,,,
1782,17.82,672.0733986,-22.75,0,,,
1783,17.83,672.2369497,-22.75,0,,,
1784,17.84,672.4005204,-22.75,0,,,
1785,17.85,672.5641106,-22.75,0,,,
1786,17.86,672.7277204,-22.75,0,,,
1787,17.87,672.8913498,-22.75,0,,,
1788,17.88,673.0549987,-22.75,0,,,
1789,17.89,673.2186673,-22.75,0,,,
1790,17.9,673.3823555,-22.75,0,,,
1791,17.91,673.5460632,-22.75,0,,,
1792,17.92,673.7097906,-22.75,0,,,
1793,17.93,673.8735377,-22.75,0,,,
1794,17.94,674.0373044,-22.75,0,,,
1795,17.95,674.2010908,-22.75,0,,,
1796,17.96,674.3648969,-22.75,0,,,
1797,17.97,674.5287227,-22.75,0,,,
1798,17.98,674.6925684,-22.75,0,,,
1799,17.99,674.8564339,-22.75,0,,,
1800,18,675.0203193,-22.75,0,,,
1801,18.01,675.1842246,-22.75,0,,,
1802,18.02,675.3481499,-22.75,0,,,
1803,18.03,675.5120952,-22.75,0,,,
1804,18.04,675.6760606,-22.75,0,,,
1805,18.05,675.840046,-22.75,0,,,
1806,18.06,676.0040516,-22.75,0,,,
1807,18.07,676.1680774,-22.75,0,,,
1808,18.08,676.3321234,-22.75,0,,,
1809,18.09,676.4961897,-22.75,0,,,
1810,18.1,676.6602763,-22.75,0,,,
1811,18.11,676.8243832,-22.75,0,,,
1812,18.12,676.9885105,-22.75,0,,,
1813,18.13,677.1526582,-22.75,0,,,
1814,18.14,677.3168263,-22.75,0,,,
1815,18.15,677.4810149,-22.75,0,,,
1816,18.16,677.645224,-22.75,0,,,
1817,18.17,677.8094537,-22.75,0,,,
1818,18.18,677.9737039,-22.75,0,,,
1819,18.19,678.1379747,-22.75,0,,,
1820,18.2,678.3022661,-22.75,0,,,
1821,18.21,678.4665782,-22.75,0,,,
1822,18.22,678.6309109,-22.75,0,,,
1823,18.23,678.7952644,-22.75,0,,,
1824,18.24,678.9596385,-22.75,0,,,
1825,18.25,679.1240334,-22.75,0,,,
1826,18.26,679.2884491,-22.75,0,,,
1827,18.27,679.4528855,-22.75,0,,,
1828,18.28,679.6173427,-22.75,0,,,
1829,18.29,679.7818207,-22.75,0,,,
1830,18.3,679.9463195,-22.75,0,,,
1831,18.31,680.1108391,-22.75,0,,,
1832,18.32,680.2753796,-22.75,0,,,
1833,18.33,680.4399409,-22.75,0,,,
1834,18.34,680.6045231,-22.75,0,,,
1835,18.35,680.7691262,-22.75,0,,,
1836,18.36,680.9337501,-22.75,0,,,
1837,18.37,681.0983949,-22.75,0,,,
1838,18.38,681.2630606,-22.75,0,,,
1839,18.39,681.4277472,-22.75,0,,,
1840,18.4,681.5924546,-22.75,0,,,
1841,18.41,681.7571829,-22.75,0,,,
1842,18.42,681.921932,-22.75,0,,,
1843,18.43,682.086702,-22.75,0,,,
1844,18.44,682.2514929,-22.75,0,,,
1845,18.45,682.4163046,-22.75,0,,,
1846,18.46,682.5811372,-22.75,0,,,
1847,18.47,682.7459906,-22.75,0,,,
1848,18.48,682.9108648,-22.75,0,,,
1849,18.49,683.0757598,-22.75,0,,,
1850,18.5,683.2406757,-22.75,0,,,
1851,18.51,683.4056124,-22.75,0,,,
1852,18.52,683.57057,-22.75,0,,,
1853,18.53,683.7355483,-22.75,0,,,
1854,18.54,683.9005474,-22.75,0,,,
1855,18.55,684.0655673,-22.75,0,,,
1856,18.56,684.2306081,-22.75,0,,,
1857,18.57,684.3956696,-22.75,0,,,
1858,18.58,684.5607518,-22.75,0,,,
1859,18.59,684.7258549,-22.75,0,,,
1860,18.6,684.8909787,-22.75,0,,,
1861,18.61,685.0561232,-22.75,0,,,
1862,18.62,685.2212885,-22.75,0,,,
1863,18.63,685.3864746,-22.75,0,,,
1864,18.64,685.5516814,-22.75,0,,,
1865,18.65,685.716909,-22.75,0,,,
1866,18.66,685.8821572,-22.75,0,,,
1867,18.67,686.0474262,-22.75,0,,,
1868,18.68,686.2127159,-22.75,0,,,
1869,18.69,686.3780262,-22.75,0,,,
1870,18.7,686.5433573,-22.75,0,,,
1871,18.71,686.708709,-22.75,0,,,
1872,18.72,686.8740814,-22.75,0,,,
1873,18.73,687.0394745,-22.75,0,,,
1874,18.74,687.2048882,-22.75,0,,,
1875,18.75,687.3703225,-22.75,0,,,
1876,18.76,687.5357774,-22.75,0,,,
1877,18.77,687.701253,-22.75,0,,,
1878,18.78,687.8667492,-22.75,0,,,
1879,18.79,688.0322659,-22.75,0,,,
1880,18.8,688.1978033,-22.75,0,,,
1881,18.81,688.3633611,-22.75,0,,,
1882,18.82,688.5289396,-22.75,0,,,
1883,18.83,688.6945385,-22.75,0,,,
1884,18.84,688.860158,-22.75,0,,,
1885,18.85,689.0257979,-22.75,0,,,
1886,18.86,689.1914583,-22.75,0,,,
1887,18.87,689.3571392,-22.75,0,,,
1888,18.88,689.5228405,-22.75,0,,,
1889,18.89,689.6885622,-22.75,0,,,
1890,18.9,689.8543044,-22.75,0,,,
1891,18.91,690.0200669,-22.75,0,,,
1892,18.92,690.1858497,-22.75,0,,,
1893,18.93,690.3516529,-22.75,0,,,
1894,18.94,690.5174764,-22.75,0,,,
1895,18.95,690.6833202,-22.75,0,,,
1896,18.96,690.8491842,-22.75,0,,,
1897,18.97,691.0150685,-22.75,0,,,
1898,18.98,691.180973,-22.75,0,,,
1899,18.99,691.3468976,-22.75,0,,,
1900,19,691.5128425,-22.75,0,,,
1901,19.01,691.6788074,-22.75,0,,,
1902,19.02,691.8447924,-22.75,0,,,
1903,19.03,692.0107976,-22.75,0,,,
1904,19.04,692.1768227,-22.75,0,,,
1905,19.05,692.3428678,-22.75,0,,,
1906,19.06,692.5089329,-22.75,0,,,
1907,19.07,692.675018,-22.75,0,,,
1908,19.08,692.8411229,-22.75,0,,,
1909,19.09,693.0072477,-22.75,0,,,
1910,19.1,693.1733923,-22.75,0,,,
1911,19.11,693.3395566,-22.75,0,,,
1912,19.12,693.5057408,-22.75,0,,,
1913,19.13,693.6719446,-22.75,0,,,
1914,19.14,693.8381681,-22.75,0,,,
1915,19.15,694.0044112,-22.75,0,,,
1916,19.16,694.1706738,-22.75,0,,,
1917,19.17,694.3369561,-22.75,0,,,
1918,19.18,694.5032578,-22.75,0,,,
1919,19.19,694.6695789,-22.75,0,,,
1920,19.2,694.8359194,-22.75,0,,,
1921,19.21,695.0022793,-22.75,0,,,
1922,19.22,695.1686585,-22.75,0,,,
1923,19.23,695.335057,-22.75,0,,,
1924,19.24,695.5014747,-22.75,0,,,
1925,19.25,695.6679115,-22.75,0,,,
1926,19.26,695.8343675,-22.75,0,,,
1927,19.27,696.0008425,-22.75,0,,,
1928,19.28,696.1673365,-22.75,0,,,
1929,19.29,696.3338495,-22.75,0,,,
1930,19.3,696.5003814,-22.75,0,,,
1931,19.31,696.6669322,-22.75,0,,,
1932,19.32,696.8335019,-22.75,0,,,
1933,19.33,697.0000903,-22.75,0,,,
1934,19.34,697.1666974,-22.75,0,,,
1935,19.35,697.3333232,-22.75,0,,,
1936,19.36,697.4999676,-22.75,0,,,
1937,19.37,697.6666306,-22.75,0,,,
1938,19.38,697.8333121,-22.75,0,,,
1939,19.39,698.0000121,-22.75,0,,,
1940,19.4,698.1667305,-22.75,0,,,
1941,19.41,698.3334672,-22.75,0,,,
1942,19.42,698.5029173,-22.75,0,,,
1943,19.43,698.6745236,-22.75,0,,,
1944,19.44,698.8461216,-22.75,0,,,
1945,19.45,699.0177109,-22.75,0,,,
1946,19.46,699.1892912,-22.75,0,,,
1947,19.47,699.3608621,-22.75,0,,,
1948,19.48,699.5324231,-22.75,0,,,
1949,19.49,699.703974,-22.75,0,,,
1950,19.5,699.8755143,-22.75,0,,,
,,,,,,,
,,,,,,,
,,,,,,,
,,,,,,,
,,,,,,,
,,,,,,,
,,,,,,,
,,,,,,,
